"Country","SC_1_Deaths","SC_1_DALYs","SC_1_Deaths.averted","SC_1_DALYs.averted","SC_1_Vials","SC_1_Vaccinated","SC_1_Fully.vaccinated","SC_1_Cost","SC_1_Cost.per.death.averted","SC_1_Cost.per.DALY.averted","SC_2_Deaths","SC_2_DALYs","SC_2_Deaths.averted","SC_2_DALYs.averted","SC_2_Vials","SC_2_Vaccinated","SC_2_Fully.vaccinated","SC_2_Cost","SC_2_Cost.per.death.averted","SC_2_Cost.per.DALY.averted"
"Afghanistan","7,390 (5,848-9,046)","354,662 (280,691-434,165)","9,799 (7,504-11,859)","470,289 (360,164-569,183)","538,454 (502,279-580,129)","153,501 (143,573-165,403)","115,726 (106,737-125,185)","12,130,105 (11,802,005-13,064,383)","992 (774-1,339)","51 (40-69)","3,594 (2,862-4,381)","172,506 (137,373-210,264)","13,483 (10,793-16,462)","647,129 (517,990-790,090)","462,042 (433,822-492,979)","259,256 (242,658-275,510)","205,980 (192,781-218,791)","8,664,386 (8,461,783-9,220,651)","523 (414-711)","27 (22-37)"
"Angola","16,503 (13,067-20,147)","789,910 (625,440-964,317)","9,126 (7,249-11,054)","436,785 (346,958-529,107)","291,182 (270,909-314,187)","102,326 (95,218-109,634)","43,265 (39,161-48,458)","14,993,749 (14,611,323-16,115,890)","1,302 (1,019-1,783)","67 (53-92)","8,369 (6,671-10,320)","400,596 (319,320-493,971)","17,286 (13,859-21,112)","827,355 (663,343-1,010,515)","326,053 (306,475-346,642)","227,665 (214,163-242,568)","157,364 (148,030-168,106)","21,302,019 (20,817,856-22,671,657)","949 (762-1,295)","51 (41-69)"
"Armenia","854 (678-1,069)","46,007 (36,540-57,575)","1,130 (880-1,395)","60,873 (47,413-75,141)","62,356 (58,080-66,621)","17,793 (16,568-19,014)","13,385 (12,381-14,467)","1,245,359 (1,220,206-1,329,498)","892 (697-1,221)","43 (34-59)","563 (433-693)","30,301 (23,316-37,332)","1,424 (1,109-1,750)","76,720 (59,736-94,241)","46,319 (43,379-49,146)","26,391 (24,835-28,013)","20,712 (19,503-21,998)","959,664 (942,980-1,012,013)","569 (447-765)","28 (22-38)"
"Azerbaijan","3,068 (2,390-3,818)","160,069 (124,687-199,174)","4,071 (3,190-5,029)","212,371 (166,416-262,366)","259,132 (240,867-276,766)","73,953 (68,917-78,583)","55,613 (51,346-60,006)","6,221,513 (6,062,032-6,613,865)","1,234 (973-1,703)","61 (48-84)","1,556 (1,232-1,904)","81,151 (64,274-99,326)","5,675 (4,518-6,983)","296,072 (235,724-364,317)","183,813 (170,959-196,514)","129,180 (119,836-138,390)","102,569 (95,175-109,890)","4,695,130 (4,586,672-5,010,802)","668 (535-900)","33 (26-45)"
"Bangladesh","2,941 (2,278-3,658)","158,491 (122,732-197,127)","3,903 (2,980-4,851)","210,323 (160,580-261,395)","14,998,174 (12,625,552-17,181,777)","7,714,002 (6,477,734-8,842,059)","5,807,252 (4,847,899-6,668,474)","177,051,004 (166,053,279-202,993,262)","36,770 (28,349-54,104)","1,776 (1,364-2,616)","1,328 (1,040-1,637)","71,564 (56,042-88,204)","5,370 (4,201-6,586)","289,359 (226,394-354,894)","15,992,783 (13,558,146-18,338,938)","10,189,289 (8,638,173-11,684,039)","8,103,413 (6,869,842-9,292,171)","174,196,013 (164,243,525-199,736,232)","25,336 (19,726-36,806)","1,234 (961-1,790)"
"Benin","5,811 (4,629-7,150)","275,129 (219,174-338,530)","3,212 (2,513-4,050)","152,081 (118,997-191,759)","94,018 (87,355-100,817)","33,083 (30,755-35,543)","13,926 (12,648-15,289)","2,377,063 (2,314,292-2,552,373)","584 (465-788)","30 (24-41)","2,724 (2,149-3,327)","128,991 (101,741-157,512)","6,303 (4,971-7,722)","298,424 (235,394-365,643)","106,179 (99,767-113,024)","75,371 (70,829-80,162)","53,145 (49,842-56,512)","1,645,419 (1,615,956-1,741,537)","207 (167-277)","11 (9-15)"
"Bhutan","73 (56-92)","3,810 (2,939-4,799)","491 (392-590)","25,717 (20,563-30,903)","21,585 (19,273-23,879)","12,601 (11,287-13,908)","6,551 (5,804-7,353)","405,107 (390,547-448,120)","667 (522-935)","33 (25-46)","71 (56-89)","3,743 (2,934-4,675)","491 (387-617)","25,730 (20,256-32,322)","25,113 (22,132-27,815)","17,029 (15,016-18,861)","12,563 (11,076-13,908)","644,248 (621,478-702,764)","1,088 (866-1,479)","53 (42-72)"
"Bolivia","7,939 (6,216-9,878)","419,409 (328,407-521,840)","2,512 (1,940-3,125)","132,683 (102,469-165,089)","89,899 (80,713-99,446)","27,136 (24,390-29,827)","17,813 (15,755-20,028)","8,039,596 (7,754,639-8,839,644)","2,565 (1,980-3,550)","125 (96-174)","4,599 (3,649-5,601)","242,979 (192,789-295,879)","5,814 (4,638-7,109)","307,158 (245,047-375,566)","83,169 (77,720-88,132)","74,655 (69,805-79,378)","59,199 (55,295-62,955)","1,981,139 (1,934,180-2,123,824)","281 (222-390)","14 (11-20)"
"Burkina Faso","11,432 (8,879-13,911)","531,643 (412,936-646,953)","6,318 (4,962-7,685)","293,842 (230,745-357,408)","181,118 (166,341-195,816)","63,724 (59,185-69,050)","26,835 (23,793-29,570)","4,255,695 (4,138,330-4,606,349)","531 (423-736)","28 (22-38)","5,839 (4,716-7,043)","271,544 (219,324-327,535)","11,934 (9,586-14,441)","555,025 (445,818-671,589)","220,958 (207,907-235,259)","136,198 (128,377-144,775)","94,050 (88,306-100,314)","2,544,376 (2,489,789-2,695,358)","169 (134-226)","9 (7-12)"
"Burundi","9,154 (7,293-11,241)","418,110 (333,118-513,457)","5,040 (3,909-6,218)","230,218 (178,560-283,997)","120,491 (109,616-130,608)","42,608 (39,004-46,057)","17,638 (15,674-19,567)","3,946,155 (3,813,310-4,261,570)","621 (490-870)","33 (26-46)","4,701 (3,689-5,848)","214,742 (168,476-267,102)","9,488 (7,532-11,861)","433,365 (344,041-541,776)","175,301 (164,375-185,581)","94,413 (88,576-100,188)","64,752 (60,581-68,820)","2,079,430 (2,035,589-2,191,170)","178 (143-236)","10 (8-13)"
"Cambodia","13,619 (10,738-16,631)","685,249 (540,264-836,773)","18,163 (14,292-21,980)","913,878 (719,118-1,105,911)","541,771 (503,385-580,842)","231,636 (215,219-247,894)","220,580 (205,279-236,935)","8,245,501 (8,039,514-8,831,191)","364 (290-486)","18 (15-24)","6,296 (4,918-7,883)","316,787 (247,444-396,629)","25,770 (20,174-32,344)","1,296,637 (1,015,045-1,627,397)","703,580 (664,502-744,374)","376,883 (355,821-398,901)","358,793 (338,742-379,754)","6,659,503 (6,532,204-7,039,316)","207 (167-275)","10 (8-14)"
"Cameroon","14,443 (11,610-17,848)","660,603 (531,000-816,325)","5,927 (4,724-7,311)","271,071 (216,055-334,392)","161,818 (147,966-175,858)","52,422 (48,135-56,810)","28,487 (25,659-31,538)","4,101,835 (4,002,409-4,447,883)","547 (434-756)","29 (23-40)","7,894 (6,082-9,643)","361,028 (278,174-441,036)","12,728 (9,853-15,649)","582,130 (450,644-715,724)","173,071 (162,213-183,242)","129,689 (121,438-137,457)","98,655 (92,225-104,647)","3,209,684 (3,141,521-3,402,612)","200 (159-262)","11 (9-14)"
"Central African Republic","2,843 (2,241-3,480)","123,299 (97,217-150,921)","2,124 (1,634-2,594)","92,115 (70,861-112,511)","43,655 (40,179-47,430)","15,448 (14,267-16,756)","6,379 (5,664-7,065)","1,492,898 (1,450,830-1,619,383)","558 (438-766)","30 (24-41)","1,845 (1,474-2,295)","80,019 (63,919-99,534)","3,083 (2,434-3,821)","133,724 (105,581-165,712)","41,935 (39,630-44,455)","24,790 (23,343-26,387)","14,619 (13,674-15,607)","973,247 (951,888-1,031,374)","264 (208-360)","15 (12-20)"
"Chad","9,503 (7,440-11,668)","405,563 (317,526-497,964)","3,907 (3,089-4,852)","166,745 (131,811-207,068)","93,358 (85,052-102,549)","34,328 (31,425-37,505)","12,351 (10,888-13,967)","1,653,509 (1,598,681-1,808,100)","337 (260-473)","18 (14-26)","5,206 (4,131-6,438)","222,170 (176,295-274,752)","8,328 (6,663-10,280)","355,408 (284,350-438,736)","144,630 (135,351-153,815)","85,576 (79,898-91,134)","55,576 (51,850-59,279)","2,314,297 (2,265,595-2,453,874)","219 (175-295)","12 (10-17)"
"Congo","2,656 (2,071-3,290)","130,279 (101,582-161,392)","1,459 (1,123-1,805)","71,589 (55,079-88,564)","35,339 (32,196-38,474)","12,515 (11,480-13,617)","5,154 (4,541-5,766)","1,800,361 (1,747,897-1,954,866)","985 (783-1,374)","50 (40-70)","1,367 (1,105-1,687)","67,046 (54,212-82,747)","2,736 (2,202-3,347)","134,198 (108,017-164,182)","31,902 (29,948-33,830)","27,553 (25,839-29,275)","18,868 (17,629-20,140)","1,933,245 (1,893,835-2,045,139)","554 (443-733)","29 (23-38)"
"Cote d'Ivoire","11,384 (9,004-14,461)","477,089 (377,349-606,067)","6,271 (4,983-7,996)","262,835 (208,835-335,125)","171,640 (158,647-183,534)","62,636 (58,218-66,728)","23,184 (20,810-25,739)","4,362,879 (4,268,434-4,651,438)","555 (432-751)","30 (24-41)","7,117 (5,692-8,719)","298,258 (238,561-365,397)","10,225 (8,130-12,517)","428,530 (340,741-524,592)","152,610 (143,115-162,362)","117,971 (110,470-125,570)","76,224 (71,248-81,271)","2,623,904 (2,569,894-2,781,685)","204 (163-272)","11 (9-15)"
"Cuba","7,127 (5,683-8,698)","414,979 (330,897-506,437)","2,249 (1,770-2,835)","130,957 (103,074-165,042)","88,680 (79,056-98,374)","26,791 (23,905-29,696)","17,549 (15,662-19,566)","4,691,303 (4,524,988-5,199,611)","1,677 (1,309-2,353)","78 (61-110)","4,218 (3,365-5,170)","245,607 (195,918-301,037)","5,138 (4,115-6,342)","299,161 (239,565-369,246)","75,415 (70,186-80,445)","75,212 (70,031-80,239)","59,586 (55,468-63,580)","1,383,375 (1,350,820-1,478,656)","226 (183-305)","11 (9-15)"
"Dem. People's Republic of Korea","5,446 (4,231-6,656)","281,044 (218,367-343,501)","7,197 (5,594-8,797)","371,386 (288,672-453,961)","581,222 (534,495-628,214)","165,771 (152,925-178,264)","124,840 (113,834-136,749)","11,010,303 (10,697,960-11,850,771)","1,235 (985-1,667)","61 (49-82)","3,562 (2,805-4,380)","183,804 (144,777-226,008)","9,108 (7,209-11,165)","470,013 (371,998-576,165)","443,265 (407,794-482,390)","254,791 (234,373-277,156)","200,115 (184,086-217,604)","7,464,123 (7,244,807-8,103,053)","681 (542-927)","34 (27-47)"
"Democratic Republic of the Congo","47,462 (37,539-58,071)","2,239,457 (1,771,264-2,740,023)","26,176 (20,906-32,516)","1,235,092 (986,439-1,534,240)","681,254 (626,008-736,218)","241,256 (222,282-261,064)","99,371 (88,895-109,709)","35,576,951 (34,570,068-38,470,288)","1,073 (828-1,509)","56 (43-78)","32,659 (25,625-40,534)","1,540,994 (1,209,083-1,912,545)","40,140 (31,612-50,014)","1,893,966 (1,491,592-2,359,863)","656,970 (618,394-700,834)","400,044 (375,243-427,965)","238,711 (222,435-257,802)","17,500,058 (17,075,109-18,718,318)","370 (297-498)","20 (16-27)"
"Djibouti","365 (281-456)","17,325 (13,301-21,612)","202 (156-253)","9,566 (7,382-11,989)","4,585 (4,212-5,009)","1,623 (1,491-1,761)","669 (607-750)","159,175 (154,863-172,829)","633 (501-851)","32 (26-44)","195 (154-244)","9,230 (7,305-11,574)","373 (298-468)","17,681 (14,130-22,213)","3,325 (3,102-3,533)","3,254 (3,046-3,459)","2,205 (2,057-2,348)","172,754 (171,136-177,406)","408 (326-529)","22 (17-28)"
"Eritrea","3,234 (2,537-3,982)","155,431 (121,954-191,374)","1,784 (1,419-2,178)","85,733 (68,214-104,671)","43,406 (39,623-47,226)","15,361 (14,150-16,684)","6,342 (5,687-7,039)","1,653,148 (1,604,546-1,793,523)","743 (594-1,031)","38 (31-53)","1,692 (1,336-2,142)","81,315 (64,217-102,932)","3,347 (2,616-4,259)","160,851 (125,709-204,701)","59,534 (55,792-63,253)","34,117 (31,978-36,286)","23,301 (21,780-24,819)","1,291,728 (1,263,572-1,367,099)","311 (249-431)","16 (13-23)"
"Ethiopia","68,763 (55,516-84,720)","3,394,890 (2,740,862-4,182,721)","47,403 (37,782-60,082)","2,340,336 (1,865,361-2,966,316)","5,129,033 (4,708,667-5,551,699)","426,955 (392,431-460,414)","245,299 (222,049-270,665)","15,983,845 (15,533,373-17,295,590)","267 (210-384)","14 (11-19)","33,272 (26,461-40,387)","1,642,686 (1,306,428-1,993,937)","83,081 (65,568-100,663)","4,101,809 (3,237,180-4,969,856)","1,763,869 (1,642,240-1,876,802)","872,167 (818,749-923,907)","674,187 (631,799-714,607)","16,662,574 (16,287,336-17,629,563)","156 (127-208)","8 (7-11)"
"Gambia","957 (768-1,180)","43,763 (35,102-53,962)","531 (420-655)","24,262 (19,201-29,944)","14,906 (13,683-16,201)","5,246 (4,815-5,680)","2,208 (1,987-2,475)","349,400 (340,499-378,240)","526 (410-725)","28 (22-38)","487 (388-601)","22,280 (17,738-27,505)","993 (795-1,216)","45,417 (36,379-55,623)","13,636 (12,728-14,472)","11,033 (10,295-11,753)","7,615 (7,076-8,124)","272,937 (269,032-284,135)","233 (188-312)","13 (10-17)"
"Georgia","1,106 (868-1,351)","57,906 (45,445-70,751)","1,467 (1,148-1,802)","76,799 (60,096-94,347)","97,059 (89,617-104,635)","27,702 (25,593-29,893)","20,827 (19,139-22,590)","2,010,452 (1,955,261-2,166,407)","1,108 (860-1,524)","54 (42-74)","518 (404-626)","27,135 (21,142-32,766)","2,060 (1,617-2,493)","107,844 (84,678-130,533)","67,397 (62,287-72,782)","49,418 (45,748-53,240)","39,311 (36,391-42,348)","1,306,394 (1,272,188-1,403,603)","527 (409-707)","26 (20-35)"
"Ghana","12,713 (10,053-15,638)","596,923 (472,015-734,290)","7,009 (5,549-8,873)","329,094 (260,530-416,644)","227,103 (210,063-245,523)","79,944 (74,147-86,066)","33,608 (30,292-37,250)","6,626,046 (6,461,493-7,124,072)","750 (591-1,003)","39 (31-52)","6,140 (4,727-7,452)","288,318 (221,954-349,915)","13,956 (10,712-17,034)","655,309 (502,986-799,812)","237,508 (223,163-251,355)","187,180 (175,482-198,269)","131,331 (122,918-139,397)","5,014,498 (4,906,213-5,304,246)","288 (231-375)","15 (12-20)"
"Guinea","8,998 (7,226-11,012)","419,906 (337,215-513,879)","1,857 (1,444-2,323)","86,660 (67,368-108,397)","54,710 (48,768-60,775)","18,377 (16,387-20,453)","8,978 (7,944-10,099)","1,354,648 (1,303,565-1,507,602)","577 (444-821)","30 (23-43)","5,927 (4,618-7,422)","276,581 (215,506-346,357)","4,956 (3,868-6,184)","231,264 (180,497-288,602)","85,278 (80,343-90,427)","55,248 (51,975-58,753)","41,135 (38,620-43,833)","1,375,498 (1,347,763-1,449,408)","217 (171-294)","12 (9-16)"
"Guinea Bissau","884 (700-1,101)","40,284 (31,869-50,146)","489 (388-603)","22,288 (17,681-27,465)","13,712 (12,646-14,746)","4,817 (4,465-5,179)","2,039 (1,826-2,247)","314,270 (306,542-337,455)","504 (393-720)","27 (21-38)","457 (361-566)","20,823 (16,433-25,773)","921 (722-1,124)","41,928 (32,868-51,211)","13,715 (12,852-14,508)","9,998 (9,382-10,600)","6,884 (6,430-7,320)","252,086 (248,647-261,066)","232 (190-299)","13 (10-16)"
"Guyana","505 (392-624)","24,214 (18,811-29,944)","159 (123-200)","7,633 (5,910-9,588)","10,300 (9,115-11,527)","3,112 (2,760-3,482)","2,038 (1,795-2,292)","540,487 (519,606-605,059)","2,720 (2,140-4,004)","138 (109-204)","297 (232-362)","14,265 (11,121-17,366)","366 (285-447)","17,569 (13,674-21,448)","14,589 (13,189-15,982)","8,693 (7,868-9,529)","6,887 (6,234-7,549)","268,669 (262,448-284,609)","627 (502-850)","33 (27-45)"
"Haiti","5,962 (4,684-7,266)","287,091 (225,563-349,895)","1,877 (1,452-2,334)","90,400 (69,903-112,387)","62,772 (56,439-68,792)","18,967 (17,080-20,726)","12,419 (11,048-13,757)","1,282,997 (1,240,948-1,402,942)","549 (427-778)","28 (22-40)","3,479 (2,833-4,335)","167,546 (136,411-208,748)","4,358 (3,550-5,445)","209,845 (170,963-262,200)","61,066 (57,426-64,615)","49,025 (46,174-51,871)","38,860 (36,575-41,111)","1,259,046 (1,236,238-1,326,067)","232 (182-315)","12 (10-17)"
"Honduras","6,699 (5,238-8,150)","367,454 (287,327-447,032)","2,118 (1,602-2,638)","116,184 (87,876-144,679)","81,395 (73,655-89,489)","24,603 (22,343-26,966)","16,094 (14,450-17,827)","6,788,507 (6,569,106-7,443,098)","2,552 (1,947-3,639)","122 (93-174)","3,924 (3,103-4,764)","215,263 (170,209-261,339)","4,961 (3,958-5,985)","272,103 (217,100-328,289)","89,556 (84,060-95,301)","68,700 (64,545-73,177)","54,477 (51,178-58,039)","1,884,893 (1,840,658-2,010,171)","315 (253-418)","16 (13-21)"
"India","256,329 (204,571-319,900)","12,963,295 (10,345,739-16,178,236)","338,873 (265,070-417,594)","17,137,779 (13,405,343-21,118,879)","19,749,224 (18,347,564-21,323,506)","6,903,742 (6,419,780-7,429,837)","5,043,169 (4,630,769-5,480,260)","185,528,531 (180,631,054-200,017,179)","441 (341-604)","22 (17-30)","126,157 (98,282-156,970)","6,380,127 (4,970,404-7,938,396)","463,605 (361,455-582,173)","23,445,822 (18,279,775-29,442,109)","20,268,735 (18,776,809-21,896,294)","12,184,773 (11,252,205-13,175,994)","9,642,077 (8,900,177-10,422,377)","313,355,683 (303,764,219-338,769,228)","537 (420-724)","27 (21-37)"
"Indonesia","57,586 (44,466-72,137)","2,853,826 (2,203,607-3,574,936)","76,112 (58,437-94,252)","3,771,923 (2,895,969-4,670,905)","4,376,701 (4,068,686-4,689,264)","1,248,555 (1,167,445-1,335,948)","939,796 (868,466-1,015,250)","119,635,344 (116,527,101-127,775,193)","1,262 (1,001-1,730)","64 (50-87)","28,491 (22,495-34,928)","1,411,958 (1,114,773-1,730,968)","104,571 (82,644-128,748)","5,182,256 (4,095,637-6,380,448)","3,061,710 (2,853,365-3,267,419)","2,144,262 (2,001,335-2,285,052)","1,702,654 (1,588,951-1,814,548)","61,656,172 (60,046,691-65,931,310)","481 (383-653)","25 (19-33)"
"Kenya","38,723 (30,640-47,092)","1,927,853 (1,525,431-2,344,506)","21,278 (16,869-25,862)","1,059,345 (839,839-1,287,558)","607,850 (550,257-670,431)","215,115 (195,771-235,847)","88,810 (78,579-100,395)","15,848,608 (15,352,371-17,385,089)","592 (468-803)","30 (24-41)","18,331 (14,416-22,527)","912,631 (717,719-1,121,516)","41,430 (32,680-50,691)","2,062,609 (1,626,987-2,523,675)","861,385 (800,519-924,608)","521,539 (484,586-559,738)","364,576 (337,472-391,012)","12,246,092 (11,932,482-13,153,342)","233 (185-315)","12 (10-16)"
"Kyrgyzstan","1,193 (920-1,470)","60,265 (46,505-74,262)","1,581 (1,238-1,953)","79,870 (62,577-98,681)","141,920 (129,720-153,695)","40,499 (37,076-43,826)","30,461 (27,558-33,091)","2,794,563 (2,718,988-3,022,107)","1,411 (1,109-1,959)","70 (55-98)","597 (457-746)","30,180 (23,106-37,721)","2,200 (1,691-2,747)","111,175 (85,428-138,829)","119,441 (108,485-130,173)","71,529 (64,828-78,121)","56,808 (51,464-62,053)","1,833,005 (1,769,664-1,988,324)","692 (536-993)","35 (27-50)"
"Lao People's Democratic Republic","1,405 (1,103-1,742)","69,563 (54,651-86,296)","1,869 (1,454-2,298)","92,563 (72,003-113,794)","109,158 (101,712-117,012)","31,125 (29,045-33,254)","23,454 (21,708-25,241)","3,566,086 (3,473,472-3,807,546)","1,534 (1,194-2,114)","77 (60-107)","695 (547-866)","34,420 (27,092-42,867)","2,561 (2,014-3,172)","126,849 (99,756-157,080)","87,180 (81,752-92,564)","53,776 (50,407-57,180)","42,709 (40,028-45,414)","1,373,262 (1,341,391-1,466,615)","457 (364-631)","23 (19-32)"
"Lesotho","1,406 (1,117-1,777)","56,023 (44,518-70,798)","775 (611-969)","30,875 (24,365-38,597)","20,203 (18,732-21,829)","7,152 (6,618-7,750)","2,950 (2,654-3,284)","695,379 (674,668-753,435)","721 (578-968)","40 (32-54)","674 (539-823)","26,873 (21,472-32,804)","1,473 (1,147-1,783)","58,702 (45,716-71,037)","27,420 (25,714-29,136)","16,838 (15,818-17,886)","11,696 (10,937-12,456)","481,297 (471,988-504,565)","270 (216-365)","15 (12-21)"
"Liberia","1,159 (921-1,458)","55,111 (43,765-69,286)","1,028 (819-1,288)","48,892 (38,916-61,208)","35,941 (33,215-38,347)","16,493 (15,351-17,564)","1,477 (1,170-1,806)","1,651,412 (1,619,760-1,762,901)","1,273 (982-1,738)","66 (51-90)","611 (488-747)","29,061 (23,185-35,528)","1,573 (1,246-1,907)","74,792 (59,244-90,643)","32,537 (30,750-34,889)","27,573 (26,038-29,568)","10,739 (10,043-11,587)","1,551,944 (1,521,574-1,656,258)","779 (613-1,075)","41 (32-57)"
"Madagascar","17,243 (13,929-21,045)","843,685 (681,502-1,029,701)","9,480 (7,664-11,752)","463,813 (375,002-574,979)","338,550 (301,470-377,065)","199,850 (178,240-223,234)","82,578 (71,881-93,711)","11,007,576 (10,539,709-12,287,473)","922 (716-1,328)","47 (37-68)","8,932 (6,939-10,981)","437,023 (339,528-537,254)","17,885 (13,894-22,032)","875,097 (679,811-1,077,996)","661,762 (592,257-729,482)","442,243 (395,747-487,629)","301,815 (270,174-332,781)","8,942,775 (8,587,160-9,827,413)","391 (310-540)","21 (16-29)"
"Malawi","14,993 (11,495-18,452)","723,673 (554,814-890,608)","8,237 (6,439-10,523)","397,588 (310,788-507,939)","215,909 (198,617-235,324)","76,462 (70,784-83,304)","31,492 (28,218-35,125)","7,692,424 (7,477,700-8,377,277)","742 (598-1,013)","38 (31-52)","7,020 (5,605-8,560)","338,843 (270,557-413,159)","16,067 (12,823-19,544)","775,505 (618,913-943,336)","325,610 (305,274-345,528)","182,713 (171,474-194,248)","128,169 (120,268-136,433)","4,949,647 (4,841,188-5,260,388)","242 (196-327)","13 (10-17)"
"Mali","7,669 (5,974-9,520)","352,837 (274,866-438,039)","8,574 (6,704-10,581)","394,497 (308,453-486,822)","281,270 (260,534-301,237)","84,007 (78,229-89,408)","56,628 (52,073-61,261)","7,852,872 (7,684,924-8,346,036)","721 (577-983)","38 (30-52)","3,829 (3,021-4,758)","176,190 (138,991-218,895)","12,346 (9,676-15,272)","568,024 (445,186-702,661)","209,709 (197,459-221,541)","137,166 (129,121-144,794)","108,907 (102,521-114,978)","2,793,391 (2,733,935-2,956,924)","184 (147-251)","10 (8-13)"
"Mauritania","1,952 (1,514-2,406)","93,645 (72,609-115,412)","1,078 (835-1,327)","51,691 (40,071-63,649)","30,765 (28,498-33,382)","10,814 (10,033-11,635)","4,569 (4,120-5,076)","755,502 (734,587-814,048)","562 (450-754)","29 (23-39)","1,349 (1,076-1,662)","64,706 (51,611-79,699)","1,647 (1,312-2,032)","79,022 (62,938-97,467)","27,288 (25,548-28,876)","18,756 (17,593-19,893)","11,323 (10,561-12,059)","592,957 (582,264-624,369)","297 (240-396)","16 (13-21)"
"Mongolia","767 (594-937)","37,975 (29,413-46,399)","1,014 (798-1,249)","50,206 (39,511-61,804)","52,062 (48,179-56,021)","14,848 (13,765-15,918)","11,183 (10,309-12,151)","1,154,694 (1,126,588-1,239,224)","915 (714-1,260)","46 (36-64)","379 (294-468)","18,743 (14,566-23,157)","1,395 (1,084-1,728)","69,066 (53,666-85,543)","28,685 (26,909-30,590)","24,084 (22,597-25,512)","19,122 (17,945-20,258)","801,682 (786,950-846,984)","481 (380-660)","25 (19-34)"
"Mozambique","26,186 (21,041-32,006)","1,204,092 (967,511-1,471,705)","6,417 (5,096-8,047)","295,061 (234,339-370,010)","148,272 (131,694-168,222)","52,453 (46,730-58,977)","21,682 (18,900-24,809)","4,869,424 (4,670,910-5,480,679)","601 (459-871)","31 (24-45)","17,348 (13,579-21,317)","797,699 (624,385-980,180)","15,579 (12,143-19,083)","716,364 (558,349-877,473)","224,895 (211,539-239,411)","141,818 (133,504-151,088)","98,624 (92,508-105,290)","2,809,678 (2,755,315-2,971,669)","144 (115-193)","8 (6-11)"
"Myanmar","10,058 (7,920-12,423)","491,148 (386,756-606,626)","13,286 (10,399-16,225)","648,767 (507,814-792,291)","764,503 (709,135-821,420)","218,092 (202,937-233,098)","164,159 (151,224-176,954)","23,379,636 (22,823,647-24,974,440)","1,403 (1,075-1,917)","71 (54-97)","5,021 (3,985-6,303)","245,202 (194,611-307,783)","18,394 (14,667-23,010)","898,185 (716,224-1,123,596)","637,415 (593,859-678,866)","376,592 (349,953-401,965)","299,020 (277,831-319,336)","9,349,415 (9,130,482-9,993,869)","425 (333-577)","22 (17-29)"
"Nepal","5,083 (3,946-6,353)","261,533 (203,027-326,881)","6,726 (5,295-8,279)","346,115 (272,485-426,031)","2,042,418 (1,777,317-2,316,069)","582,804 (506,785-658,198)","438,405 (380,841-499,315)","12,538,738 (11,944,913-14,188,589)","1,521 (1,186-2,171)","75 (59-108)","2,493 (1,965-3,079)","128,266 (101,123-158,437)","9,163 (7,252-11,302)","471,509 (373,168-581,567)","1,718,840 (1,498,007-1,945,597)","899,278 (783,712-1,017,945)","713,775 (622,058-807,946)","17,674,102 (16,797,529-19,993,030)","1,522 (1,156-2,207)","76 (58-111)"
"Nicaragua","4,289 (3,464-5,255)","239,346 (193,316-293,264)","1,352 (1,067-1,684)","75,465 (59,558-93,993)","47,398 (42,612-52,426)","14,328 (12,885-15,798)","9,371 (8,340-10,414)","1,258,636 (1,217,179-1,387,518)","743 (584-1,032)","35 (28-49)","2,507 (2,016-3,011)","139,895 (112,515-168,050)","3,138 (2,534-3,772)","175,134 (141,394-210,500)","48,875 (46,127-51,862)","39,015 (36,791-41,375)","30,929 (29,143-32,814)","910,584 (893,310-960,774)","234 (187-313)","12 (9-15)"
"Niger","15,623 (12,526-19,126)","731,242 (586,296-895,220)","8,628 (6,859-10,676)","403,843 (321,036-499,706)","248,909 (229,945-268,235)","87,508 (81,232-93,772)","36,947 (33,421-40,957)","5,785,310 (5,639,473-6,198,200)","526 (415-717)","28 (22-38)","10,726 (8,328-13,018)","502,059 (389,784-609,336)","13,677 (10,611-16,839)","640,183 (496,675-788,175)","295,476 (278,818-313,505)","156,640 (147,463-166,597)","95,670 (89,573-101,872)","3,907,129 (3,831,532-4,124,346)","233 (182-314)","13 (10-17)"
"Nigeria","95,820 (76,667-116,282)","4,059,951 (3,248,428-4,926,925)","53,037 (42,723-64,622)","2,247,200 (1,810,199-2,738,068)","1,563,297 (1,451,830-1,689,637)","549,663 (510,052-592,482)","231,986 (210,604-257,370)","50,413,236 (49,165,694-54,347,281)","759 (590-1,068)","41 (32-58)","49,046 (38,466-60,862)","2,078,096 (1,629,831-2,578,759)","99,496 (77,630-122,954)","4,215,710 (3,289,212-5,209,627)","1,670,799 (1,560,655-1,777,985)","1,205,331 (1,123,732-1,283,370)","830,827 (773,895-888,491)","48,926,482 (47,918,936-52,040,906)","384 (311-532)","22 (18-30)"
"Pakistan","63,236 (50,241-77,594)","3,182,312 (2,528,336-3,904,914)","36,053 (27,848-44,623)","1,814,344 (1,401,418-2,245,622)","2,639,088 (2,301,351-2,989,323)","1,379,569 (1,211,455-1,554,979)","1,117,692 (970,558-1,278,009)","40,887,478 (38,949,175-46,310,660)","937 (707-1,361)","47 (36-68)","35,192 (27,433-43,778)","1,771,025 (1,380,580-2,203,092)","61,818 (48,143-77,398)","3,110,955 (2,422,792-3,895,023)","4,545,189 (4,037,237-5,076,380)","2,988,389 (2,653,707-3,337,111)","2,422,809 (2,151,468-2,705,531)","70,289,961 (67,131,144-78,493,175)","867 (677-1,225)","45 (35-63)"
"Republic of Moldova","1,140 (904-1,433)","57,749 (45,816-72,567)","1,508 (1,214-1,869)","76,381 (61,486-94,655)","92,283 (86,041-98,931)","26,320 (24,569-28,188)","19,822 (18,318-21,332)","1,920,343 (1,874,093-2,057,149)","1,034 (809-1,410)","51 (40-70)","753 (595-948)","38,166 (30,131-48,009)","1,890 (1,484-2,369)","95,763 (75,151-120,013)","76,155 (71,181-80,651)","39,047 (36,455-41,566)","30,634 (28,593-32,631)","1,519,389 (1,487,832-1,604,822)","671 (539-908)","34 (27-46)"
"Rwanda","8,375 (6,672-10,267)","422,106 (336,274-517,455)","4,632 (3,673-5,696)","233,459 (185,107-287,067)","115,625 (106,668-124,503)","40,894 (37,778-43,740)","16,919 (15,211-18,580)","3,698,690 (3,603,553-3,954,846)","639 (506-896)","32 (25-45)","4,333 (3,432-5,347)","218,392 (172,973-269,512)","8,533 (6,769-10,480)","430,045 (341,163-528,203)","147,951 (139,001-156,344)","90,799 (85,193-96,177)","61,949 (58,049-65,587)","1,715,402 (1,678,409-1,815,295)","164 (128-220)","9 (7-11)"
"Senegal","8,297 (6,649-10,138)","411,019 (329,393-502,190)","4,588 (3,641-5,589)","227,261 (180,350-276,860)","138,381 (128,649-149,550)","48,653 (45,221-52,366)","20,537 (18,581-22,656)","3,425,255 (3,340,317-3,690,061)","595 (469-824)","30 (24-42)","4,232 (3,306-5,099)","209,655 (163,774-252,592)","8,605 (6,705-10,548)","426,290 (332,154-522,541)","155,860 (146,599-166,206)","107,913 (101,404-115,263)","74,379 (69,670-79,719)","2,298,608 (2,249,800-2,438,038)","213 (171-285)","11 (9-15)"
"Sierra Leone","3,829 (3,025-4,690)","156,218 (123,426-191,354)","2,119 (1,676-2,611)","86,434 (68,378-106,502)","59,663 (55,424-64,586)","20,985 (19,483-22,713)","8,847 (7,905-9,770)","1,417,744 (1,381,376-1,534,065)","535 (424-736)","30 (23-41)","1,818 (1,437-2,219)","74,148 (58,614-90,539)","4,120 (3,247-5,001)","168,065 (132,457-204,031)","66,528 (62,586-70,579)","45,371 (42,676-48,115)","31,890 (29,843-33,835)","862,341 (846,752-908,330)","171 (140-224)","10 (8-13)"
"Somalia","10,011 (7,982-12,323)","451,415 (359,918-555,665)","5,496 (4,396-6,725)","247,842 (198,221-303,230)","125,648 (115,020-136,934)","44,483 (40,815-48,426)","18,340 (16,321-20,604)","4,549,173 (4,414,896-4,952,393)","656 (522-930)","35 (28-49)","6,949 (5,433-8,627)","313,332 (245,008-388,998)","8,517 (6,623-10,568)","384,062 (298,625-476,551)","124,222 (116,830-132,108)","74,090 (69,394-78,858)","44,175 (41,139-47,215)","3,029,680 (2,959,171-3,221,522)","293 (235-384)","16 (13-21)"
"South Sudan","8,558 (6,839-10,443)","387,273 (309,486-472,618)","4,707 (3,685-5,740)","213,013 (166,749-259,752)","126,162 (115,776-137,072)","44,631 (40,993-48,334)","18,450 (16,482-20,689)","5,240,532 (5,083,262-5,676,987)","895 (700-1,238)","47 (37-65)","6,016 (4,847-7,305)","272,253 (219,362-330,585)","7,268 (5,776-8,854)","328,899 (261,384-400,707)","155,537 (146,201-165,157)","82,469 (77,358-87,745)","49,279 (46,082-52,652)","4,561,053 (4,465,418-4,837,539)","511 (408-667)","28 (22-37)"
"Sri Lanka","3,302 (2,585-4,146)","179,739 (140,686-225,666)","4,367 (3,353-5,479)","237,675 (182,476-298,187)","9,526,259 (8,126,214-11,029,531)","4,284,641 (3,657,681-4,977,247)","3,224,768 (2,728,961-3,733,046)","121,913,471 (115,420,016-141,333,107)","22,340 (17,157-33,058)","1,071 (821-1,580)","1,549 (1,209-1,893)","84,285 (65,805-103,036)","6,203 (4,851-7,572)","337,623 (264,012-412,136)","10,256,699 (8,726,720-11,825,902)","5,667,832 (4,822,374-6,534,961)","4,506,173 (3,834,009-5,195,571)","127,516,538 (120,271,893-147,010,430)","16,559 (12,601-24,858)","800 (608-1,203)"
"Sudan","26,820 (21,610-32,752)","1,306,823 (1,053,002-1,595,897)","14,808 (11,917-18,139)","721,558 (580,688-883,829)","360,080 (333,173-394,478)","127,506 (117,902-139,423)","52,534 (47,201-58,424)","20,614,412 (20,007,225-22,519,259)","1,092 (859-1,510)","56 (44-77)","19,014 (15,243-23,478)","926,461 (742,724-1,144,007)","22,876 (18,244-28,180)","1,114,677 (888,985-1,373,099)","388,693 (367,348-412,358)","224,197 (210,916-238,871)","133,568 (125,308-142,747)","21,644,857 (21,169,558-22,955,897)","732 (590-1,003)","39 (31-53)"
"Tajikistan","2,276 (1,757-2,878)","118,747 (91,655-150,173)","1,889 (1,467-2,407)","98,564 (76,522-125,581)","239,227 (213,624-265,470)","68,246 (60,986-75,527)","51,368 (45,563-56,955)","4,376,078 (4,215,236-4,845,188)","1,864 (1,433-2,682)","92 (71-132)","1,528 (1,181-1,879)","79,712 (61,609-98,011)","2,582 (1,993-3,176)","134,710 (103,984-165,674)","230,956 (206,655-255,996)","112,592 (100,744-124,963)","88,634 (79,307-98,397)","3,189,130 (3,074,536-3,519,066)","1,012 (801-1,393)","51 (41-71)"
"Tanzania","11,058 (8,642-13,633)","551,408 (430,925-679,816)","18,767 (14,592-23,161)","935,808 (727,614-1,154,883)","815,871 (747,236-889,151)","260,752 (237,617-283,948)","147,183 (132,840-162,180)","19,458,238 (18,815,558-21,170,150)","834 (657-1,140)","42 (33-58)","5,905 (4,593-7,177)","294,427 (229,041-357,869)","23,917 (18,402-28,994)","1,192,586 (917,620-1,445,752)","702,727 (635,774-768,252)","420,010 (378,817-459,240)","317,602 (286,309-347,270)","11,103,500 (10,711,581-12,115,708)","376 (296-517)","19 (15-26)"
"Togo","4,081 (3,171-5,044)","185,352 (144,016-229,127)","2,260 (1,734-2,793)","102,632 (78,748-126,865)","67,862 (62,617-72,931)","23,865 (22,044-25,709)","10,066 (9,084-11,114)","1,573,052 (1,535,866-1,694,473)","552 (437-768)","29 (23-41)","2,117 (1,677-2,610)","96,174 (76,193-118,538)","4,265 (3,358-5,194)","193,739 (152,546-235,935)","78,090 (73,313-82,563)","52,297 (49,046-55,392)","35,985 (33,589-38,144)","958,327 (940,339-1,009,840)","185 (146-248)","10 (8-14)"
"Uganda","13,419 (10,643-15,979)","617,815 (490,029-735,698)","2,709 (2,109-3,317)","124,731 (97,105-152,715)","328,925 (277,165-378,683)","149,563 (125,585-171,998)","14,899 (11,351-18,485)","13,635,431 (12,946,407-15,682,511)","3,988 (3,074-5,824)","209 (161-306)","8,231 (6,618-10,275)","378,962 (304,720-473,063)","8,095 (6,418-9,995)","372,729 (295,480-460,192)","612,827 (530,777-691,131)","385,751 (334,224-434,965)","161,448 (139,583-181,974)","7,066,113 (6,719,655-7,959,709)","692 (541-964)","38 (30-53)"
"Ukraine","12,332 (9,615-15,089)","632,317 (493,016-773,669)","16,330 (12,604-19,874)","837,294 (646,271-1,019,004)","860,557 (804,297-915,632)","245,507 (229,398-260,246)","184,772 (171,309-198,815)","33,739,248 (32,992,257-35,820,423)","1,688 (1,326-2,311)","83 (65-113)","6,223 (4,863-7,811)","319,059 (249,331-400,527)","22,270 (17,465-27,872)","1,141,869 (895,485-1,429,129)","506,992 (476,177-537,830)","406,624 (382,653-428,305)","322,617 (303,557-339,748)","14,378,742 (14,095,814-15,335,091)","546 (430-724)","27 (21-36)"
"Uzbekistan","6,395 (5,090-7,879)","329,482 (262,259-405,923)","8,464 (6,679-10,399)","436,077 (344,135-535,779)","853,994 (765,396-935,637)","243,500 (219,591-266,846)","183,497 (163,879-201,750)","15,059,986 (14,589,195-16,492,278)","1,434 (1,121-1,965)","71 (55-97)","4,092 (3,217-5,131)","210,833 (165,750-264,358)","10,637 (8,401-13,212)","548,047 (432,847-680,677)","739,782 (675,403-803,246)","371,462 (337,611-405,279)","291,893 (265,282-318,452)","9,779,512 (9,455,279-10,603,278)","780 (618-1,095)","39 (31-55)"
"Vietnam","8,386 (6,243-11,068)","472,576 (351,804-623,707)","6,872 (5,135-9,028)","387,233 (289,385-508,724)","1,030,271 (938,139-1,130,770)","526,348 (479,485-575,509)","396,023 (359,572-435,146)","33,334,919 (32,182,740-36,527,669)","3,844 (2,954-5,533)","182 (139-261)","3,919 (2,982-5,034)","220,838 (168,038-283,670)","11,561 (8,825-14,859)","651,510 (497,325-837,361)","1,647,589 (1,483,700-1,801,997)","1,045,833 (941,188-1,143,699)","832,587 (749,191-910,568)","20,705,440 (20,006,031-22,615,308)","1,454 (1,079-2,065)","70 (52-100)"
"Yemen","13,229 (10,500-16,292)","634,387 (503,500-781,282)","7,284 (5,803-8,942)","349,284 (278,266-428,817)","234,099 (217,228-253,255)","82,781 (76,601-89,237)","34,269 (30,748-37,994)","9,145,779 (8,901,044-9,862,920)","1,003 (798-1,361)","52 (41-70)","9,341 (7,572-11,206)","447,947 (363,126-537,388)","11,133 (8,999-13,277)","533,884 (431,525-636,673)","257,521 (241,628-273,855)","149,959 (140,385-160,156)","89,242 (83,471-95,526)","7,153,442 (6,996,706-7,588,345)","523 (420-702)","28 (22-38)"
"Zambia","11,456 (8,797-14,032)","538,589 (413,608-659,737)","6,307 (4,860-7,887)","296,504 (228,484-370,808)","150,710 (138,683-163,459)","53,357 (49,273-57,783)","21,999 (19,731-24,413)","6,091,370 (5,903,672-6,596,273)","766 (597-1,071)","40 (31-56)","5,927 (4,609-7,200)","278,671 (216,715-338,528)","11,977 (9,322-14,689)","563,115 (438,298-690,589)","172,732 (162,250-184,490)","116,986 (109,752-125,035)","80,271 (75,177-85,983)","4,736,603 (4,645,404-5,042,231)","315 (250-426)","17 (13-23)"
"Zimbabwe","10,860 (8,451-13,319)","493,811 (384,267-605,613)","5,980 (4,616-7,434)","271,927 (209,906-338,039)","141,896 (130,235-155,852)","50,241 (46,018-54,487)","20,707 (18,457-23,394)","7,162,721 (6,953,936-7,803,183)","953 (744-1,340)","50 (39-70)","5,141 (4,006-6,298)","233,768 (182,154-286,395)","11,511 (8,987-14,116)","523,416 (408,671-641,874)","177,322 (166,805-187,530)","112,931 (106,229-119,492)","78,875 (74,220-83,702)","7,550,572 (7,402,100-7,977,402)","508 (410-690)","27 (22-37)"
