"country","CODE","pop2018","pop2019","pop2020","pop2021","pop2022","pop2023","pop2024","pop2025","pop2026","pop2027","pop2028","pop2029","pop2030","pop2031","pop2032","pop2033","pop2034","pop2035","pop2036","pop2037","pop2038","pop2039","pop2040","pop2041","pop2042","pop2043","pop2044","pop2045","pop2046","pop2047","pop2048","pop2049","pop2050","pop2051","pop2052","pop2053","pop2054","pop2055","pop2056","pop2057","pop2058","pop2059","pop2060","pop2061","pop2062","pop2063","pop2064","pop2065","pop2066","pop2067","pop2068","pop2069","pop2070","Country.code","Continent","endemic","pop2015","HDI","Percent.Urban","urban_dogs_Knoble","rural_dogs_Knoble","total_dogs_Knoble","rural_HDR","urban_HDR","Business.Plan.Phase","cluster","gavi","gavi_2018","prop_urban","p_rabid","p_rabid_n","p_rabid_source","p_rabid_setting","p_seek","p_seek_n","p_receive","p_receive_n","p_complete","p_complete_n","vaccine_paid_by_patient","RIG_usage","RIG_paid_by_patient","ID","ID_prop","tot_dog_pop","dog_pop_setting","cost_first_visit","cost_followup_visit","ID_2015","price_per_vial","price_per_vial_RIG","exp_inc","bite_inc","LCI_exp_inc","UCI_exp_inc","LCI_bite_inc","UCI_bite_inc","vaccine_free_SQ","vaccine_gavi","preds_SQ","preds_SQ_LCI","preds_SQ_UCI","preds_gavi","preds_gavi_LCI","preds_gavi_UCI","p_seek_SQ","pseek_gavi","pseek_norm_SQ","pseek_norm_gavi","bite_inc_susp","bite_inc_non_susp","bite_inc_susp_LCI","bite_inc_susp_UCI"
"Afghanistan","AFG",36373176,37209007,38054941,38913707,39779095,40649204,41519986,42388400,43254446,44119315,44982317,45842659,46699545,47552324,48400329,49242776,50078786,50907550,51728328,52540360,53342664,54134238,54914122,55681683,56436296,57177142,57903378,58614315,59309352,59988191,60650823,61297440,61928118,62542629,63140612,63721905,64286388,64833869,65364208,65877123,66372235,66849094,67307303,67746600,68166836,68567901,68949732,69312240,69655300,69978689,70282194,70565547,70828562,"AFG","Asia",1,32526562,0.398,27,1158076,1667202,2825278,14.3,7.5,"II","asia",TRUE,TRUE,0.27132,0.437333333333333,1000,NA,NA,0.76,1000,0.7535,1000,0.752935142873257,1000,FALSE,FALSE,NA,0,NA,NA,NA,9.04963550834125,6.63992693879564,FALSE,13.3303857045048,40.7050716806503,0.000350706343828828,0.0160616181366855,0.000212814673674415,0.000644779821574867,0.00267693635611425,0.0267693635611425,FALSE,TRUE,0.000871415738983045,0.00052525529054208,0.00144570726620131,0.00256198408651414,0.00120612888258494,0.00544200752865188,0.76,0.9,0.0376598990541036,0.139858161111266,0.000350706343828828,0.000871415738983045,0.000212814673674415,0.000644779821574867
"Angola","AGO",30774205,31787566,32827401,33894484,34988302,36109078,37256728,38431208,39632777,40861741,42118066,43401630,44712282,46049888,47414284,48805159,50222155,51664864,53132953,54626019,56143480,57684681,59249002,60835954,62445070,64075730,65727293,67399148,69090764,70801659,72531421,74279686,76046053,77830032,79631114,81448802,83282636,85132120,86996704,88875848,90769086,92676002,94596081,96528707,98473158,100428785,102394875,104370664,106355456,108348391,110348436,112354428,114365294,"AGO","Africa",1,25021974,0.486,44,519914,1891864,2411778,7.4,21.2,"II","west africa",TRUE,FALSE,0.44819,0.630702150537634,1000,NA,NA,0.523333333333333,1000,0.686529569892473,1000,0.421566924066924,1000,FALSE,FALSE,NA,0,NA,NA,NA,36.9115889850362,27.0771899049492,FALSE,14.910795,83.3659371704296,0.000367392545396353,0.0168258113212267,0.00022294014931506,0.000675457698547409,0.00280430188687111,0.0280430188687111,FALSE,TRUE,0.000812984174602042,0.000523652555830003,0.00126217901697386,0.00239019382453315,0.00110558183412124,0.0051674388475977,0.523333333333333,0.9,0.0368906673994902,0.122403638930517,0.000367392545396353,0.000812984174602042,0.00022294014931506,0.000675457698547409
"Armenia","ARM",2934152,2936706,2938679,2939944,2940089,2939169,2937237,2934370,2930588,2925921,2920450,2914268,2907463,2900079,2892154,2883791,2875096,2866150,2856998,2847657,2838113,2828360,2818399,2808228,2797835,2787163,2776111,2764618,2752658,2740248,2727366,2714016,2700184,2685878,2671105,2655894,2640273,2624286,2607936,2591257,2574282,2557049,2539596,2521936,2504108,2486126,2468026,2449832,2431558,2413227,2394839,2376382,2357856,"ARM","Europe",1,3017712,0.716,63,290968,173296,464263,6.5,6.5,"III","asia",TRUE,FALSE,0.62558,0.437333333333333,1000,NA,NA,0.76,1000,0.7535,1000,0.752935142873257,1000,NA,FALSE,NA,0,NA,NA,NA,5.87860785679464,4.30854488865369,FALSE,13.3303857045048,40.7050716806503,0.000680561548423565,0.031168297641704,0.000412976515514089,0.00125122445454661,0.00519471627361734,0.0519471627361734,FALSE,TRUE,0.00163794906537366,0.000562379514907191,0.00477058119942583,0.00481561125451475,0.00157334298932863,0.0147393873503099,0.76,0.9,0.0359571222482231,0.134851954676847,0.000680561548423565,0.00163794906537366,0.000412976515514089,0.00125122445454661
"Azerbaijan","AZE",9923914,10014575,10099743,10179146,10252564,10320433,10383416,10442074,10496551,10546995,10593977,10638202,10680202,10720233,10758354,10794574,10828788,10860905,10891006,10919100,10944978,10968335,10988920,11006695,11021665,11033792,11043035,11049380,11052844,11053445,11051298,11046509,11039198,11029440,11017348,11003094,10986923,10969019,10949509,10928488,10906056,10882343,10857437,10831458,10804472,10776506,10747569,10717685,10686902,10655310,10622976,10589951,10556306,"AZE","Europe",1,9651349,0.731,55,811010,673813,1484823,6.5,6.5,"II","asia",TRUE,FALSE,0.54895,0.437333333333333,1000,NA,NA,0.76,1000,0.7535,1000,0.752935142873257,1000,NA,FALSE,NA,0,NA,NA,NA,10.8655392332728,7.96356291659257,FALSE,13.3303857045048,40.7050716806503,0.000651296700510427,0.0298280287236191,0.000395218099767252,0.00119742051359179,0.00497133812060318,0.0497133812060318,FALSE,TRUE,0.00225276867389836,0.000810410853884002,0.00626221462086214,0.00662319629418291,0.00247150103877132,0.0177490231495456,0.76,0.9,0.0589305849809159,0.202394510199166,0.000651296700510427,0.00225276867389836,0.000395218099767252,0.00119742051359179
"Bangladesh","BGD",166368149,168065920,169775309,171499635,173229209,174947406,176631129,178262909,179836355,181353356,182814797,184224428,185584811,186894662,188151243,189354346,190504057,191600525,192643385,193632754,194569933,195456694,196294312,197083468,197823881,198514781,199154932,199743520,200280556,200766709,201202569,201589015,201926816,202216426,202458202,202652694,202800474,202902150,202958329,202969671,202936785,202860299,202740914,202579349,202376377,202132813,201849522,201527366,201167118,200769645,200336036,199867499,199365088,"BGD","Asia",1,160995642,0.5,34,7357930,7399382,14757312,14.3,7.5,"I","asia",TRUE,TRUE,0.35035,0.437333333333333,1000,NA,NA,0.76,1000,0.7535,1000,0.752935142873257,1000,FALSE,TRUE,FALSE,1,1,1357930,NA,3.66518947573299,2.68692667252273,TRUE,5.925,70.5633321604252,0.000390360038345507,0.0178776745332773,0.000236877221179033,0.000717683840920829,0.00297961242221289,0.0297961242221289,TRUE,TRUE,0.00349144151149361,0.00186237251741361,0.00654550242456864,0.00349144151149361,0.00186237251741361,0.00654550242456864,0.76,0.9,0.178701535057275,0.175644627109508,0.000390360038345507,0.00349144151149361,0.000236877221179033,0.000717683840920829
"Benin","BEN",11485674,11801595,12122985,12449613,12781511,13118725,13461351,13809467,14162973,14521715,14885608,15254549,15628437,16007138,16390564,16778622,17171208,17568229,17969567,18375045,18784441,19197485,19613944,20033640,20456429,20882131,21310569,21741574,22174967,22610581,23048329,23488116,23929846,24373388,24818542,25265096,25712796,26161405,26610714,27060566,27510929,27961798,28413096,28864707,29316363,29767686,30218228,30667609,31115560,31561943,32006601,32449448,32890347,"BEN","Africa",1,10879829,0.427,44,225551,824074,1049625,7.4,21.2,"I","west africa",TRUE,TRUE,0.44395,0.630702150537634,1000,NA,NA,0.523333333333333,1000,0.686529569892473,1000,0.421566924066924,1000,TRUE,FALSE,NA,0,NA,NA,NA,5.19238755705189,3.80897348912037,FALSE,14.910795,83.3659371704296,0.00042193236955364,0.0193236213673543,0.000256035857689123,0.000775730130762162,0.00322060356122571,0.0322060356122571,FALSE,TRUE,0.000597815327141232,0.000393888794267194,0.000907319960776918,0.00175759202673741,0.000749545318663767,0.00412133817066321,0.523333333333333,0.9,0.0195100103947603,0.0713040722515348,0.00042193236955364,0.000597815327141232,0.000256035857689123,0.000775730130762162
"Bhutan","BTN",817054,826229,835245,844152,852909,861502,869835,877866,885608,893058,900219,907107,913697,920013,926035,931797,937288,942541,947543,952313,956838,961150,965239,969113,972767,976219,979449,982468,985267,987846,990201,992324,994203,995848,997251,998393,999275,999896,1000243,1000328,1000154,999700,998991,998022,996800,995320,993604,991645,989456,987042,984420,981620,978656,"BTN","Asia",1,774830,0.522,39,39923,33245,73168,14.3,7.5,"I","asia",TRUE,FALSE,0.39377,0.66,1000,"vet_test","country",0.92,1000,0.954,1000,0.519,1000,FALSE,TRUE,FALSE,1,1,116657,"country",10.5054159376485,7.70145240358181,TRUE,2.91,43,0.000393454971747053,0.0180194160196486,0.000238755280283135,0.000723373930768217,0.00300323600327476,0.0300323600327476,TRUE,TRUE,0.0034398627498157,0.00178970314228818,0.006611518669203,0.0034398627498157,0.00178970314228818,0.006611518669203,0.92,0.9,0.170809318817671,0.171246019953067,0.000393454971747053,0.0034398627498157,0.000238755280283135,0.000723373930768217
"Bolivia","BOL",11215674,11379861,11543982,11707900,11871548,12034817,12197607,12359800,12521289,12681951,12841692,13000430,13158072,13314514,13469646,13623258,13775145,13925118,14073053,14218881,14362574,14504068,14643343,14780322,14914944,15047177,15177004,15304402,15429333,15551747,15671597,15788850,15903460,16015391,16124589,16231016,16334630,16435396,16533279,16628238,16720182,16809022,16894692,16977149,17056386,17132392,17205154,17274698,17341012,17404099,17463988,17520730,17574360,"BOL","Americas",1,10724705,0.663,69,979695,450266,1429961,7.5,7.5,"I","americas",TRUE,FALSE,0.68911,0.609201552437567,1000,NA,NA,0.632,1000,0.382,1000,0.6549,1000,NA,FALSE,NA,0,NA,NA,NA,5.97146790065811,4.37681454204919,FALSE,70.0427872499858,240.458702734493,0.000569631713596489,0.0260879428710823,0.000345662373597674,0.00104727798946059,0.00434799047851372,0.0434799047851372,FALSE,TRUE,0.00100886227447696,0.000344644445791095,0.00295319742213331,0.00296608034152654,0.000863555071857897,0.0101876914155139,0.632,0.9,0.0248718358013278,0.0940438965009094,0.000569631713596489,0.00100886227447696,0.000345662373597674,0.00104727798946059
"Burkina Faso","BFA",19751651,20321560,20903345,21496961,22102342,22719682,23349262,23991225,24645549,25312044,25990540,26680772,27382488,28095447,28819358,29553841,30298440,31052714,31816280,32588733,33369534,34158075,34953797,35756300,36565204,37379889,38199768,39024308,39853032,40685652,41522143,42362617,43207053,44055230,44906697,45760920,46617273,47475204,48334320,49194359,50055102,50916382,51778001,52639580,53500714,54361074,55220315,56078054,56933922,57787460,58638114,59485278,60328379,"BFA","Africa",1,18105570,0.331,30,255007,1716139,1971146,7.4,21.2,"II","west africa",TRUE,TRUE,0.30688,0.630702150537634,1000,NA,NA,0.523333333333333,1000,0.686529569892473,1000,0.421566924066924,1000,NA,FALSE,NA,0,NA,NA,NA,3.03659413291455,2.22755070211072,FALSE,14.910795,83.3659371704296,0.000462965289873277,0.0212028434253639,0.000280935343259861,0.00085116988116287,0.00353380723756066,0.0353380723756066,FALSE,TRUE,0.000542407897177458,0.000322555096927791,0.000912111852277861,0.00159469279564537,0.000641984683064243,0.00396122396619354,0.523333333333333,0.9,0.0141548339903987,0.0555597195680937,0.000462965289873277,0.000542407897177458,0.000280935343259861,0.00085116988116287
"Burundi","BDI",11216450,11575964,11939227,12305457,12675470,13049303,13427343,13810006,14197139,14588733,14985535,15388616,15798849,16216487,16641716,17075250,17517888,17970195,18432401,18904397,19386058,19877068,20377076,20885948,21403341,21928513,22460525,22998539,23542141,24090950,24644319,25201545,25762044,26325440,26891487,27459946,28030640,28603449,29178168,29754726,30333360,30914416,31498166,32084542,32673443,33265055,33859597,34457167,35057683,35660871,36266362,36873658,37482273,"BDI","Africa",1,11178921,0.316,12,63577,1328524,1392102,7.4,21.2,"II","east africa",TRUE,TRUE,0.12359,0.759569173441734,1000,NA,NA,0.660495295536791,1000,0.542664406779661,1000,0.412872392638037,1000,NA,FALSE,NA,0,NA,NA,NA,3.32298006980622,2.43745591473252,FALSE,21.2092467132088,167.691025010811,0.000576435606399755,0.0263995469523086,0.000349791093400215,0.0010597870668266,0.00439992449205143,0.0439992449205143,FALSE,TRUE,0.000881759137130413,0.00037294852698933,0.00208473588081826,0.00259239393599077,0.000953811838804828,0.00704594559004724,0.660495295536791,0.9,0.0189785882245856,0.0785468740799608,0.000576435606399755,0.000881759137130413,0.000349791093400215,0.0010597870668266
"Cambodia","KHM",16245729,16482646,16715508,16943711,17166941,17385301,17599113,17808685,18013910,18214806,18411936,18606102,18797878,18987419,19174678,19359792,19542826,19723795,19902725,20079472,20253651,20424780,20592416,20756393,20916573,21072481,21223615,21369568,21510112,21645224,21774972,21899525,22019028,22133468,22242808,22347095,22446452,22540932,22630596,22715466,22795622,22871178,22942211,23008804,23070929,23128512,23181467,23229699,23273276,23312223,23346517,23376078,23400907,"KHM","Asia",1,15577899,0.523,21,430428,863615,1294042,14.3,7.5,"I","asia",TRUE,TRUE,0.20945,0.492,1000,"vet_test","mixed",0.76,1000,0.7535,1000,0.952,1000,TRUE,TRUE,TRUE,1,NA,5491129,"rural",3.02022340651932,2.21474982950221,TRUE,11,18.5,0.000353440333010837,0.0161868291315932,0.000214473705584835,0.000649806309084952,0.00269780485526554,0.0269780485526554,FALSE,TRUE,0.00208138354409116,0.000994707936341197,0.00435520548227284,0.00611931972231422,0.00323853918458459,0.0115626434418786,0.76,0.9,0.111990364281092,0.358391589572149,0.000353440333010837,0.00208138354409116,0.000214473705584835,0.000649806309084952
"Cameroon","CMR",24678234,25312993,25958184,26613765,27279608,27955755,28642234,29339083,30046222,30763659,31491572,32230190,32979644,33739916,34510776,35291925,36083001,36883632,37693541,38512499,39340228,40176449,41020839,41873089,42732805,43599435,44472363,45351038,46235002,47123910,48017458,48915384,49817390,50723131,51632155,52543939,53457903,54373521,55290408,56208250,57126770,58045717,58964821,59883731,60802097,61719785,62636676,63552600,64467271,65380248,66291024,67198981,68103572,"CMR","Africa",1,23344179,0.482,54,598811,1439106,2037917,7.4,21.2,"II","west africa",TRUE,TRUE,0.54938,0.7416,1000,"vet_test","country",0.523333333333333,1000,0.56,1000,0.544401544401544,1000,TRUE,TRUE,TRUE,0,0,2525606,NA,6.4194952123063,4.70914137433488,FALSE,15.5,83.3659371704296,0.000380854307473041,0.017442331910966,0.000231108979317266,0.000700207386434796,0.00290705531849434,0.0290705531849434,FALSE,TRUE,0.000581570644529138,0.000320431899217374,0.00105552666698952,0.0017098322532093,0.000643785424336652,0.00454115023981345,0.523333333333333,0.9,0.0219154693441298,0.0783761817778555,0.000380854307473041,0.000581570644529138,0.000231108979317266,0.000700207386434796
"Central African Republic","CAF",4737423,4825711,4920889,5022853,5132270,5247586,5366949,5488896,5612532,5737657,5864322,5992915,6123615,6256230,6390254,6525376,6661223,6797519,6934059,7070780,7207592,7344487,7481447,7618398,7755269,7892097,8028923,8165788,8302674,8439545,8576467,8713528,8850780,8988184,9125699,9263238,9400708,9538009,9675075,9811807,9948080,10083725,10218599,10352590,10485592,10617464,10748050,10877206,11004827,11130808,11255037,11377383,11497740,"CAF","Africa",1,4900274,0.343,40,92544,397074,489618,7.4,21.2,"III","east africa",TRUE,TRUE,0.40332,0.841463414634146,1000,"vet","mixed",0.660495295536791,1000,0.6532,1000,0.412872392638037,1000,FALSE,FALSE,NA,0,0,NA,NA,5.04564685722299,3.70105794218449,FALSE,21.2092467132088,167.691025010811,0.000477658110514835,0.0218757439264473,0.00028985120088608,0.000878182892014818,0.00364595732107454,0.0364595732107454,FALSE,TRUE,0.000429522259827596,0.000265989028092541,0.000693597675853075,0.00126280619600251,0.000480586534957714,0.00331819427442477,0.660495295536791,0.9,0.00521268329620979,0.0380747689925271,0.000477658110514835,0.000429522259827596,0.00028985120088608,0.000878182892014818
"Chad","TCD",15353184,15814345,16285093,16765714,17255546,17754220,18261067,18775565,19297583,19827182,20364197,20908510,21459963,22018360,22583505,23155184,23733187,24317309,24907304,25502961,26103996,26710161,27321154,27936751,28556669,29180610,29808240,30439253,31073358,31710307,32349847,32991754,33635795,34281678,34929121,35577867,36227662,36878236,37529284,38180514,38831582,39482205,40132054,40780799,41428087,42073511,42716670,43357148,43994610,44628705,45258994,45885021,46506378,"TCD","Africa",1,14037472,0.328,22,148791,1470691,1619481,7.4,21.2,"II","west africa",TRUE,TRUE,0.22618,0.7647,1000,"suspected","urban",0.59,1000,0.5,1000,0.36,1000,TRUE,FALSE,NA,0,0,1205361,"mixed",7.05390512581685,5.17452469045677,FALSE,8.053975,83.3659371704296,0.00048817803414324,0.0223575344589533,0.000296234872449066,0.000897523957836584,0.00372625574315888,0.0372625574315888,FALSE,TRUE,0.000685080320929007,0.00036220447959095,0.00129577372056311,0.0020141532929534,0.000813109234318169,0.00498926013417724,0.59,0.9,0.0177593500532654,0.0704367945900153,0.00048817803414324,0.000685080320929007,0.000296234872449066,0.000897523957836584
"Congo","COG",5399895,5542197,5686917,5834089,5984189,6137528,6294495,6455373,6620218,6788982,6961681,7138328,7318887,7503338,7691584,7883415,8078586,8276845,8478096,8682197,8888864,9097765,9308628,9521302,9735722,9951830,10169580,10388945,10609847,10832271,11056291,11282052,11509651,11739090,11970350,12203432,12438366,12675151,12913740,13154112,13396242,13640111,13885679,14132883,14381604,14631675,14882852,15134958,15387848,15641402,15895465,16149866,16404435,"COG","Africa",1,4620330,0.533,65,142489,216157,358646,7.4,21.2,"II","east africa",TRUE,FALSE,0.65798,0.759569173441734,1000,NA,NA,0.660495295536791,1000,0.542664406779661,1000,0.412872392638037,1000,NA,FALSE,NA,0,NA,NA,NA,25.2452026355,18.5177362618968,FALSE,21.2092467132088,167.691025010811,0.000308573156390424,0.0141320061424202,0.00018724752699074,0.000567317210598619,0.00235533435707003,0.0235533435707003,FALSE,TRUE,0.000548198427087376,0.000231403040697748,0.00129869302734706,0.00161171709853323,0.000492424856816149,0.00527518456826037,0.660495295536791,0.9,0.0243693149784878,0.0943957456809731,0.000308573156390424,0.000548198427087376,0.00018724752699074,0.000567317210598619
"Cuba","CUB",11489082,11492046,11495492,11499731,11504042,11508091,11511251,11513023,11513391,11512406,11509562,11504248,11496000,11484603,11470131,11452767,11432859,11410652,11386169,11359359,11330341,11299210,11266074,11230978,11193932,11154901,11113815,11070604,11025328,10977998,10928575,10876966,10823142,10767137,10709058,10649031,10587230,10523816,10458975,10392837,10325507,10257079,10187700,10117480,10046706,9975883,9905653,9836515,9768706,9702320,9637454,9574144,9512440,"CUB","Americas",1,11389562,0.776,77,1170452,348156,1518608,7.5,7.5,"I","americas",TRUE,FALSE,0.77184,0.609201552437567,1000,NA,NA,0.632,1000,0.382,1000,0.6549,1000,FALSE,FALSE,NA,0,NA,NA,NA,3.61610403937824,2.65108844651042,FALSE,41.3419256851083,130.718094034208,0.000571321798435411,0.0261653452271532,0.000346687946302035,0.001050385240356,0.0043608908711922,0.043608908711922,FALSE,TRUE,0.00144291683082466,0.000348521827319591,0.00597382665151668,0.00424221160275384,0.000951119307684813,0.018921242726473,0.632,0.9,0.0413463474233388,0.142479373071417,0.000571321798435411,0.00144291683082466,0.000346687946302035,0.001050385240356
"Dem. People's Republic of Korea","PRK",25610672,25727408,25840863,25950762,26056854,26158991,26257063,26350877,26440287,26524975,26604290,26677453,26743895,26803384,26855925,26901502,26940153,26971999,26997036,27015392,27027443,27033684,27034528,27030232,27020983,27007159,26989131,26967265,26941830,26913047,26881134,26846286,26808680,26768513,26725991,26681309,26634672,26586250,26536214,26484692,26431705,26377256,26321376,26264127,26205636,26146050,26085576,26024364,25962497,25900018,25836884,25773044,25708449,"PRK","Asia",1,25155317,0.766,61,2041773,688253,2730026,14.3,7.5,"III","asia",TRUE,TRUE,0.61048,0.437333333333333,1000,NA,NA,0.76,1000,0.7535,1000,0.752935142873257,1000,NA,FALSE,NA,0,NA,NA,NA,4.61613188838984,3.38405639773165,FALSE,13.3303857045048,40.7050716806503,0.000464108627547729,0.0212552059031219,0.000281629140330742,0.0008532719277175,0.00354253431718699,0.0354253431718699,FALSE,TRUE,0.00225206110475296,0.000702311338648618,0.00722155394685807,0.00662111602318305,0.00211387907482075,0.0207387347339955,0.76,0.9,0.0893587461101805,0.291854065618764,0.000464108627547729,0.00225206110475296,0.000281629140330742,0.0008532719277175
"Democratic Republic of the Congo","COD",84004989,86727573,89505201,92336045,95220379,98160404,101159625,104220558,107343095,110526199,113770328,117075937,120442943,123870684,127357745,130902180,134501533,138153309,141855797,145606856,149402912,153239842,157114000,161022796,164964224,168935876,172935478,176960865,181009643,185079729,189169665,193278289,197404202,201545747,205700770,209866710,214040750,218220444,222403206,226587511,230773102,234960366,239148828,243337060,247521949,251699336,255864141,260011999,264140161,268246746,272329389,276385914,280414206,"COD","Africa",1,77266814,0.286,42,1548762,6004467,7553229,7.4,21.2,"III","east africa",TRUE,TRUE,0.43015,0.6591,1000,"lab_testing","overall",0.660495295536791,1000,0.542664406779661,1000,0.412872392638037,1000,TRUE,FALSE,NA,0,NA,NA,NA,4.9254248708423,3.61287330683649,FALSE,33.9877401396264,114.896184666364,0.00041867134381152,0.0191742731986499,0.000254057010880775,0.000769734677206347,0.00319571219977499,0.0319571219977498,FALSE,TRUE,0.000290013918661312,0.000155704011277007,0.000540179230627892,0.000852648180700747,0.000273382059751995,0.00265931466282687,0.660495295536791,0.9,0.000703206090684397,0.0248167931238136,0.00041867134381152,0.000290013918661312,0.000254057010880775,0.000769734677206347
"Djibouti","DJI",971408,985690,999899,1014025,1028031,1041880,1055552,1069009,1082248,1095262,1108021,1120511,1132710,1144609,1156203,1167462,1178401,1189001,1199256,1209170,1218739,1227967,1236850,1245401,1253614,1261491,1269036,1276268,1283179,1289766,1296038,1301978,1307615,1312919,1317902,1322563,1326904,1330906,1334592,1337932,1340951,1343630,1345960,1347944,1349591,1350894,1351881,1352536,1352880,1352927,1352664,1352125,1351296,"DJI","Africa",1,887861,0.43,77,32391,27184,59576,7.4,21.2,"II","east africa",TRUE,TRUE,0.7743,0.759569173441734,1000,NA,NA,0.660495295536791,1000,0.542664406779661,1000,0.412872392638037,1000,TRUE,FALSE,NA,0,NA,NA,NA,5.66150380613322,4.15397632396164,FALSE,21.2092467132088,167.691025010811,0.000271702530140353,0.0124434084603146,0.000164873793433728,0.00049952991152861,0.00207390141005243,0.0207390141005243,FALSE,TRUE,0.000218533751712766,6.78672439851484e-05,0.000703682628516751,0.000642494700529196,0.000131257661771723,0.00314495500404406,0.660495295536791,0.9,0.00314025766286158,0.031981785752038,0.000271702530140353,0.000218533751712766,0.000164873793433728,0.00049952991152861
"Eritrea","ERI",5187948,5309659,5432216,5555141,5678798,5803376,5929298,6056880,6186016,6316482,6448451,6582129,6717687,6855107,6994250,7135034,7277273,7420805,7565543,7711344,7857969,8005125,8152540,8300073,8447599,8594901,8741756,8887988,9033461,9178086,9321828,9464689,9606664,9747675,9887684,10026695,10164756,10301880,10438046,10573202,10707355,10840490,10972592,11103618,11233513,11362223,11489663,11615750,11740447,11863684,11985320,12105203,12223199,"ERI","Africa",1,5222000,0.349,38,92863,439636,532499,7.4,21.2,"II","east africa",TRUE,TRUE,0.20954,0.759569173441734,1000,NA,NA,0.660495295536791,1000,0.542664406779661,1000,0.412872392638037,1000,NA,FALSE,NA,0,NA,NA,NA,9.73856510920995,7.14338414200178,FALSE,21.2092467132088,167.691025010811,0.00046931113304675,0.0214934697901307,0.000284786110626677,0.000862836826175791,0.00358224496502178,0.0358224496502178,FALSE,TRUE,0.000808469755351425,0.000422189687089136,0.00154817458906805,0.00237692131892816,0.000999021162586323,0.00565529056636673,0.660495295536791,0.9,0.0231927168902204,0.0909365178480192,0.00046931113304675,0.000808469755351425,0.000284786110626677,0.000862836826175791
"Ethiopia","ETH",107534882,110135635,112759070,115403326,118065225,120741324,123427617,126120682,128817980,131517867,134218920,136920107,139620178,142317586,145010282,147695897,150371875,153036024,155686416,158322006,160942553,163548404,166139393,168714421,171271652,173809294,176325273,178817639,181284897,183725643,186137980,188519926,190869632,193185551,195466255,197710275,199916172,202082564,204208147,206291692,208332018,210328007,212278592,214182834,216039798,217848514,219608052,221317582,222976385,224583933,226139950,227644312,229096851,"ETH","Africa",1,99390750,0.363,19,912895,10815863,11728757,7.4,21.2,"I","east africa",TRUE,TRUE,0.19922,0.736,1000,"suspected","mixed",0.7742,1000,0.542664406779661,1000,0.5742,1000,TRUE,FALSE,NA,0,0,NA,NA,3.91514669948763,2.87181905691246,FALSE,0.1353,167.691025010811,0.000494485349878896,0.0226463963475282,0.000300062260700418,0.000909120069473039,0.0037743993912547,0.037743993912547,FALSE,TRUE,0.000900683667218453,0.000464304781989422,0.00174719516115723,0.00264803252818202,0.00113922523670855,0.00615512722538464,0.7742,0.9,0.0228669100988659,0.0972779809857681,0.000494485349878896,0.000900683667218453,0.000300062260700418,0.000909120069473039
"Gambia","GMB",2163765,2228075,2293493,2359954,2427423,2495903,2565346,2635740,2707043,2779225,2852248,2926075,3000667,3075997,3151996,3228620,3305795,3383475,3461606,3540115,3618924,3697953,3777102,3856320,3935557,4014728,4093762,4172601,4251178,4329458,4407399,4484972,4562152,4638898,4715155,4790919,4866138,4940793,5014835,5088254,5160997,5233040,5304345,5374891,5444629,5513532,5581573,5648736,5714972,5780241,5844490,5907669,5969719,"GMB","Africa",1,1990924,0.42,60,56001,108608,164609,7.4,21.2,"II","west africa",TRUE,TRUE,0.60224,0.630702150537634,1000,NA,NA,0.523333333333333,1000,0.686529569892473,1000,0.421566924066924,1000,NA,FALSE,NA,0,NA,NA,NA,2.96305705666479,2.17360619666179,FALSE,14.910795,83.3659371704296,0.000350197817739111,0.0160383287037759,0.000212506091249995,0.000643844887356642,0.00267305478396265,0.0267305478396265,FALSE,TRUE,0.000352567783694571,0.000170026562426779,0.000731086015767877,0.00103655810979176,0.000318077548094434,0.00337795836710884,0.523333333333333,0.9,0.0105558126122733,0.0449785066231198,0.000350197817739111,0.000352567783694571,0.000212506091249995,0.000643844887356642
"Georgia","GEO",3907131,3904204,3898529,3888720,3875910,3860783,3844853,3829218,3813765,3797879,3781626,3765090,3748350,3731428,3714369,3697215,3680013,3662822,3645651,3628501,3611354,3594175,3576930,3559615,3542228,3524684,3506900,3488799,3470363,3451615,3432545,3413224,3393665,3373875,3353882,3333720,3313411,3292996,3272498,3251961,3231422,3210933,3190547,3170278,3150162,3130223,3110502,3091026,3071823,3052884,3034212,3015801,2997646,"GEO","Europe",1,3679000,0.733,54,303608,262392,566000,6.5,6.5,"I","asia",TRUE,FALSE,0.53826,0.437333333333333,1000,NA,NA,0.76,1000,0.7535,1000,0.752935142873257,1000,FALSE,FALSE,NA,0,NA,NA,NA,6.79088328789793,4.97716911803004,FALSE,13.3303857045048,40.7050716806503,0.00061999070236219,0.0283942793874788,0.000376221078763204,0.00113986388179588,0.00473237989791313,0.0473237989791313,FALSE,TRUE,0.00235400592880435,0.000849108393336433,0.00652607365129467,0.00692083635785013,0.00262335142141902,0.018258314727133,0.76,0.9,0.0663095889603511,0.224088966615227,0.00061999070236219,0.00235400592880435,0.000376221078763204,0.00113986388179588
"Ghana","GHA",29463643,30096970,30733755,31374052,32017825,32665069,33315708,33969758,34627161,35287968,35952490,36621087,37294019,37971309,38652767,39338139,40027113,40719336,41414511,42112439,42813023,43516217,44221824,44929545,45638788,46348729,47058334,47766708,48473345,49177795,49879254,50576874,51269943,51957995,52640729,53317970,53989616,54655603,55315682,55969713,56617789,57260151,57896929,58528042,59153361,59772916,60386781,60994934,61597278,62193611,62783647,63367021,63943441,"GHA","Africa",1,27409893,0.541,54,698720,1702303,2401022,7.4,21.2,"I","west africa",TRUE,TRUE,0.54682,0.630702150537634,1000,NA,NA,0.523333333333333,1000,0.686529569892473,1000,0.421566924066924,1000,FALSE,TRUE,FALSE,0,0,NA,NA,8.03452710370816,5.89387837350684,FALSE,16,83.3659371704296,0.000370519577138544,0.0169690228445657,0.000224837686247293,0.000681206801762299,0.00282817047409427,0.0282817047409427,FALSE,TRUE,0.000807717589448663,0.000427090334592319,0.00152756372940989,0.00237470993234528,0.000949150360086325,0.00594136345506569,0.523333333333333,0.9,0.0361725215235989,0.120292272078254,0.000370519577138544,0.000807717589448663,0.000224837686247293,0.000681206801762299
"Guinea","GIN",13052608,13398180,13750826,14109660,14475131,14847144,15225927,15611600,16003772,16401917,16805925,17215775,17631380,18052550,18479052,18910686,19347252,19788558,20234399,20684604,21139017,21597512,22059928,22526069,22995714,23468655,23944696,24423594,24905139,25389111,25875196,26363034,26852336,27342813,27834255,28326505,28819424,29312851,29806555,30300278,30793678,31286402,31778122,32268570,32757533,33244813,33730182,34213447,34694393,35172791,35648406,36120999,36590364,"GIN","Africa",1,12608590,0.344,37,221013,1070691,1291704,7.4,21.2,"II","west africa",TRUE,TRUE,0.37651,0.630702150537634,1000,"clinical_observation","urban",0.523333333333333,1000,0.3295,1000,0.49,1000,TRUE,FALSE,NA,0,0,NA,NA,5.74297494043373,4.21286721191614,FALSE,14.910795,83.3659371704296,0.000456980955255935,0.0209287733974981,0.00027730394553593,0.000840167576030068,0.00348812889958302,0.0348812889958302,FALSE,TRUE,0.000469233495826494,0.000293895966754747,0.000749176914664129,0.00137955822391942,0.000542731003505266,0.00350667435781608,0.523333333333333,0.9,0.010993483701728,0.0462652705822134,0.000456980955255935,0.000469233495826494,0.00027730394553593,0.000840167576030068
"Guinea Bissau","GNB",1907268,1953723,2000694,2048139,2096009,2144247,2192880,2241865,2291199,2340894,2390982,2441532,2492580,2544120,2596172,2648734,2701825,2755473,2809661,2864364,2919552,2975168,3031196,3087557,3144247,3201208,3258368,3315680,3373081,3430548,3488019,3545439,3602736,3659886,3716858,3773621,3830143,3886400,3942353,3998013,4053357,4108398,4163165,4217629,4271767,4325567,4379008,4432079,4484733,4536978,4588819,4640242,4691250,"GNB","Africa",1,1844325,0.353,49,42917,126281,169199,7.4,21.2,"II","west africa",TRUE,TRUE,0.50094,0.630702150537634,1000,NA,NA,0.523333333333333,1000,0.686529569892473,1000,0.421566924066924,1000,FALSE,FALSE,NA,0,NA,NA,NA,2.37954976714194,1.74556345812875,FALSE,14.910795,83.3659371704296,0.000406072277805306,0.0185972622872948,0.000246411679771443,0.000746571071316568,0.00309954371454913,0.0309954371454913,FALSE,TRUE,0.000335227604803704,0.000186796285196382,0.000601604827977623,0.000985577549780809,0.000329694292445484,0.00294625393550773,0.523333333333333,0.9,0.00659862963644017,0.0333442896151269,0.000406072277805306,0.000335227604803704,0.000246411679771443,0.000746571071316568
"Guyana","GUY",782225,786508,790782,795022,799146,803119,806914,810501,813861,816988,819881,822554,824982,827197,829166,830889,832333,833489,834352,834928,835233,835288,835119,834730,834125,833307,832264,831011,829552,827883,826057,824047,821906,819622,817215,814676,811998,809183,806227,803140,799917,796576,793109,789507,785795,781956,777991,773916,769732,765430,761006,756464,751791,"GUY","Americas",1,767085,0.633,29,29203,73075,102278,7.5,7.5,"0","americas",TRUE,FALSE,0.28661,0.609201552437567,1000,NA,NA,0.632,1000,0.382,1000,0.6549,1000,NA,FALSE,NA,0,NA,NA,NA,3.09369479537646,2.26836804977145,FALSE,41.3419256851083,145.236950138642,0.000568347384433699,0.0260291232776033,0.000344883020453714,0.00104491672755872,0.00433818721293388,0.0433818721293388,FALSE,TRUE,0.00297969062186478,0.00129818681178991,0.00683919765737517,0.00876036501803594,0.00466880002237348,0.0164376274163513,0.632,0.9,0.10067550285712,0.31690857521672,0.000568347384433699,0.00297969062186478,0.000344883020453714,0.00104491672755872
"Haiti","HTI",11112945,11242856,11371185,11497951,11622998,11746163,11867239,11986045,12102492,12216575,12328207,12437358,12543964,12647964,12749288,12847840,12943529,13036257,13125966,13212592,13296139,13376643,13454085,13528481,13599740,13667688,13732075,13792760,13849625,13902725,13952199,13998279,14041135,14080812,14117235,14150284,14179777,14205592,14227719,14246211,14261109,14272464,14280338,14284780,14285831,14283614,14278227,14269805,14258428,14244189,14227209,14207575,14185440,"HTI","Americas",1,10711067,0.454,59,837534,590608,1428142,7.5,7.5,"I","americas",TRUE,TRUE,0.59794,0.609201552437567,1000,"lab_testing","mixed",0.632,1000,0.382,1000,0.6549,1000,TRUE,TRUE,TRUE,0,0,1113728.83770897,"Overall",6.99793283086696,5.12916667779528,FALSE,12.2,150,0.00056744479232225,0.0259877864438608,0.000344335311953314,0.00104325729598351,0.00433129774064346,0.0433129774064346,FALSE,TRUE,0.000429783174685786,0.000212649110896444,0.000868630846676548,0.001263573292217,0.00041139311225125,0.00388100193527061,0.632,0.9,0.00273813493472564,0.0289702618864188,0.00056744479232225,0.000429783174685786,0.000344335311953314,0.00104325729598351
"Honduras","HND",9417167,9568688,9719265,9868818,10017325,10164639,10310545,10454849,10597425,10738136,10876813,11013275,11147351,11278945,11407968,11534322,11657920,11778686,11896543,12011469,12123518,12232808,12339417,12443346,12544546,12642936,12738436,12830963,12920484,13006996,13090516,13171064,13248655,13323288,13394917,13463513,13529028,13591414,13650645,13706713,13759624,13809396,13856012,13899492,13939800,13976874,14010622,14040968,14067908,14091492,14111733,14128714,14142488,"HND","Americas",1,8075060,0.625,55,589264,487411,1076675,7.5,7.5,"I","americas",TRUE,FALSE,0.55315,0.609201552437567,1000,NA,NA,0.632,1000,0.382,1000,0.6549,1000,NA,FALSE,NA,0,NA,NA,NA,6.06922707008263,4.45009662418141,FALSE,64.8947593357572,145.236950138642,0.000508551878965521,0.0232906140033349,0.000308598073781583,0.000934981632214199,0.00388176900055582,0.0388176900055582,FALSE,TRUE,0.00125012753625339,0.000570844936448257,0.00273772921000698,0.00367540625067438,0.00147418892087346,0.00916341923088963,0.632,0.9,0.0398754085493066,0.138154775960165,0.000508551878965521,0.00125012753625339,0.000308598073781583,0.000934981632214199
"India","IND",1354051854,1368737513,1383197753,1397423009,1411415296,1425158481,1438635367,1451829004,1464726099,1477311590,1489564612,1501462374,1512985207,1524123804,1534869174,1545203584,1555108108,1564570223,1573581733,1582146821,1590281887,1598011486,1605355574,1612319846,1618905536,1625123097,1630983670,1636496308,1641666866,1646498484,1650993654,1655153372,1658978162,1662471555,1665634474,1668461495,1670944584,1673078321,1674862507,1676300456,1677394788,1678149384,1678568111,1678655989,1678416452,1677850625,1676958866,1675744291,1674212113,1672372856,1670242036,1667838579,1665179391,"IND","Asia",1,1311050527,0.547,33,57243962,61658798,118902760,14.3,7.5,"II","asia",TRUE,FALSE,0.33136,0.437333333333333,1000,NA,NA,0.76,1000,0.7535,1000,0.73,1000,TRUE,TRUE,NA,0.4,NA,32763981,"rural",7.4085872509512,5.43118734279749,TRUE,1.87,5.24,0.000386568875800657,0.0177040472061389,0.000234576678191927,0.000710713721468348,0.00295067453435649,0.0295067453435649,FALSE,TRUE,0.00162586523471267,0.000920504134369854,0.00287172828751811,0.00478008448988031,0.00265887265153904,0.00859356980379202,0.76,0.9,0.0752411509975115,0.250347982585748,0.000386568875800657,0.00162586523471267,0.000234576678191927,0.000710713721468348
"Indonesia","IDN",266794980,269536482,272222987,274854187,277425269,279933839,282376577,284751045,287056004,289291764,291459262,293560094,295595234,297564832,299467795,301302463,303066623,304758627,306377782,307924332,309398715,310801798,312134188,313396421,314588313,315708952,316757043,317731985,318634138,319464950,320226337,320920805,321550686,322117585,322622942,323068816,323457405,323790912,324071289,324300574,324481165,324615556,324706159,324754716,324763120,324734079,324670480,324574722,324448614,324293099,324108637,323895158,323652789,"IDN","Asia",1,257563815,0.617,54,18455993,8331739,26787732,14.3,7.5,"II","asia",TRUE,FALSE,0.54466,0.437333333333333,1000,NA,NA,0.76,1000,0.7535,1000,0.752935142873257,1000,NA,FALSE,NA,0,NA,NA,NA,7.30705714192911,5.35695056265081,FALSE,18.7726573032336,74.6464934611338,0.000441428873681827,0.0202165205401736,0.000267866673517927,0.000811574798742396,0.00336942009002893,0.0336942009002893,FALSE,TRUE,0.00122882981364105,0.000576274323220095,0.00262031926471304,0.00361279041305422,0.00147755998205801,0.00883365462461747,0.76,0.9,0.0441888042933814,0.159053305950983,0.000441428873681827,0.00122882981364105,0.000267866673517927,0.000811574798742396
"Ivory Coast","CIV",24905843,25531083,26171750,26827728,27498056,28182319,28879988,29590631,30314031,31050231,31799349,32561655,33337306,34126217,34928213,35743151,36570885,37411246,38264047,39129144,40006316,40895356,41796024,42708064,43631197,44565118,45509489,46463968,47428299,48402130,49384946,50376128,51375178,52381650,53395312,54416142,55444236,56479575,57521895,58570721,59625535,60685714,61750672,62819984,63893284,64970171,66050268,67133154,68218449,69305704,70394351,71483752,72573371,"CIV","Africa",1,22701556,0.4,54,580175,1405656,1985830,7.4,21.2,"II","west africa",TRUE,TRUE,0.54869,0.630702150537634,1000,NA,NA,0.39,1000,0.92,1000,0.37,1000,TRUE,FALSE,NA,0,0,NA,NA,5.29517770172711,3.88409257443322,FALSE,14.4,83.3659371704296,0.000369435715999703,0.0169193842679286,0.000224179980566659,0.000679214103871284,0.0028198973779881,0.028198973779881,FALSE,TRUE,0.00037328828800414,0.000200633296161469,0.000694521540676468,0.00109747691115242,0.000366286787517468,0.00328828560450114,0.39,0.9,0.0135470862966763,0.0452135110024511,0.000369435715999703,0.00037328828800414,0.000224179980566659,0.000679214103871284
"Kenya","KEN",50950879,52214791,53491697,54780852,56081772,57395145,58722068,60063158,61418176,62786272,64166647,65558242,66959993,68371214,69791017,71217897,72650119,74086106,75524882,76965577,78406959,79847748,81286865,82723272,84156324,85585822,87011808,88434154,89852235,91265247,92672520,94073394,95467137,96853106,98230578,99598638,100956312,102302686,103636956,104958416,106266321,107559944,108838578,110101466,111347854,112576964,113788006,114980216,116153024,117305781,118437579,119547404,120634465,"KEN","Africa",1,46050302,0.509,26,556557,4628553,5185110,7.4,21.2,"I","east africa",TRUE,TRUE,0.26055,0.829268292682927,1000,"lab_testing","overall",0.660495295536791,1000,0.542664406779661,1000,0.412872392638037,1000,TRUE,FALSE,NA,0,0,NA,NA,5.84611236383711,4.2882114449281,FALSE,15,220.485865355257,0.000464762764414014,0.0212851640055067,0.000282026081892212,0.000854474569926148,0.00354752733425111,0.0354752733425111,FALSE,TRUE,0.00164671480781483,0.000894742103543816,0.00303067179641654,0.00484138275672215,0.00264795807634369,0.00885172133444467,0.660495295536791,0.9,0.0629424883938926,0.207801841113615,0.000464762764414014,0.00164671480781483,0.000282026081892212,0.000854474569926148
"Kyrgyzstan","KGZ",6132932,6218616,6301718,6381898,6459055,6533394,6605291,6675072,6742763,6808412,6872400,6935224,6997284,7058739,7119629,7180113,7240301,7300284,7360133,7419811,7479195,7538049,7596178,7653535,7710049,7765538,7819764,7872543,7923784,7973435,8021470,8067880,8112653,8155767,8197197,8236949,8275017,8311417,8346162,8379290,8410905,8441113,8470031,8497710,8524165,8549468,8573672,8596829,8618990,8640179,8660406,8679635,8697868,"KGZ","Asia",1,5957000,0.615,36,283609,267828,551436,14.3,7.5,"II","asia",TRUE,TRUE,0.3585,0.437333333333333,1000,NA,NA,0.76,1000,0.7535,1000,0.752935142873257,1000,NA,FALSE,NA,0,NA,NA,NA,5.53083747825671,4.0536572832742,FALSE,13.3303857045048,40.7050716806503,0.000398028944312681,0.0182288944109281,0.000241530845926809,0.00073178326030174,0.00303814906848801,0.0303814906848801,FALSE,TRUE,0.00216296127919271,0.00107069882928404,0.00436948408584263,0.00635916030562517,0.00342847848920909,0.0117950046704151,0.76,0.9,0.102061004884627,0.329199024387691,0.000398028944312681,0.00216296127919271,0.000241530845926809,0.00073178326030174
"Lao People's Democratic Republic","LAO",6961210,7064242,7164822,7262301,7357213,7449765,7540495,7629773,7717463,7803221,7887021,7968851,8048698,8126506,8202235,8275833,8347252,8416467,8483420,8548078,8610412,8670363,8727905,8783005,8835638,8885748,8933269,8978146,9020358,9059914,9096823,9131134,9162892,9192112,9218774,9242870,9264391,9283327,9299697,9313514,9324796,9333570,9339862,9343694,9345099,9344110,9340753,9335058,9327089,9316874,9304477,9289954,9273381,"LAO","Asia",1,6802023,0.524,39,350204,291992,642197,14.3,7.5,"II","asia",TRUE,FALSE,0.39654,0.437333333333333,1000,NA,NA,0.76,1000,0.7535,1000,0.752935142873257,1000,TRUE,FALSE,NA,0,0,NA,NA,3.97057907406756,2.91165193559355,FALSE,25.8260654461758,64.6561004830454,0.000407265268897102,0.0186518987878716,0.000247135607394551,0.000748764406557987,0.0031086497979786,0.031086497979786,FALSE,TRUE,0.00117269540534173,0.000728588318574382,0.00188750557571452,0.00344775384745746,0.00179026168204178,0.00663981512417819,0.76,0.9,0.0462780658847031,0.165195787329364,0.000407265268897102,0.00117269540534173,0.000247135607394551,0.000748764406557987
"Lesotho","LSO",2263010,2292682,2322217,2351503,2380501,2409247,2437840,2466330,2494720,2523002,2551249,2579543,2607957,2636529,2665243,2694144,2723242,2752561,2782100,2811858,2841805,2871934,2902197,2932595,2963091,2993619,3024119,3054502,3084733,3114785,3144620,3174191,3203470,3232414,3260984,3289119,3316747,3343817,3370295,3396164,3421379,3445934,3469806,3492993,3515454,3537219,3558303,3578718,3598462,3617524,3635926,3653659,3670731,"LSO","Africa",1,2135022,0.45,27,27506,209717,237222,7.4,21.2,"I","east africa",TRUE,TRUE,0.2784,0.759569173441734,1000,NA,NA,0.660495295536791,1000,0.542664406779661,1000,0.412872392638037,1000,FALSE,FALSE,NA,0,NA,NA,NA,5.30018020762007,3.88776198764999,FALSE,21.2092467132088,167.691025010811,0.000469863406542679,0.0215187627628833,0.000285121239733644,0.000863852190774783,0.00358646046048055,0.0358646046048055,FALSE,TRUE,0.00113085059855042,0.00068168712949873,0.00187596775837943,0.00332472906800177,0.00171227027691299,0.00645565336539307,0.660495295536791,0.9,0.0381298886941282,0.13485217686951,0.000469863406542679,0.00113085059855042,0.000285121239733644,0.000863852190774783
"Liberia","LBR",4853516,4977720,5103853,5232082,5362863,5496177,5631939,5770096,5910628,6053511,6198650,6345961,6495377,6646813,6800202,6955476,7112532,7271261,7431614,7593499,7756851,7921578,8087611,8254885,8423317,8592845,8763359,8934809,9107105,9280200,9454055,9628677,9804031,9980081,10156726,10333893,10511471,10689379,10867513,11045836,11224283,11402812,11581381,11759900,11938295,12116456,12294273,12471642,12648483,12824700,13000221,13174960,13348829,"LBR","Africa",1,4503438,0.329,50,105578,306106,411684,7.4,21.2,"I","west africa",TRUE,TRUE,0.501,0.385806451612903,1000,"suspect","urban",0.523333333333333,1000,0.909677419354839,1000,0.09,1000,FALSE,FALSE,NA,0,NA,NA,NA,21.7073090223359,15.9238045447522,FALSE,14.910795,83.3659371704296,0.000391360517827869,0.0179234944041809,0.000237484329428722,0.00071952324016033,0.00298724906736348,0.0298724906736348,FALSE,TRUE,0.000294190829654258,0.000157130586451516,0.000550804564580212,0.00086492840357944,0.000274723306400549,0.00272310767193425,0.523333333333333,0.9,0.00498668525839979,0.02860513279234,0.000391360517827869,0.000294190829654258,0.000237484329428722,0.00071952324016033
"Madagascar","MDG",26262810,26969642,27690798,28426106,29175412,29938052,30713196,31500077,32298311,33107434,33926654,34755062,35591943,36436782,37289343,38149373,39016761,39891388,40772971,41661283,42556397,43458494,44367656,45283723,46206441,47135665,48071248,49012988,49960619,50913785,51872127,52835205,53802574,54773869,55748627,56726164,57705696,58686533,59668151,60650175,61632182,62613812,63594676,64574346,65552365,66528398,67502139,68473226,69441300,70405960,71366711,72323008,73274376,"MDG","Africa",1,24235390,0.48,35,401313,2125345,2526658,7.4,21.2,"II","east africa",TRUE,TRUE,0.35741,0.759569173441734,1000,NA,NA,0.660495295536791,1000,0.542664406779661,1000,0.412872392638037,1000,FALSE,TRUE,FALSE,1,NA,NA,NA,4.45069279661912,3.26488935593698,TRUE,21.2092467132088,167.691025010811,0.00044352932560794,0.0203127168518325,0.000269141264066659,0.000815436516792204,0.00338545280863875,0.0338545280863875,TRUE,TRUE,0.00306423139283901,0.00158817914707822,0.005912125244897,0.00306423139283901,0.00158817914707822,0.005912125244897,0.660495295536791,0.9,0.136430905824021,0.131201307005441,0.00044352932560794,0.00306423139283901,0.000269141264066659,0.000815436516792204
"Malawi","MWI",19164728,19718743,20283691,20859191,21445468,22043258,22653625,23277224,23914217,24564021,25225545,25897347,26578247,27267730,27965730,28672108,29386842,30109857,30840793,31579218,32324869,33077454,33836707,34602300,35373855,36150880,36932805,37719155,38509466,39303412,40100768,40901375,41705002,42511285,43319721,44129755,44940790,45752245,46563628,47374487,48184363,48992765,49799238,50603295,51404420,52202051,52995621,53784568,54568455,55346797,56119055,56884673,57643148,"MWI","Africa",1,17215232,0.4,16,132135,1947834,2079969,7.4,21.2,"I","east africa",TRUE,TRUE,0.16454,0.759569173441734,1000,NA,NA,0.660495295536791,1000,0.542664406779661,1000,0.412872392638037,1000,NA,FALSE,NA,0,0,NA,NA,6.74464192605715,4.94729640666094,FALSE,21.2092467132088,167.691025010811,0.000503019367899899,0.0230372365505553,0.000305240850401543,0.000924810012679726,0.00383953942509255,0.0383953942509255,FALSE,TRUE,0.0012260300807229,0.000587592595775417,0.00255814959147633,0.00360455912818995,0.0016101400207739,0.00806938920900341,0.660495295536791,0.9,0.0387975420879889,0.136815094560639,0.000503019367899899,0.0012260300807229,0.000305240850401543,0.000924810012679726
"Mali","MLI",19107706,19689140,20284180,20892584,21515305,22152885,22806188,23475747,24161496,24862935,25579703,26311270,27057112,27816844,28590026,29375969,30173868,30982972,31802693,32632452,33471454,34318829,35173773,36035737,36904189,37778476,38657969,39542118,40430330,41322247,42217820,43117136,44020171,44926621,45836003,46747759,47661234,48575874,49491173,50406799,51322530,52238234,53153630,54068306,54981656,55893074,56801833,57707270,58608833,59505968,60397896,61283762,62162821,"MLI","Africa",1,17599694,0.359,40,331372,1429000,1760372,7.4,21.2,"I","west africa",TRUE,TRUE,0.40683,0.630702150537634,1000,NA,NA,0.59,1000,0.9,1000,0.675,1000,TRUE,TRUE,NA,0,0,NA,NA,4.06935966337567,2.98515526888724,FALSE,20.6,83.3659371704296,0.000429442069187363,0.0196675499274174,0.000260592873280845,0.000789536846480644,0.0032779249879029,0.032779249879029,FALSE,TRUE,0.000463468369887966,0.000294405740397634,0.000729615290776902,0.00136260860934338,0.000535314212655831,0.00346843438556418,0.59,0.9,0.0106824464583937,0.0496305208669643,0.000429442069187363,0.000463468369887966,0.000260592873280845,0.000789536846480644
"Mauritania","MRT",4540068,4661149,4783767,4907911,5033378,5160072,5287877,5416711,5546519,5677339,5809251,5942334,6076668,6212246,6349041,6487015,6626118,6766329,6907598,7049901,7193176,7337362,7482408,7628249,7774826,7922068,8069896,8218228,8367010,8516175,8665625,8815261,8965000,9114775,9264531,9414225,9563831,9713321,9862627,10011698,10160497,10308970,10457086,10604785,10752025,10898755,11044939,11190525,11335471,11479727,11623244,11765958,11907842,"MRT","Africa",1,4067564,0.453,60,114849,220643,335493,7.4,21.2,"III","west africa",TRUE,TRUE,0.60446,0.630702150537634,1000,NA,NA,0.523333333333333,1000,0.686529569892473,1000,0.421566924066924,1000,NA,FALSE,NA,0,NA,NA,NA,4.34321421987379,3.18604642632401,FALSE,14.910795,83.3659371704296,0.000338917960427407,0.0155217347956106,0.00020566127878759,0.000623106670005262,0.00258695579926844,0.0258695579926844,FALSE,TRUE,0.00041891339341849,0.000204016562171865,0.000860167573246148,0.00123161586319098,0.000394431676912511,0.00384572975055482,0.523333333333333,0.9,0.0155618125578197,0.0596962717768084,0.000338917960427407,0.00041891339341849,0.00020566127878759,0.000623106670005262
"Mongolia","MNG",3121772,3166244,3209404,3251146,3291243,3329746,3366713,3402258,3436417,3469237,3500845,3531367,3560959,3589666,3617577,3644860,3671639,3698058,3724192,3750086,3775810,3801444,3827004,3852533,3878009,3903436,3928776,3953993,3979071,4003931,4028415,4052289,4075382,4097631,4119011,4139399,4158677,4176784,4193675,4209378,4223951,4237501,4250134,4261890,4272802,4283032,4292699,4301957,4310875,4319524,4327975,4336331,4344680,"MNG","Asia",1,2959134,0.653,72,284235,57858,342093,14.3,7.5,"II","asia",TRUE,FALSE,0.72823,0.437333333333333,1000,NA,NA,0.76,1000,0.7535,1000,0.752935142873257,1000,FALSE,FALSE,NA,0,NA,NA,NA,8.61449551148989,6.3170666207393,FALSE,13.3303857045048,40.7050716806503,0.000483767859746491,0.0221555576817344,0.000293558702366583,0.000889415774136211,0.00369259294695573,0.0369259294695573,FALSE,TRUE,0.000846530421397895,0.000271241544219298,0.00264197638460839,0.00248882062986668,0.000659540342393144,0.00939173501528989,0.76,0.9,0.0216138476345081,0.0926823682613838,0.000483767859746491,0.000846530421397895,0.000293558702366583,0.000889415774136211
"Mozambique","MOZ",30528673,31408823,32309195,33229664,34170326,35131420,36113311,37116198,38139962,39184310,40249062,41333970,42438703,43562982,44706339,45867925,47046694,48241764,49452538,50678580,51919357,53174368,54443113,55725109,57019852,58326750,59645171,60974587,62314434,63664382,65024388,66394596,67774943,69165064,70564323,71972177,73387971,74811033,76240848,77676782,79117963,80563416,82012248,83463708,84917172,86372067,87827896,89284091,90739999,92194876,93647846,95097992,96544446,"MOZ","Africa",1,27977863,0.322,32,425132,2562848,2987979,7.4,21.2,"II","east africa",TRUE,TRUE,0.32508,0.759569173441734,1000,NA,NA,0.660495295536791,1000,0.3,1000,0.412872392638037,1000,FALSE,FALSE,NA,0,NA,NA,NA,3.41735779186075,2.50668339634312,FALSE,21.2092467132088,167.691025010811,0.000455124023872374,0.0208437298181229,0.000276177127463254,0.00083675357480871,0.00347395496968715,0.0347395496968715,FALSE,TRUE,0.000488226582233863,0.000290027255673391,0.000821871706665352,0.00143539837340565,0.000559726414801751,0.00368102779481176,0.660495295536791,0.9,0.00900123477024044,0.0492132051639158,0.000455124023872374,0.000488226582233863,0.000276177127463254,0.00083675357480871
"Myanmar","MMR",53855735,54336138,54808276,55269360,55718363,56155777,56583190,57001494,57410076,57807267,58191691,58561681,58915869,59253608,59574526,59878046,60163634,60430924,60679668,60909763,61121240,61314273,61489087,61645839,61784917,61907117,62013477,62104926,62181952,62245035,62294981,62332686,62358925,62374238,62379013,62373669,62358529,62333901,62300107,62257417,62205983,62145919,62077306,62000373,61915211,61821691,61719532,61608616,61488992,61360902,61224537,61080194,60928109,"MMR","Asia",1,53897154,0.483,34,2450380,2483867,4934248,14.3,7.5,"II","asia",TRUE,TRUE,0.3465,0.437333333333333,1000,NA,NA,0.76,1000,0.7535,1000,0.752935142873257,1000,NA,FALSE,NA,0,NA,NA,NA,4.3403380902079,3.18187375017946,FALSE,23.7221224840704,82.3281670412122,0.00040142080323532,0.0183842344660698,0.000243589084571398,0.000738019252976037,0.0030640390776783,0.030640390776783,FALSE,TRUE,0.00109576351752239,0.000705212800524709,0.00170260336375017,0.00322157217145438,0.00169124775632505,0.00613660962273263,0.76,0.9,0.0430087915013729,0.155584038803551,0.00040142080323532,0.00109576351752239,0.000243589084571398,0.000738019252976037
"Nepal","NPL",29624035,29942018,30260244,30578436,30894880,31207746,31514634,31813598,32103873,32385155,32656655,32917661,33167612,33406080,33632919,33848358,34052872,34246881,34430403,34603532,34767002,34921735,35068441,35207453,35338774,35462390,35578124,35685878,35785655,35877547,35961620,36037966,36106578,36167470,36220469,36265205,36301194,36328047,36345630,36353895,36352703,36341908,36321446,36291214,36251204,36201517,36142282,36073652,35995713,35908486,35811972,35706127,35590988,"NPL","Asia",1,28513700,0.458,19,707710,1622788,2330498,14.3,7.5,"II","asia",TRUE,TRUE,0.18995,0.437333333333333,1000,NA,NA,0.76,1000,0.7535,1000,0.752935142873257,1000,FALSE,TRUE,NA,0,NA,NA,NA,4.24346513667295,3.1108568161408,FALSE,2.37,40.7050716806503,0.00034604600551551,0.0158481843745269,0.000209986699801649,0.000636211707085309,0.00264136406242115,0.0264136406242115,TRUE,TRUE,0.00456610996766379,0.00226359544111689,0.00921072726074729,0.00456610996766379,0.00226359544111689,0.00921072726074729,0.76,0.9,0.271521008449932,0.268464100502165,0.00034604600551551,0.00456610996766379,0.000209986699801649,0.000636211707085309
"Nicaragua","NIC",6284757,6351157,6416568,6480807,6543976,6606538,6669148,6732197,6795865,6859844,6923479,6985855,7046293,7104547,7160711,7214922,7267426,7318402,7367826,7415579,7461640,7505967,7548564,7589404,7628478,7665776,7701261,7734905,7766705,7796656,7824783,7851133,7875742,7898588,7919675,7938967,7956431,7972045,7985792,7997667,8007648,8015730,8021897,8026139,8028462,8028851,8027281,8023752,8018276,8010877,8001560,7990359,7977292,"NIC","Americas",1,6082032,0.589,59,476661,334277,810938,7.5,7.5,"0","americas",TRUE,FALSE,0.59107,0.609201552437567,1000,NA,NA,0.632,1000,0.382,1000,0.6549,1000,NA,FALSE,NA,0,NA,NA,NA,5.54522821627607,4.06440022618547,FALSE,18.23015615469,59.771003785869,0.000570456042156375,0.0261256953976078,0.000346162590421691,0.00104879353211077,0.00435428256626796,0.0435428256626796,FALSE,TRUE,0.000914174626646444,0.00041923846300466,0.00199341263207254,0.00268769628661569,0.00099119662742152,0.00728786915657633,0.632,0.9,0.0211916429238592,0.0832240373159233,0.000570456042156375,0.000914174626646444,0.000346162590421691,0.00104879353211077
"Niger","NER",22311375,23176691,24074693,25006169,25971630,26971755,28007201,29078590,30186498,31331492,32514050,33734605,34993540,36291212,37627934,39004045,40419822,41875504,43371196,44906971,46482854,48098857,49754920,51450899,53186599,54961679,56775732,58628306,60518972,62447295,64412836,66415162,68453727,70527898,72636918,74779976,76956138,79164493,81404054,83673874,85972999,88300450,90655175,93036234,95442360,97871780,100322396,102792433,105280267,107784956,110306303,112844493,115399229,"NER","Africa",1,19899120,0.295,19,175826,2185354,2361179,7.4,21.2,"III","west africa",TRUE,TRUE,0.1901,0.630702150537634,1000,NA,NA,0.523333333333333,1000,0.686529569892473,1000,0.421566924066924,1000,TRUE,FALSE,NA,0,NA,NA,NA,2.74912248049157,2.01667046789304,FALSE,14.910795,83.3659371704296,0.000506934542639274,0.0232165433772175,0.000307616646132644,0.000932008130747191,0.00386942389620292,0.0386942389620292,FALSE,TRUE,0.000640297404337568,0.000304544895270207,0.00134620797251477,0.00188249039713647,0.000695611158100985,0.00509446988312478,0.523333333333333,0.9,0.0161523468099191,0.0614324572606577,0.000506934542639274,0.000640297404337568,0.000307616646132644,0.000932008130747191
"Nigeria","NGA",195875237,200962417,206152701,211446673,216844136,222348372,227963272,233691888,239535182,245493375,251567630,257758923,264067527,270493005,277033906,283687937,290452075,297323173,304298813,311376130,318550761,325817659,333172092,340610467,348129233,355723613,363388543,371119359,378911776,386762397,394668494,402627873,410637868,418695576,426796967,434936945,443109787,451310617,459535453,467781971,476049060,484336507,492643358,500966325,509301590,517646987,526000450,534359116,542719689,551077258,559425224,567755913,576062295,"NGA","Africa",1,182201962,0.459,48,4106076,12858534,16964610,7.4,21.2,"II","west africa",TRUE,FALSE,0.48597,0.630702150537634,1000,NA,NA,0.523333333333333,1000,0.686529569892473,1000,0.421566924066924,1000,FALSE,TRUE,NA,0,NA,NA,NA,13.6321812929393,10.0001428186992,FALSE,14.910795,83.3659371704296,0.000401613702039134,0.0183930688284371,0.000243706138901062,0.000738373900841678,0.00306551147140618,0.0306551147140618,FALSE,TRUE,0.000624570393147768,0.000389376360142926,0.00100182809211522,0.00183625259054863,0.000764911275279552,0.00440812377234765,0.523333333333333,0.9,0.0225298214024299,0.0801823922081591,0.000401613702039134,0.000624570393147768,0.000243706138901062,0.000738373900841678
"Pakistan","PAK",200813818,204596442,208362334,212106995,215824155,219509316,223158203,226767952,230335982,233862814,237352889,240812968,244248371,247659208,251045010,254409778,257758315,261093438,264415428,267721522,271007385,274266975,277494590,280687458,283842283,286951906,290007941,293003264,295934020,298797474,301589116,304304572,306940443,309494078,311964487,314352348,316659543,318887652,321036773,323106830,325099262,327015934,328858580,330628076,332325445,333952715,335512214,337005859,338434749,339799502,341100871,342339421,343515596,"PAK","Asia",1,188924874,0.504,39,9763134,8091005,17854139,14.3,7.5,"II","asia",TRUE,TRUE,0.39224,0.437333333333333,1000,NA,NA,0.76,1000,0.48,1000,0.810740571493027,1000,FALSE,TRUE,FALSE,1,NA,NA,NA,6.50733832659487,4.77458468009509,TRUE,5.2,10,0.000398326023415934,0.0182425000134409,0.000241711118663607,0.000732329445492171,0.00304041666890681,0.0304041666890681,TRUE,TRUE,0.00313419190735855,0.00160808579642971,0.00610860374114448,0.00313419190735855,0.00160808579642971,0.00610860374114448,0.76,0.9,0.155212505274839,0.152155597327072,0.000398326023415934,0.00313419190735855,0.000241711118663607,0.000732329445492171
"Republic of Moldova","MDA",4041065,4029750,4017687,4004831,3990975,3976113,3960231,3943322,3925425,3906558,3886699,3865826,3843941,3821048,3797215,3772545,3747153,3721155,3694587,3667485,3639965,3612109,3583993,3555671,3527159,3498478,3469631,3440601,3411422,3382098,3352614,3322975,3293157,3263163,3232986,3202613,3171997,3141130,3110009,3078637,3046995,3015058,2982826,2950299,2917506,2884496,2851310,2817998,2784597,2751171,2717781,2684480,2651343,"MDA","Europe",1,3554150,0.649,45,246029,300763,546792,6.5,6.5,"III","asia",TRUE,FALSE,0.45089,0.437333333333333,1000,NA,NA,0.76,1000,0.7535,1000,0.752935142873257,1000,NA,FALSE,NA,0,NA,NA,NA,6.92394825485029,5.07376148319812,NA,13.3303857045048,40.7050716806503,0.000575573446449832,0.026360061827126,0.000349267919834562,0.00105820197049611,0.00439334363785433,0.0439334363785433,FALSE,TRUE,0.00195462796551342,0.000911146708819137,0.00419314523839818,0.00574665514825907,0.00273945135290928,0.012054985155309,0.76,0.9,0.0575564714590416,0.19835458204706,0.000575573446449832,0.00195462796551342,0.000349267919834562,0.00105820197049611
"Rwanda","RWA",12501156,12794412,13087173,13378967,13669913,13960532,14251666,14543965,14837434,15131882,15427633,15725021,16024252,16325334,16628034,16932098,17237133,17542746,17848704,18154671,18459997,18763878,19065658,19364953,19661478,19954727,20244161,20529380,20810047,21086028,21357305,21623956,21886077,22143519,22396185,22644199,22887719,23126854,23361603,23591861,23817492,24038318,24254197,24465018,24670728,24871256,25066552,25256531,25441158,25620276,25793687,25961089,26122284,"RWA","Africa",1,11609666,0.429,29,157776,1116866,1274642,7.4,21.2,"II","east africa",TRUE,TRUE,0.29775,0.759569173441734,1000,NA,NA,0.660495295536791,1000,0.542664406779661,1000,0.412872392638037,1000,NA,FALSE,NA,0,NA,NA,NA,2.39644030851452,1.75782504999021,FALSE,21.2092467132088,167.691025010811,0.000462111091449643,0.0211637229214586,0.000280417000886027,0.000849599422239409,0.00352728715357644,0.0352728715357644,FALSE,TRUE,0.000950253732682673,0.000598593446407723,0.00150850658639236,0.00279376976152027,0.00138722410840578,0.00562645172693463,0.660495295536791,0.9,0.0304781693258132,0.112355930383335,0.000462111091449643,0.000950253732682673,0.000280417000886027,0.000849599422239409
"Senegal","SEN",16294270,16743859,17200154,17662986,18131864,18606962,19088521,19576780,20071771,20573592,21082543,21599000,22123230,22655295,23195138,23742785,24298189,24861284,25431934,26009975,26595099,27186954,27785159,28389472,28999548,29614906,30234952,30859185,31487250,32118833,32753518,33390907,34030620,34672365,35315896,35960989,36607455,37255131,37903805,38553326,39203640,39854776,40506694,41159252,41812308,42465830,43119815,43774198,44428853,45083556,45738038,46391971,47045071,"SEN","Africa",1,15129273,0.459,44,312013,1150622,1462635,7.4,21.2,"II","west africa",TRUE,TRUE,0.44065,0.630702150537634,1000,NA,NA,0.523333333333333,1000,0.686529569892473,1000,0.421566924066924,1000,NA,FALSE,NA,0,NA,NA,NA,4.5722819923258,3.35408339678692,FALSE,14.910795,83.3659371704296,0.000414557066548985,0.0189858478922302,0.00025156039629584,0.000762170505625403,0.00316430798203837,0.0316430798203837,FALSE,TRUE,0.000718638119684806,0.000474669753960872,0.00108800011535322,0.00211281406133834,0.000954220539948791,0.00467814626797762,0.523333333333333,0.9,0.0264242393091198,0.0916320783416905,0.000414557066548985,0.000718638119684806,0.00025156039629584,0.000762170505625403
"Sierra Leone","SLE",7719729,7883123,8046931,8211069,8375679,8540920,8706972,8873984,9041924,9210650,9379980,9549678,9719531,9889414,10059265,10228964,10398417,10567515,10736157,10904200,11071477,11237831,11403087,11567121,11729839,11891123,12050862,12208952,12365273,12519739,12672291,12822945,12971626,13118294,13262816,13405036,13544775,13681848,13816162,13947666,14076321,14202109,14325016,14444993,14561941,14675792,14786456,14893871,14997966,15098704,15196037,15289930,15380332,"SLE","Africa",1,6453184,0.336,40,121582,523737,645319,7.4,21.2,"I","west africa",TRUE,TRUE,0.40318,0.630702150537634,1000,NA,NA,0.523333333333333,1000,0.686529569892473,1000,0.421566924066924,1000,TRUE,FALSE,NA,0,NA,NA,NA,3.36618438717595,2.46932782694785,FALSE,14.910795,83.3659371704296,0.000378245983469155,0.0173228761187788,0.000229526203209871,0.000695411936579301,0.00288714601979646,0.0288714601979646,FALSE,TRUE,0.000413672658105483,0.000252857923111628,0.000676763717577912,0.00121620797018089,0.000455481174531064,0.00324747082742637,0.523333333333333,0.9,0.012453124139286,0.0505566500074005,0.000378245983469155,0.000413672658105483,0.000229526203209871,0.000695411936579301
"Somalia","SOM",15181925,15636171,16105174,16589196,17088214,17601387,18127560,18665849,19215918,19777797,20351526,20937235,21535019,22144759,22766243,23399316,24043828,24699613,25366549,26044595,26733772,27434193,28145899,28868760,29602596,30347355,31102953,31869275,32646129,33433209,34230143,35036488,35851792,36675703,37507879,38347878,39195255,40049539,40910365,41777303,42649847,43527437,44409572,45295820,46185811,47079289,47976033,48875776,49778160,50682757,51589203,52497144,53406176,"SOM","Africa",1,10787104,0.284,40,201246,881175,1082421,7.4,21.2,"III","east africa",TRUE,TRUE,0.4003,0.759569173441734,1000,NA,NA,0.660495295536791,1000,0.542664406779661,1000,0.412872392638037,1000,TRUE,FALSE,NA,0,NA,NA,NA,7.45266096186521,5.4681897675956,FALSE,21.2092467132088,167.691025010811,0.000333941832792574,0.015293838542017,0.000202641678494057,0.000613957971257777,0.00254897309033617,0.0254897309033617,FALSE,TRUE,0.000314651962049538,0.000172095172064674,0.000575297122132032,0.00092508464501931,0.000306356395607047,0.00279341842612676,0.660495295536791,0.9,0.00615182069881465,0.0408358564653466,0.000333941832792574,0.000314651962049538,0.000202641678494057,0.000613957971257777
"South Sudan","SSD",12919053,13263184,13610007,13960428,14314458,14671974,15032440,15395477,15761305,16130267,16502233,16876974,17254367,17634307,18016908,18402372,18790970,19182891,19578154,19976625,20378119,20782386,21189205,21598427,22009951,22423660,22839397,23257015,23676336,24097135,24519204,24942321,25366221,25790726,26215574,26640443,27064973,27488849,27911806,28333629,28754081,29172953,29590035,30005108,30417939,30828276,31235914,31640614,32042173,32440419,32835177,33226311,33613665,"SSD","Africa",1,12478560.2270515,0.408,34,198985.952831845,1116223.97431196,1315209.9271438,NA,NA,"III","east africa",TRUE,TRUE,0.1903,0.759569173441734,1000,NA,NA,0.660495295536791,1000,0.542664406779661,1000,0.412872392638037,1000,NA,FALSE,NA,0,NA,NA,NA,13.9217849083903,10.2147356697484,NA,21.2092467132088,167.691025010811,0.000466587971221563,0.0213687546655537,0.000283133648943598,0.000857830244952896,0.00356145911092562,0.0356145911092562,FALSE,TRUE,0.00118234895595093,0.000601645981028942,0.00232354091561862,0.00347613552790309,0.00161154184259245,0.00749811012595964,0.660495295536791,0.9,0.0409087852655348,0.143022202352778,0.000466587971221563,0.00118234895595093,0.000283133648943598,0.000857830244952896
"Sri Lanka","LKA",20950041,21018859,21084042,21145999,21204501,21258732,21307487,21349942,21385841,21415549,21439690,21459185,21474701,21486363,21493979,21497516,21496867,21491895,21482630,21469003,21450633,21427001,21397716,21362744,21322134,21275735,21223391,21165080,21100790,21030795,20955601,20875918,20792352,20705198,20614645,20521025,20424689,20325944,20225056,20122278,20017834,19911952,19804831,19696639,19587500,19477599,19367046,19255946,19144395,19032438,18919992,18806936,18693181,"LKA","Asia",1,20966000,0.691,18,513136,1197027,1710163,14.3,7.5,"I","asia",TRUE,FALSE,0.18407,0.437333333333333,1000,NA,NA,0.76,1000,0.7535,1000,0.752935142873257,1000,FALSE,TRUE,FALSE,1,NA,NA,NA,5.43492250198178,3.98445100178103,TRUE,5.38,13.8216953413365,0.00035342080119722,0.0161859346153195,0.000214461853342597,0.000649770399499851,0.00269765576921992,0.0269765576921992,TRUE,TRUE,0.0164905153217033,0.00725015119247331,0.0375077827146062,0.0164905153217033,0.00725015119247331,0.0375077827146062,0.76,0.9,1,0.999166065166176,0.00035342080119722,0.0164905153217033,0.000214461853342597,0.000649770399499851
"Sudan","SDN",41511526,42514094,43541203,44592440,45666292,46760545,47872430,48999711,50141051,51296028,52464484,53646648,54842478,56051316,57272095,58503852,59745525,60996110,62254963,63521438,64794628,66073569,67357464,68645673,69937787,71233507,72532615,73834917,75140027,76447622,77757697,79070356,80385607,81703192,83022778,84344136,85667046,86991221,88316261,89641704,90967182,92292266,93616439,94939166,96259738,97577324,98890985,100199791,101503078,102800068,104089643,105370527,106641644,"SDN","Africa",1,40096133.7729485,0.408,34,639382.047168155,3586653.02568804,4226035.0728562,7.4,21.2,"III","east africa",TRUE,TRUE,0.34007,0.759569173441734,1000,NA,NA,0.660495295536791,1000,0.542664406779661,1000,0.412872392638037,1000,TRUE,FALSE,NA,0,NA,NA,NA,32.8597725812674,24.1099753583611,FALSE,21.2092467132088,167.691025010811,0.000467912920880426,0.0214294345929216,0.000283937651306965,0.000860266188355888,0.0035715724321536,0.035715724321536,FALSE,TRUE,0.000743691365552215,0.000493666630049785,0.00112034481070989,0.00218647123133935,0.00102137645098963,0.00468060179069386,0.660495295536791,0.9,0.0202822468649444,0.082379663116734,0.000467912920880426,0.000743691365552215,0.000283937651306965,0.000860266188355888
"Tajikistan","TJK",9107211,9292000,9475246,9656648,9835989,10013102,10187895,10360358,10530400,10698174,10864265,11029469,11194411,11359262,11524091,11689347,11855513,12022921,12191668,12361646,12532613,12704211,12876073,13048084,13219991,13391114,13560613,13727805,13892383,14054239,14213113,14368845,14521291,14670318,14815895,14958122,15097206,15233335,15366521,15496853,15624619,15750206,15873917,15995855,16116022,16234486,16351289,16466436,16579941,16691758,16801737,16909677,17015383,"TJK","Asia",1,8481855,0.607,27,302881,434283,737164,14.3,7.5,"III","asia",TRUE,TRUE,0.26891,0.437333333333333,1000,NA,NA,0.76,1000,0.6,1000,0.752935142873257,1000,NA,FALSE,NA,0,0,NA,NA,3.80813218906719,2.79105340593254,FALSE,13.3303857045048,40.7050716806503,0.000363968289127281,0.0166689875352765,0.000220862251400456,0.000669162142778174,0.00277816458921275,0.0277816458921275,FALSE,TRUE,0.0027328649115077,0.00123542391021514,0.00604533436887213,0.00803469125086785,0.00436071226417108,0.0148040640120161,0.76,0.9,0.147354421291204,0.462362802440326,0.000363968289127281,0.0027328649115077,0.000220862251400456,0.000669162142778174
"Tanzania","TZA",59091392,60913557,62774619,64673854,66612147,68591196,70613532,72681070,74794078,76952218,79155997,81405880,83702053,86044557,88432938,90866132,93342754,95861531,98421696,101022629,103663322,106342632,109059518,111813197,114602781,117426994,120284409,123173856,126094341,129045371,132026850,135038935,138081621,141154199,144255838,147386143,150544787,153731223,156944759,160184335,163448432,166735278,170043234,173370923,176717329,180081637,183463242,186861214,190274426,193701133,197139230,200586276,204040056,"TZA","Africa",1,53470420,0.466,32,797214,4941823,5739037,7.4,21.2,"II","east africa",TRUE,TRUE,0.32316,0.864583333333333,1000,"vet_test",NA,0.747285886610374,1000,0.847457627118644,1000,0.56441717791411,1000,TRUE,FALSE,NA,0,0,NA,NA,6.27090326127299,4.59980196320306,TRUE,14.64,167.691025010811,0.000453374710297484,0.0207636149096372,0.000275115613737754,0.000833537430833721,0.00346060248493954,0.0346060248493954,FALSE,TRUE,0.00107394629967555,0.000685892459344661,0.00168154736048389,0.00315742900484043,0.00164545026598136,0.0060587415655871,0.747285886610374,0.9,0.0354054811998544,0.13241392587649,0.000453374710297484,0.00107394629967555,0.000275115613737754,0.000833537430833721
"Togo","TGO",7990926,8186384,8384291,8584627,8787334,8992575,9200531,9411356,9625068,9841604,10060882,10282798,10507241,10734128,10963365,11194773,11428165,11663343,11900152,12138472,12378124,12618921,12860688,13103308,13346634,13590457,13834554,14078714,14322800,14566742,14810565,15054358,15298154,15541914,15785514,16028791,16271558,16513670,16754990,16995482,17235164,17474071,17712220,17949528,18185870,18421101,18655037,18887516,19118433,19347667,19575072,19800497,20023795,"TGO","Africa",1,7304578,0.435,40,137698,592618,730317,7.4,21.2,"II","west africa",TRUE,TRUE,0.40463,0.630702150537634,1000,NA,NA,0.523333333333333,1000,0.686529569892473,1000,0.421566924066924,1000,NA,FALSE,NA,0,NA,NA,NA,2.66632917775048,1.95593588489417,FALSE,14.910795,83.3659371704296,0.000419135083230499,0.0191955114955717,0.000254338415978963,0.000770587270337577,0.00319925191592861,0.0319925191592861,FALSE,TRUE,0.000705189887852277,0.000478967496704324,0.0010382599682669,0.00207327592310492,0.000950887780264481,0.00452048405978146,0.523333333333333,0.9,0.0253102152417453,0.08835681969656,0.000419135083230499,0.000705189887852277,0.000254338415978963,0.000770587270337577
"Uganda","UGA",44270563,45711874,47187703,48698086,50242802,51822128,53436321,55085460,56769412,58487747,60239885,62025011,63842360,65691400,67571502,69481538,71420257,73386500,75379412,77398346,79442649,81511732,83604961,85721545,87860635,90021613,92203851,94406655,96629120,98870311,101129434,103405702,105698201,108005978,110327825,112662248,115007567,117362214,119724961,122094678,124470067,126849791,129232610,131617241,134002531,136387479,138771165,141152605,143530647,145904061,148271671,150632268,152984654,"UGA","Africa",1,39032383,0.446,16,296444,4425376,4721819,7.4,21.2,"I","east africa",TRUE,TRUE,0.16444,0.759569173441734,1000,NA,NA,0.46,1000,0.37,1000,0.1,1000,NA,TRUE,NA,0,0,1373844,"mixed",3.36835005022824,2.47073547973886,TRUE,21.2092467132088,167.691025010811,0.000497685446875517,0.0227929541069316,0.000302004134892448,0.000915003504451652,0.0037988256844886,0.037988256844886,FALSE,TRUE,0.00157462215847335,0.000740290082232909,0.003349274833558,0.00462942856298325,0.00219949550975252,0.00974387477707402,0.46,0.9,0.0590395982283565,0.183456327827363,0.000497685446875517,0.00157462215847335,0.000302004134892448,0.000915003504451652
"Ukraine","UKR",44009214,43795220,43579234,43360970,43140411,42916331,42687381,42452647,42211775,41965143,41713547,41458250,41200374,40940211,40678209,40415799,40154711,39896340,39641292,39389725,39141923,38898011,38658013,38422110,38190244,37961907,37736329,37512851,37291242,37071300,36852470,36634116,36415702,36196974,35977762,35757822,35536955,35315013,35091993,34867940,34642919,34417040,34190485,33963469,33736354,33509762,33284454,33061130,32840177,32622044,32407476,32197335,31992330,"UKR","Europe",1,45198200,0.729,70,4846290,2107279,6953569,6.5,6.5,"II","asia",TRUE,FALSE,0.69915,0.437333333333333,1000,NA,NA,0.76,1000,0.7535,1000,0.752935142873257,1000,FALSE,FALSE,NA,0,NA,NA,NA,8.95664582652129,6.56329061578452,FALSE,28.0069288461941,40.7050716806503,0.00067691372346088,0.0310012348764844,0.000410762952250363,0.0012445178637764,0.00516687247941406,0.0516687247941406,FALSE,TRUE,0.00139980133190993,0.000418647917962035,0.00468040968256886,0.00411545095664643,0.00113179773066924,0.0149646320341596,0.76,0.9,0.0285584398688333,0.113099643272315,0.00067691372346088,0.00139980133190993,0.000410762952250363,0.0012445178637764
"Uzbekistan","UZB",32364996,32807368,33235825,33648956,34046200,34427732,34794284,35146617,35484562,35808300,36119473,36420216,36712267,36996226,37272259,37541052,37803244,38059262,38309384,38553596,38791541,39022683,39246465,39462759,39671233,39870838,40060222,40238337,40404772,40559445,40702045,40832387,40950366,41055888,41149052,41230159,41299725,41358196,41405832,41442946,41470196,41488317,41497995,41499630,41493576,41480342,41460462,41434391,41402507,41365093,41322271,41274070,41220568,"UZB","Asia",1,31299500,0.641,36,1517608,1392828,2910436,14.3,7.5,"III","asia",TRUE,FALSE,0.36479,0.437333333333333,1000,NA,NA,0.76,1000,0.7535,1000,0.752935142873257,1000,NA,FALSE,NA,0,NA,NA,NA,3.00488192420004,2.20233582052536,FALSE,13.3303857045048,40.7050716806503,0.000395509657463723,0.0181135163344924,0.00024000209910461,0.000727151506831777,0.00301891938908207,0.0301891938908207,FALSE,TRUE,0.00244310156434745,0.00113530907541226,0.00525737473872439,0.00718277975665272,0.00376852878076034,0.0136903094109237,0.76,0.9,0.118282623048467,0.376890987860567,0.000395509657463723,0.00244310156434745,0.00024000209910461,0.000727151506831777
"Vietnam","VNM",96491146,97429061,98360145,99284146,100194727,101084329,101943038,102763511,103543406,104283957,104986025,105651851,106283637,106881337,107445789,107981467,108494170,108988478,109466143,109927593,110374441,110807990,111229112,111638620,112036467,112421398,112791469,113144909,113481203,113799800,114098834,114376118,114629852,114859193,115063675,115242246,115393895,115517962,115614247,115682958,115724409,115739164,115727991,115691467,115630608,115547326,115443926,115322545,115184413,115030721,114863440,114684678,114496277,"VNM","Asia",1,91703800,0.593,34,4107474,4258583,8366058,14.3,7.5,"I","asia",TRUE,FALSE,0.34236,0.16,1000,"unknown",NA,0.6,1000,0.7535,1000,0.752935142873257,1000,TRUE,TRUE,TRUE,1,0.4,8e+06,"mixed",4.30775314587087,3.15890391616581,NA,23.957240078888,45,0.000380722358452639,0.0174362889213923,0.000231028910370089,0.000699964795824934,0.00290604815356538,0.0290604815356538,FALSE,TRUE,0.00201760794178745,0.00104025645179526,0.00391320986256665,0.00593181785506468,0.00326761793052806,0.0107682305011645,0.6,0.9,0.102612117451252,0.320548010970388,0.000380722358452639,0.00201760794178745,0.000231028910370089,0.000699964795824934
"Yemen","YEM",28915284,29579986,30245305,30910815,31575533,32239043,32900886,33560644,34218019,34872702,35524173,36171853,36815286,37453909,38087508,38716410,39341197,39962096,40578956,41191012,41797181,42396011,42986334,43567400,44138834,44700165,45251062,45791086,46319750,46836330,47339907,47829434,48304040,48763178,49206527,49633685,50044350,50438268,50815200,51174963,51517443,51842580,52150388,52440860,52714126,52970461,53210273,53433907,53641657,53833738,54010552,54172526,54320079,"YEM","Asia",1,26832215,0.462,35,1238074,1227039,2465113,14.3,7.5,"III","east africa",TRUE,TRUE,0.35187,0.627,1000,"vet","all",0.660495295536791,1000,0.542664406779661,1000,0.412872392638037,1000,NA,TRUE,NA,0,NA,NA,NA,10.9537713909728,8.03703548869728,FALSE,21.2092467132088,167.691025010811,0.000383846529238597,0.0175793694189106,0.000232924711224611,0.000705708639121145,0.00292989490315176,0.0292989490315176,FALSE,TRUE,0.000961492943154293,0.000635969544346662,0.00145363671570974,0.00282681332165482,0.00143629076769484,0.0055635486457314,0.660495295536791,0.9,0.0402724409228524,0.141151334055863,0.000383846529238597,0.000961492943154293,0.000232924711224611,0.000705708639121145
"Zambia","ZMB",17609178,18137369,18679273,19234791,19803619,20386125,20982764,21593825,22219440,22859363,23513109,24179963,24859376,25551178,26255378,26971852,27700551,28441399,29194278,29959107,30736002,31525138,32326616,33140423,33966440,34804573,35654689,36516657,37390290,38275489,39172280,40080735,41000822,41932434,42875227,43828553,44791586,45763655,46744372,47733591,48731181,49737110,50751286,51773463,52803331,53840605,54884968,55936138,56993817,58057772,59127840,60203908,61285791,"ZMB","Africa",1,16211767,0.43,41,312933,1294269,1607202,7.4,21.2,"II","east africa",TRUE,TRUE,0.41379,0.759569173441734,1000,NA,NA,0.660495295536791,1000,0.542664406779661,1000,0.412872392638037,1000,NA,FALSE,NA,0,NA,NA,NA,12.5414544051962,9.19934564334496,FALSE,21.2092467132088,167.691025010811,0.000426544738361808,0.0195348582263559,0.0002588347228367,0.000784210052467313,0.00325580970439265,0.0325580970439265,FALSE,TRUE,0.000667103668267352,0.00045110737520367,0.0009865218985055,0.00196130148412367,0.000880470780312177,0.00436891671778343,0.660495295536791,0.9,0.0197274467404873,0.0807485368626754,0.000426544738361808,0.000667103668267352,0.0002588347228367,0.000784210052467313
"Zimbabwe","ZWE",16913261,17297495,17680465,18060453,18437423,18813091,19190301,19571154,19955912,20343863,20735073,21129447,21526861,21927311,22330754,22736929,23145468,23556026,23968335,24382067,24796673,25211507,25625981,26039654,26452158,26863059,27271926,27678330,28081890,28482220,28878815,29271142,29658750,30041295,30418546,30790295,31156399,31516725,31871087,32219327,32561327,32896980,33226222,33548926,33865059,34174693,34477969,34774981,35065689,35350011,35627893,35899307,36164172,"ZWE","Africa",1,15602751,0.376,32,238281,1425838,1664119,7.4,21.2,"I","east africa",TRUE,TRUE,0.32277,0.759569173441734,1000,NA,NA,0.660495295536791,1000,0.542664406779661,1000,0.412872392638037,1000,FALSE,FALSE,NA,0,NA,NA,NA,24.6908851509709,18.1111360303654,FALSE,21.2092467132088,167.691025010811,0.000446797120791072,0.0204623750467979,0.000271124218688867,0.000821444416085156,0.00341039584113299,0.0341039584113299,FALSE,TRUE,0.000659393208062605,0.000421820002836547,0.00103076999648017,0.00193863253810794,0.000857538231032339,0.00438265721784373,0.660495295536791,0.9,0.01780271404896,0.0750897745682955,0.000446797120791072,0.000659393208062605,0.000271124218688867,0.000821444416085156
