"cluster","variable","scenario","total_deaths_lci","total_deaths_uci","total_deaths","total_vials_lci","total_vials_uci","total_vials","total_cost_lci","total_cost_uci","total_cost","total_deaths_averted_lci","total_deaths_averted_uci","total_deaths_averted","U5_deaths_averted_lci","U5_deaths_averted_uci","U5_deaths_averted","total_YLL_lci","total_YLL_uci","total_YLL","total_YLL_averted_lci","total_YLL_averted_uci","total_YLL_averted","U5_YLL_averted_lci","U5_YLL_averted_uci","U5_YLL_averted","vaccinated_lci","vaccinated_uci","vaccinated","fully_vaccinated_lci","fully_vaccinated_uci","fully_vaccinated","RIG_lci","RIG_uci","RIG","cost_per_death_averted_lci","cost_per_death_averted_uci","cost_per_death_averted","cost_per_YLL_averted_lci","cost_per_YLL_averted_uci","cost_per_YLL_averted","deaths_averted_per_100k_vaccinated_lci","deaths_averted_per_100k_vaccinated_uci","deaths_averted_per_100k_vaccinated"
"americas","suspect_bite_incidence","a1",30430.7771951165,34962.111738694,32668.7719905159,341746.073423733,419732.702493768,381887.959416055,16306945.0861368,19997724.7363393,18171429.5295529,9213.15125531508,11394.4931017601,10315.884682118,909.585645146556,1124.94271198503,1018.45507186573,630108.88393016,725060.940608451,677127.791084972,190970.325198017,236411.279029274,213827.446203626,22041.1217036303,27285.7468075679,24679.1734694428,103411.770766652,127162.688629693,115387.923518548,67557.4142352119,83773.1294307421,75556.0561894798,0,0,0,1431.12510056441,2170.56294661423,1761.49987029732,68.9770181570634,104.716398820622,84.9817451041737,7.24516865331817e-07,1.10185649247528e-06,8.94017707187506e-07
"americas","suspect_bite_incidence","a3_1",17830.3578532339,20287.5684742894,19063.3668218201,353368.733038306,390931.919462214,372401.190984743,5900055.41099848,6667364.09131448,6301453.11399661,22138.7445703753,25361.235557183,23774.8533221378,2185.68909863089,2503.83556795358,2347.21700512686,386617.06467449,441816.955233192,414368.132317162,441504.77691576,504183.397514987,473245.388459572,50957.8675099282,58192.3143012275,54621.4341399895,298912.27065896,330958.605713037,315182.714472983,236838.2032823,262469.622471623,249847.255395626,0,0,0,232.640692828052,301.162700085366,265.046981725395,11.7022009056201,15.1014540270458,13.3154031030456,6.68927901804465e-07,8.4845080134293e-07,7.54319708233102e-07
"americas","suspect_bite_incidence","a5_1",2057.51786912361,7395.00625363828,3892.3392990645,107446.964196537,154257.882251716,124048.661110016,2560524.45366489,4780049.17322457,3251312.61712317,791.040383375715,3152.29941325849,1756.97423547891,78.0969461490918,311.216674517277,173.460578166673,52341.9542702333,186621.864754603,97720.3895767642,20050.4343657873,78873.0423055423,43553.7972213813,2314.10988771604,9102.84799342378,5026.69821427058,86610.2989107017,110112.295808813,96221.1410352779,67999.1209341739,85046.1973317553,75219.7857795996,0,0,0,812.271969754965,6042.73722768237,1850.51809609316,32.4638733186658,238.401277798795,74.6504971907947,7.18394233418937e-08,3.63963576261135e-07,1.82597526549259e-07
"americas","non_suspect_bite_incidence","a1",30413.1945292158,31975.6076410703,31198.1645179938,334577.97579994,394780.466489064,364562.492247663,15839501.3213416,18620748.4086595,17223611.4136567,9029.67513595567,10592.0882478102,9807.11825903218,891.471620990029,1045.72378715432,968.226152102317,630303.306828136,662472.863802755,646458.670749084,187207.483613591,219377.040588209,203221.676667261,21607.949704523,25321.0458967109,23456.3537582615,101364.140662166,119199.384863546,110230.210865538,65199.8323331253,78958.0637793155,72051.0352582942,0,0,0,1495.4087381793,2062.17257302122,1756.23572172122,72.2021834138688,99.4658335726258,84.752826057317,7.57526991124362e-07,1.04495417991184e-06,8.8969423010496e-07
"americas","non_suspect_bite_incidence","a3_1",18257.7986854227,18257.9024005798,18257.8503563959,345789.059619561,373805.42258996,359997.054919001,5914647.18956151,6294586.81443522,6107326.74650401,22747.3803764462,22747.4840916033,22747.4324206301,2245.77781062342,2245.78805009692,2245.78294878313,396888.005886954,396890.066024051,396889.032248883,452790.281392295,452792.341529392,452791.315167463,52263.3812605542,52263.6190723922,52263.5005943467,292936.496915549,317069.428388954,305175.079678705,232197.151150213,251353.955164458,241912.18024497,0,0,0,260.013246552605,276.716998189073,268.484224222385,13.0626043046216,13.9017710253848,13.488171132976,7.17425848717955e-07,7.7653294591562e-07,7.45389579141885e-07
"americas","non_suspect_bite_incidence","a5_1",3868.26809406679,3868.27567638493,3868.27187158367,109959.07453936,137975.437509759,124167.0698388,3050937.15937314,3430876.78424685,3243616.71631564,1756.68927298549,1756.69685530363,1756.69307778674,173.432444709809,173.433193288395,173.432820345952,97071.061202767,97071.2485904474,97071.1545594574,43481.4213773565,43481.608765037,43481.5154083466,5018.34813499464,5018.36976319618,5018.35898800909,84190.1737676985,108323.105241104,96428.7565308547,65680.2647424718,84837.0687567173,75395.2938372286,0,0,0,1736.74652525397,1953.03565463008,1846.43336808856,70.166151759922,78.9044303421396,74.5976005172305,1.62171243990419e-07,2.08658181434663e-07,1.82175228737358e-07
"americas","p_rabid","a1",29640.6708162488,33003.0276742979,31250.0000365729,334585.451629038,393473.902913177,363873.002857271,15831138.6839053,18499663.3163557,17180955.0815119,8936.92733901921,10715.5595928749,9785.46769161524,882.314920706432,1057.91372737624,966.088659209171,614218.062176782,683776.246953501,647550.001770552,185017.882944932,221855.775232157,202755.815293928,21355.2373974097,25607.1529820497,23402.584012225,101317.609878946,118459.505322748,109955.632278424,65352.1682609619,78948.1277115918,71980.8691502114,0,0,0,1477.39728818567,2070.02503372552,1755.76228167751,71.3577938971346,99.9885147419068,84.7371753880661,7.5442889236032e-07,1.05762064518476e-06,8.89946925759745e-07
"americas","p_rabid","a3_1",17322.7152562959,19240.8164517834,18280.5811535768,359752.638622753,359752.638622753,359752.638622753,6104012.13225491,6104012.13225491,6104012.13225491,21582.4169211679,23972.1189418714,22775.7526370992,2130.7646075752,2366.69242358231,2248.57891529382,376561.109928115,418256.757223765,397383.154124457,429601.49176688,477168.898080945,453355.033649922,49586.8120079748,55077.2864963203,52328.5678786651,304964.54265309,304964.54265309,304964.54265309,241745.055229847,241745.055229847,241745.055229847,0,0,0,254.629644841,282.823381391921,268.004848380384,12.7921416437738,14.2085450102841,13.4640881410581,7.07702499884348e-07,7.86062495440353e-07,7.46832810101718e-07
"americas","p_rabid","a5_1",3670.14860762243,4076.53294669937,3873.08781869423,123922.653542552,123922.653542552,123922.653542552,3240302.10206654,3240302.10206654,3240302.10206654,1666.72342242877,1851.27070851482,1758.88013475185,164.550397302568,182.770174404109,173.648741648605,92099.4120314102,102297.29804373,97192.0068571289,41254.59414709,45822.4927572558,43535.6492536091,4761.34194979847,5288.53965235921,5024.6067709202,96218.2195052396,96218.2195052396,96218.2195052396,75228.1688221058,75228.1688221058,75228.1688221058,0,0,0,1750.31241361026,1944.1150574009,1842.25294154209,70.7142258548003,78.5440305269638,74.428707452845,1.73223265926056e-07,1.92403342946291e-07,1.82801151777296e-07
"americas","p_transmission","a1",25208.8647139247,37674.406101913,31277.8353342693,337253.808324939,394963.162026049,365589.974193374,15936823.5940778,18545529.2594029,17255024.3524265,7866.65621501014,11896.6737547348,9848.43084978058,776.650395742521,1174.52143923675,972.304815142489,522443.949727201,780610.874986643,648111.057548926,163079.586284301,246605.154039378,204076.216203489,18823.0488404066,28463.7778362871,23554.9869414354,101836.207022977,118587.923764438,110418.479240642,65880.1383059458,79093.6194370502,72376.5078560455,0,0,0,1339.60331455967,2357.48566513136,1752.05823299363,64.6248601581663,113.720727909329,84.5518633843209,6.633606496591e-07,1.16821650201982e-06,8.9191871845267e-07
"americas","p_transmission","a3_1",14580.3668698323,22079.2246499731,18238.8925458262,359752.638622753,359752.638622753,359752.638622753,6104012.13225491,6104012.13225491,6104012.13225491,18165.6887645355,27508.5075306006,22723.8125766971,1793.44170919687,2715.82902264905,2243.45103537081,316947.943783233,479958.066619777,396476.927208981,361590.96739124,547561.283408577,452321.158366452,41736.6877571107,63202.3373757766,52209.2326801023,304964.54265309,304964.54265309,304964.54265309,241745.055229847,241745.055229847,241745.055229847,0,0,0,221.895430912229,336.018755543784,268.617429916425,11.1476328170198,16.8809862046426,13.4948631505531,5.95665601203997e-07,9.02023143126272e-07,7.45129659304244e-07
"americas","p_transmission","a5_1",3089.12899844906,4677.90432970893,3864.25527935458,123922.653542552,123922.653542552,123922.653542552,3240302.10206654,3240302.10206654,3240302.10206654,1402.86331812756,2124.37178069434,1754.86901247164,138.50031340095,209.732590199174,173.25273607506,77519.1945586567,117388.226759586,96970.3614213536,34723.5517077659,52582.2668845388,43436.3663015484,4007.57071545606,6068.70963806013,5013.14816626468,96218.2195052396,96218.2195052396,96218.2195052396,75228.1688221058,75228.1688221058,75228.1688221058,0,0,0,1525.29897615542,2309.77748166618,1846.46379817418,61.6234767736748,93.317127502883,74.5988299198736,1.45800174368345e-07,2.20786852180179e-07,1.82384274152576e-07
"americas","p_prevent","a1",30410.8126596682,31942.2906888079,31179.6779361204,337170.542763202,396000.827647485,365633.321357133,15934574.8046997,18607274.1651029,17263824.8149832,9062.99208821813,10594.4701173578,9825.60484090556,894.760899617739,1045.95894169473,970.051274585806,630138.243446861,661865.540945105,646097.806367151,187814.806471241,219542.103969484,203582.541049195,21678.0556401719,25340.0985913893,23498.0070999583,101949.786301341,119070.942937726,110488.581949452,66332.6356233461,79157.1869169667,72328.0787291147,0,0,0,1504.04641555341,2053.10497725054,1757.02413179809,72.5809515195071,99.0724560789733,84.8001244409827,7.61142211912947e-07,1.03918512257033e-06,8.89286898930494e-07
"americas","p_prevent","a3_1",18198.4901352716,18324.6116625487,18257.9412228455,359752.638622753,359752.638622753,359752.638622753,6104012.13225491,6104012.13225491,6104012.13225491,22680.6711144773,22806.7926417544,22747.3415541805,2239.19181356294,2251.64339799656,2245.77397782239,395705.162759284,398222.031965111,396890.859569355,451458.315451235,453975.184657062,452789.48784699,52109.6319912487,52400.1563553087,52263.2896776393,304964.54265309,304964.54265309,304964.54265309,241745.055229847,241745.055229847,241745.055229847,0,0,0,267.640094253313,269.128373734879,268.339582351465,13.4456955766557,13.5206550047792,13.4809051360256,7.43715020676273e-07,7.4785063349801e-07,7.45901190882264e-07
"americas","p_prevent","a5_1",3863.29315458654,3874.01374491922,3868.2811720009,123922.653542552,123922.653542552,123922.653542552,3240302.10206654,3240302.10206654,3240302.10206654,1750.95120445119,1761.67179478387,1756.68377736951,172.865943126906,173.924353523509,173.43190214481,96947.4872108332,97213.7393680454,97071.3866399918,43338.9305997586,43605.1827569707,43481.2833278122,5001.90238901295,5032.63219171791,5018.33220297755,96218.2195052396,96218.2195052396,96218.2195052396,75228.1688221058,75228.1688221058,75228.1688221058,0,0,0,1839.33358736897,1850.59531860693,1844.55628486455,74.3100222770778,74.7665449337274,74.5217678520985,1.819770947181e-07,1.83091290177942e-07,1.82572883431277e-07
"asia","suspect_bite_incidence","a1",427225.515344831,498103.388803953,462080.824338707,56893130.8123822,62903994.5286414,59793731.348772,625964982.218596,693015286.355783,658703360.133827,521378.524918085,601546.651740846,560165.755841802,51474.0731820274,59388.821929282,55303.4153349465,8577089.85891448,9999361.26916517,9271966.01255901,10445826.3648045,12097965.641756,11243030.9204269,1233086.28706344,1428098.08010619,1327185.11657299,23164119.6255572,25435542.1887902,24291457.6408066,17160789.5587291,19392936.081503,18261582.7769147,0,0,0,1040.5925798225,1329.19798809256,1175.9079402202,51.741342367355,66.3437493744665,58.5877033333656,2.04980307102659e-07,2.59688976513984e-07,2.30601952392019e-07
"asia","suspect_bite_incidence","a3_1",220712.948525584,251229.749163804,236372.618026039,60670332.7567129,62995496.7579897,61863836.8368298,669493938.427234,700690985.102051,685644006.990665,731982.095913028,834237.757778758,783337.434952838,72266.3059029536,82361.6879921568,77336.4581123073,4612331.7394094,5290787.63629986,4957818.94048417,14491223.0537044,16471811.6025992,15508413.6853973,1710518.92020988,1944305.99526384,1830587.93899176,36969645.6813635,38417014.1433619,37696611.2403569,29436918.2340638,30602727.903397,30021193.6643881,0,0,0,802.521741775185,957.251535268842,875.285638598321,40.6448273316572,48.3527844754921,44.2110986268225,1.90535915462214e-07,2.256547885173e-07,2.07800491656454e-07
"asia","suspect_bite_incidence","a5_1",88456.438797721,145130.752561309,111330.629574505,48198511.0027701,51627053.9614237,49657080.0726064,521844806.665082,572919137.029707,543156416.888776,156767.750137709,313346.162906652,220765.121657187,15477.1902897958,30935.6878925893,21795.4508770889,2113851.33993792,3392829.67083336,2625110.12786519,3684593.98982257,7126934.05458891,5092717.07279252,435078.260884503,841450.602215003,601313.323250802,28794895.045102,30996247.8709367,29694315.5544562,22855103.2584662,24615054.9658626,23570721.327883,0,0,0,1665.39395863144,3654.57268173102,2460.33618359431,73.2215006716774,155.490439004189,106.653562160472,5.0576363561959e-08,1.08820039946612e-07,7.43459202662297e-08
"asia","non_suspect_bite_incidence","a1",429194.078246261,470548.042600489,449956.411103716,52875591.1521005,65384780.3436304,59260796.0785607,586711060.841847,714537971.019627,652238455.689461,523464.69589183,564818.660246058,544056.327388603,51680.0343258809,55762.7820529203,53712.9817833328,8606665.63683678,9448359.92353208,9030849.79493465,10505085.3401565,11346779.6268518,10922595.4687539,1240064.75485853,1339430.08941773,1289354.01218166,21291170.1327058,26793406.4829773,24117869.5952511,16004698.9396595,20279605.4890477,18142807.9568967,0,0,0,1038.7600519187,1365.01654577156,1198.84361757195,51.7072755562658,68.0182928441573,59.7146033243938,1.95370714143573e-07,2.65283052422952e-07,2.25582249393922e-07
"asia","non_suspect_bite_incidence","a3_1",230377.183712077,230380.857269777,230379.013881425,54740453.7908747,68103795.6581618,61517432.6098539,611116217.385309,749040890.07076,681062237.975568,763631.881222542,763635.554780241,763633.724610894,75390.9903449783,75391.3530238552,75391.1723369523,4833049.76753548,4833122.43232606,4833085.96919154,15120322.8313625,15120395.4961531,15120359.294497,1784766.51459303,1784775.09166683,1784770.81856189,33347420.4934248,41503740.9653359,37483751.9311664,26558674.4717349,33051722.1733807,29851506.996838,0,0,0,800.272084713467,980.892637525267,891.87029858143,40.4166820597244,49.5386836924608,45.0427284636971,1.83991096576169e-07,2.28993890226325e-07,2.03723929774479e-07
"asia","non_suspect_bite_incidence","a5_1",109300.083175033,109301.112676486,109300.59607347,42901855.72172,56265197.5890071,49678834.5406991,472981833.051351,610906505.736802,542927853.64161,217753.75567414,217754.785175593,217754.272277156,21498.1481199155,21498.2497593781,21498.1991225175,2575997.81466661,2576021.53430043,2576009.63180691,5019021.96518883,5019045.68482265,5019033.86768234,592606.352279653,592609.152912053,592607.75763478,25587347.785019,33743668.2569301,29723679.2227605,20303229.2561081,26796276.9577538,23596061.7812111,0,0,0,2172.08468080253,2805.49239596583,2493.30517359758,94.2374034334106,121.718237133441,108.173777654208,6.45317379296542e-08,8.51025229363885e-08,7.32595284201605e-08
"asia","p_rabid","a1",411487.875201692,487623.624594368,449314.061508498,56750119.3180269,61209855.8772352,59087965.5352129,626024406.388351,673098078.011162,650574970.904807,503153.706915827,585804.255298171,543934.104550634,49674.7938278869,57834.6243016025,53700.9151043166,8257908.69364678,9787848.98378909,9018267.04824518,10105263.2115139,11757850.5927851,10919856.0295143,1192905.46511549,1387915.27686587,1289032.08521468,23184917.5434022,24872824.4901587,24045177.9484239,17168815.0425635,19006974.9821797,18065635.3852693,0,0,0,1068.65800431871,1337.7583604363,1196.05475270258,53.2430992763671,66.6086636164246,59.577248010086,2.0229053886297e-07,2.52666093895544e-07,2.2621338287342e-07
"asia","p_rabid","a3_1",212470.124091402,247036.367670902,229888.94998572,61400850.078133,61400850.078133,61400850.078133,679858975.5216,679858975.5216,679858975.5216,704435.833180883,818747.663327234,762013.084715414,69546.7494271886,80832.3993519706,75231.1716223185,4457085.18953051,5182857.88891271,4822822.90646651,13947708.191114,16212284.9873251,15088317.2796055,1646391.75251222,1913615.38669656,1780985.86672525,37412595.741376,37412595.741376,37412595.741376,29794861.2904601,29794861.2904601,29794861.2904601,0,0,0,830.364477327218,965.111289770274,892.188059704387,41.9348029012024,48.7434183599235,45.0586346325412,1.88288414428786e-07,2.18842784656546e-07,2.03678218422219e-07
"asia","p_rabid","a5_1",100814.264914281,117159.69871,109061.995098121,49562252.0089783,49562252.0089783,49562252.0089783,541724591.187642,541724591.187642,541724591.187642,200892.892280856,233357.340837349,217275.514524332,19833.5277438567,23038.6413435655,21450.9328650337,2375914.9495783,2761370.49739875,2570398.44035897,4630312.71166483,5378839.35364884,5008017.63940873,546715.857290696,635084.69117815,591306.656948031,29652523.0329702,29652523.0329702,29652523.0329702,23539416.0748332,23539416.0748332,23539416.0748332,0,0,0,2321.43796824128,2696.58416003235,2493.26111307851,100.714030587315,116.995249548246,108.17146228175,6.77490047162215e-08,7.86972968802292e-08,7.32738709224666e-08
"asia","p_transmission","a1",359217.219271971,548260.076333466,448312.768879376,56798344.010254,61533399.5527455,59118446.7851805,626363102.303213,676163366.455525,650826365.731875,435185.350598686,657271.511660951,541973.223592503,42964.490315328,64890.3632864684,53507.3234523475,7211788.4622629,11007325.9366277,8998256.20787762,8737153.50663938,13197911.7197842,10880254.4374764,1031371.31231158,1557950.10606702,1284355.80509113,23164031.2982941,24942493.3532324,24048337.8894686,17136167.9825323,19042694.9501476,18089424.2484532,0,0,0,952.974670574675,1553.7365068133,1200.84597799469,47.4592583737525,77.3894342066563,59.8172009185871,1.74475480231927e-07,2.83746599716154e-07,2.25368267064247e-07
"asia","p_transmission","a3_1",183975.946051437,278597.117731701,230139.80608409,61400850.078133,61400850.078133,61400850.078133,679858975.5216,679858975.5216,679858975.5216,609824.126318178,923463.546706684,762840.803665674,60206.0311387002,91170.6714264511,75312.8897288065,3859603.66722726,5844646.73089746,4828067.65925545,12074846.3463241,18285075.9001066,15104659.0325556,1425285.80026478,2158326.34965079,1782917.59743077,37412595.741376,37412595.741376,37412595.741376,29794861.2904601,29794861.2904601,29794861.2904601,0,0,0,736.205536153709,1114.84433983657,891.219992762157,37.1810857792303,56.3037372089268,45.0098856290816,1.62999683457876e-07,2.4683225753443e-07,2.0389945913911e-07
"asia","p_transmission","a5_1",87285.2965567612,132177.195822756,109187.105748894,49562252.0089783,49562252.0089783,49562252.0089783,541724591.187642,541724591.187642,541724591.187642,173894.634154527,263330.605167462,217528.166621776,17168.0740510713,25997.8081060917,21475.8764174277,2057150.46348055,3115168.16349251,2573334.87737341,4008109.91606893,6069526.03799437,5013822.34219889,473245.866104463,716641.550965763,591992.42199209,29652523.0329702,29652523.0329702,29652523.0329702,23539416.0748332,23539416.0748332,23539416.0748332,0,0,0,2057.20330473223,3115.24615938553,2490.36526901621,89.2531950265182,135.157119572947,108.046227850598,5.86441275034762e-08,8.88054634928263e-08,7.3359075172089e-08
"asia","p_prevent","a1",428233.472469636,471936.892744186,449867.313732385,56627349.9014722,61346802.3119067,59067308.6569255,624881793.255356,675239857.144369,650446736.318434,522075.845748133,565779.266022683,544145.424759933,51542.9174894197,55857.6196606888,53721.7780884988,8594852.95309717,9471833.83355059,9029496.48185408,10481611.430138,11358592.3105914,10923948.7818345,1237301.43502112,1340819.34929856,1289514.99007174,23110438.9634064,24950785.5121657,24043824.2505791,17071241.4812139,18981527.5000544,18050423.5838007,0,0,0,1104.46216533906,1293.37501944139,1195.35459956389,55.0140172451371,64.4213784917498,59.5431880273978,2.09242248302593e-07,2.44815456304638e-07,2.26314008574085e-07
"asia","p_prevent","a3_1",228318.962049492,232681.628971688,230381.974985124,61400850.078133,61400850.078133,61400850.078133,679858975.5216,679858975.5216,679858975.5216,761331.109520631,765693.776442826,763630.763507195,75163.842341562,75594.5548195207,75390.8799964334,4792198.0142671,4878789.49710421,4833145.14812323,15074655.7665843,15161247.2494215,15120300.1155653,1779376.22980254,1789597.04602083,1784763.83386784,37412595.741376,37412595.741376,37412595.741376,29794861.2904601,29794861.2904601,29794861.2904601,0,0,0,887.899309669215,892.987252221534,890.29804456692,44.8418896108658,45.0994693377097,44.9633254846397,2.03495933504193e-07,2.04662029263053e-07,2.0411060723666e-07
"asia","p_prevent","a5_1",108703.543307087,109979.349669955,109301.54210759,49562252.0089783,49562252.0089783,49562252.0089783,541724591.187642,541724591.187642,541724591.187642,217075.518680671,218351.325043539,217753.326243036,21431.187900098,21557.1442771826,21498.1057235239,2562235.66253248,2591694.47900566,2576031.56562312,5003349.0204836,5032807.83695678,5019011.93386614,590755.892845671,594234.046391849,592605.168156202,29652523.0329702,29652523.0329702,29652523.0329702,23539416.0748332,23539416.0748332,23539416.0748332,0,0,0,2480.97688933018,2495.55820241778,2487.79020065585,107.638640046947,108.272396942495,107.934509486283,7.32064244379164e-08,7.36366766499963e-08,7.34350078746823e-08
"east africa","suspect_bite_incidence","a1",323557.432562873,372038.528443006,347462.887103301,9032764.25173166,10583496.449591,9794563.48105157,140224101.242812,163012994.669888,151284401.394164,185601.165265357,218568.756974301,201339.966280841,18323.8233010068,21578.6106525342,19877.6659633905,6292183.97456348,7248007.11495282,6763699.61458608,3619974.5459638,4278983.70281789,3930326.83694911,427778.9099809,505664.047690045,464458.118669109,2011991.04371471,2327146.69715541,2164250.96611728,860597.971156556,1048411.66121519,955391.574453452,0,0,0,641.55601735567,878.297258731242,751.387835156102,32.77042189959,45.0315306364914,38.4915574887908,7.9754819707854e-07,1.08633066562146e-06,9.30298608770174e-07
"east africa","suspect_bite_incidence","a3_1",186363.784823823,211865.18635928,199354.963368692,7209228.97592851,7892970.77814161,7560043.13590319,105171611.059954,115839285.724033,110679161.605509,324143.588061918,371727.878821193,348327.447697049,32001.6839512244,36699.5323431247,34389.2808720569,3808623.80425649,4344692.08722504,4080026.32397389,6151332.91448774,7021906.52487463,6591285.21547197,727066.853805679,829968.238430441,779068.983917424,4217256.3336618,4602422.31711051,4413106.13506874,2814909.49395747,3087522.51131309,2954499.41722478,0,0,0,282.926347610702,357.37028277081,317.744588711739,14.9776432778464,18.8315747715761,16.7917421242381,7.04289101973201e-07,8.81444829080204e-07,7.89302221691577e-07
"east africa","suspect_bite_incidence","a5_1",72755.9335924169,125171.252571193,93065.9277572963,3645699.33009126,4737621.91549962,4043294.0349741,63040548.6966901,77952784.9643343,69178786.2944374,51781.0424625,106232.494180447,74214.0665678517,5112.18057854446,10488.0023215623,7326.92297644909,1638880.98625125,2797458.20188387,2078951.04983701,1156242.51647215,2319664.88755177,1630060.77058695,136654.860044282,274155.456050241,192653.688718676,2026515.7458842,2471642.72877032,2209907.47194603,1244101.50287149,1499824.84660059,1351945.47421819,0,0,0,593.420583626787,1505.43096966014,932.151942262715,27.1765758213569,67.4190611863838,42.4393909372641,2.09500515020881e-07,5.24212527813823e-07,3.35824316221255e-07
"east africa","non_suspect_bite_incidence","a1",324589.601071758,346582.483186922,335616.611324445,8836731.31591992,10177397.2383081,9492649.46450143,136962877.038725,158764715.913297,147692548.703202,183442.328177398,205435.210292562,194408.200039875,18110.6880586775,20281.9766127228,19193.3143345537,6318512.7208064,6746277.3291745,6533259.37387592,3581988.91503962,4009753.52340772,3795006.87033821,423288.268152823,473851.712790789,448468.132100606,1950724.6114613,2272012.00589443,2108407.89113207,838662.293218884,1023690.41735546,929240.781068321,0,0,0,666.696214556768,865.474819746965,759.703287582052,34.1574304353565,44.323061762334,38.9175971873907,8.07400346923702e-07,1.05312256320316e-06,9.22061622220031e-07
"east africa","non_suspect_bite_incidence","a3_1",193141.450098067,193142.857650097,193142.1513416,7007887.63166535,7799347.24922276,7409262.16189375,104058659.734963,113370661.745258,108781074.308562,336881.953714224,336883.361266253,336882.66002272,33259.3030023911,33259.4419656063,33259.3727340228,3953552.58464045,3953578.76511085,3953565.62777148,6374687.47910327,6374713.65957367,6374700.61644264,753474.587824545,753477.681943613,753476.140451049,4077509.75275044,4566300.2362876,4325391.06767503,2732751.67943341,3050384.64378625,2893833.5325362,0,0,0,308.886314075693,336.529340605254,322.904937586354,16.3236602131431,17.7845050627024,17.0644993159328,7.37756906646393e-07,8.26198787235302e-07,7.78849021399123e-07
"east africa","non_suspect_bite_incidence","a5_1",91389.6695981734,91389.8932872307,91389.7810402384,3625673.18098198,4417132.79853939,4027047.71121038,63870251.2282636,73182253.2385583,68592665.8018624,73147.2703915753,73147.4940806326,73147.3826385676,7221.60152222045,7221.62360634236,7221.61260401538,2041626.93789926,2041631.80685048,2041629.3636146,1606307.79349831,1606312.66244952,1606310.23673418,189844.330078706,189844.905475441,189844.618812333,1957160.48440212,2445950.96793928,2205041.79932671,1189496.6069829,1507129.57133573,1350578.46008569,0,0,0,873.170735799338,1000.47825225461,937.732333373967,39.7620293491714,45.5592966271911,42.7020037806142,2.99054524601538e-07,3.7374295395596e-07,3.31727873189989e-07
"east africa","p_rabid","a1",319054.659905345,351624.528218401,335383.573824518,8923497.41523361,10052233.766228,9481283.12682813,139240053.584888,156026726.79676,147716496.348407,181368.434323514,207439.800566869,194267.546761283,17905.938996519,20479.8835489471,19179.4280757043,6210861.49841709,6844917.25850109,6528890.16042976,3539211.15522033,4048658.29607325,3792093.91168218,418232.28915561,478447.875730753,448124.07210842,1986165.71556951,2225146.00673085,2107263.77672561,850179.21569337,1011113.6441559,930203.008980246,0,0,0,671.231138886499,860.274983233572,760.37659820722,34.3916535806283,44.0851703822817,38.9538075239491,8.15085543936856e-07,1.04442342822028e-06,9.21894776092758e-07
"east africa","p_rabid","a3_1",186106.317689149,200171.627031812,193277.567803396,7402357.42452446,7402357.42452446,7402357.42452446,108699835.88927,108699835.88927,108699835.88927,324981.687544009,348776.946930422,337070.04172281,32084.4268951953,34433.6585273075,33277.8723439653,3809685.5489775,4097347.62464329,3956324.28364988,6149867.60640774,6599471.35921645,6378195.40060046,726897.661799229,780045.363916584,753889.56326943,4321126.83252953,4321126.83252953,4321126.83252953,2891062.48503102,2891062.48503102,2891062.48503102,0,0,0,311.660036151858,334.479880114937,322.484416988501,16.470991382888,17.6751505635686,17.0424123223062,7.52076252651369e-07,8.07143507811023e-07,7.8005125696691e-07
"east africa","p_rabid","a5_1",87954.1417084964,94830.5667843085,91466.9288762312,4020142.97384109,4020142.97384109,4020142.97384109,68511427.3825709,68511427.3825709,68511427.3825709,70457.5762382507,75834.9786473569,73200.4994812269,6956.05642001807,7486.95056296159,7226.85666397484,1965134.07550746,2118200.12312799,2043320.2238928,1547507.1143944,1665027.95594161,1607439.85405222,182894.091199597,196785.050786364,189978.224954545,2200777.56418121,2200777.56418121,2200777.56418121,1347807.41258051,1347807.41258051,1347807.41258051,0,0,0,903.427792881151,972.378430261368,935.942075096652,41.1473135559614,44.272124338105,42.621456230452,3.2014855742345e-07,3.44582659699965e-07,3.32611985293757e-07
"east africa","p_transmission","a1",270598.285037131,406104.792327089,336272.811721119,8948860.25210918,10056847.2681273,9481013.05510343,139634089.917819,156297770.91468,147557223.844564,155000.602263774,239399.50596869,194574.244444763,15302.7253000828,23635.1654336159,19209.7073799904,5267090.47208216,7904469.1288478,6545994.39646869,3025435.17182175,4676326.98929153,3798122.84984706,357528.638263052,552625.6178598,448836.592750346,1995130.68661353,2226518.34904537,2105981.88860487,852376.292157665,1013741.26033352,928684.346927983,0,0,0,583.268078824195,1008.36879748827,758.359485170472,29.8597788900502,51.6612526919776,38.8500397901837,6.9615686001524e-07,1.19991892047452e-06,9.23912240164901e-07
"east africa","p_transmission","a3_1",154239.556171086,233566.829693109,192941.605046723,7402357.42452446,7402357.42452446,7402357.42452446,108699835.88927,108699835.88927,108699835.88927,269028.3933492,407392.739782618,336532.857392586,26560.332935607,40220.6126627325,33224.8378129966,3157240.74357348,4781047.78368647,3949460.49765297,5090720.44910209,7708935.59705721,6368081.43686309,601712.398215863,911179.895316688,752693.767414354,4321126.83252953,4321126.83252953,4321126.83252953,2891062.48503102,2891062.48503102,2891062.48503102,0,0,0,266.818294177927,404.045961602934,322.999176756358,14.1004986383289,21.3525446891201,17.0694795547112,6.22588514005072e-07,9.42792830600938e-07,7.78808098987422e-07
"east africa","p_transmission","a5_1",72982.1509947228,110517.731067236,91294.8871830053,4020142.97384109,4020142.97384109,4020142.97384109,68511427.3825709,68511427.3825709,68511427.3825709,58414.1655492996,88457.2363929841,73071.4300576464,5767.04810161508,8733.10664317778,7214.11404294727,1630406.61898038,2468943.94401473,2039509.45370948,1282770.05031361,1942513.30398537,1604642.32464586,151606.449144741,229579.373454482,189647.493669713,2200777.56418121,2200777.56418121,2200777.56418121,1347807.41258051,1347807.41258051,1347807.41258051,0,0,0,774.514671453209,1172.85639088261,937.595272578105,35.2694765292001,53.4089701937003,42.6957623704032,2.65425122920282e-07,4.01936287577043e-07,3.3202551337728e-07
"east africa","p_prevent","a1",324774.604120328,346861.167085227,335801.555211741,8926847.05537086,10042464.6046964,9477237.69647503,139486188.378338,155646895.412042,147444429.649147,183163.644279094,205250.207243992,194223.25615258,18083.1744678978,20263.7118396149,19175.0554022536,6324639.5643191,6750983.54222752,6537055.79838181,3577282.70198661,4003626.67989502,3791210.44583231,422735.98101549,473126.139188295,448019.213069942,1993109.64894986,2219850.81962481,2105006.20922566,845469.494666428,1008518.97203147,926829.514458796,0,0,0,679.590974602636,849.769592784888,759.149200615378,34.8399587500989,43.5098113228806,38.8911224411804,8.25116907225557e-07,1.02979887409675e-06,9.22673079544149e-07
"east africa","p_prevent","a3_1",192129.348254632,194301.91282025,193145.617196049,7402357.42452446,7402357.42452446,7402357.42452446,108699835.88927,108699835.88927,108699835.88927,335722.89854407,337895.463109688,336879.194168271,33144.8731058781,33359.3636191973,33259.030561039,3933859.17187498,3975750.92488032,3953629.05290007,6352515.3193338,6394407.07233914,6374637.19131406,750853.703888009,755805.561972002,753468.647946875,4321126.83252953,4321126.83252953,4321126.83252953,2891062.48503102,2891062.48503102,2891062.48503102,0,0,0,321.696642177121,323.778438589291,322.667109667136,16.9992048769436,17.1113063763016,17.0519250942441,7.76933683169727e-07,7.81961456363661e-07,7.79609595423671e-07
"east africa","p_prevent","a5_1",91067.7017833669,91741.7366156744,91389.7288192794,4020142.97384109,4020142.97384109,4020142.97384109,68511427.3825709,68511427.3825709,68511427.3825709,72795.4270631316,73469.4618954392,73147.4348595266,7186.86512942451,7253.41048299635,7221.61775962755,2034388.78868267,2049547.56156033,2041625.8379014,1598392.03878845,1613550.81166611,1606313.76244739,188909.017461124,190700.180257162,189845.03081502,2200777.56418121,2200777.56418121,2200777.56418121,1347807.41258051,1347807.41258051,1347807.41258051,0,0,0,932.515709453208,941.150153884729,936.621051908945,42.4600371350114,42.8627181066924,42.6513356134025,3.30771397563819e-07,3.33834109776439e-07,3.32370867688035e-07
"west africa","suspect_bite_incidence","a1",214264.241807186,245599.503740061,230706.388788225,3437486.44257007,4021221.5811292,3727671.49880415,83305332.709137,96349869.3977842,89790260.4446262,116408.823227822,135569.350646954,125641.298391171,11492.6795015272,13384.3385236046,12404.1729357537,4033061.48466746,4609044.73049126,4327476.56945269,2173250.89730583,2542786.18567689,2356506.99626086,259552.190237488,303685.530838369,281438.449161028,1208262.58382988,1396797.75067396,1298955.42157719,506831.606297536,623964.361187823,564880.327824888,0,0,0,614.485002042078,827.68527957043,714.655623544048,32.7614382909513,44.3344436287724,38.1031164291466,8.33397842827667e-07,1.12201894241593e-06,9.67248731589402e-07
"west africa","suspect_bite_incidence","a3_1",115623.479083559,131733.029767258,123797.771516928,3785004.19707715,4220491.6954498,4007619.44693285,76062635.3504087,84262939.4146251,80320275.7692617,216205.51330816,248275.628550556,232548.9942291,21345.2949872274,24511.477290579,22958.8358078926,2299601.60570126,2626951.28825207,2464609.67232025,3936048.940552,4498365.15957674,4219215.97244213,470114.40589474,537275.781619256,503934.828078668,2630792.69601853,2935856.96321569,2786194.64939035,1809296.87086517,2029273.76386952,1921327.60346571,0,0,0,306.363680537093,389.735387064456,345.390768235845,16.9089508415021,21.4080009388318,19.0367775183529,7.36430677710357e-07,9.43729351713267e-07,8.34647336215306e-07
"west africa","suspect_bite_incidence","a5_1",44260.9601093254,78628.6614457751,57912.3409056572,1370069.40028342,1867981.16058656,1573626.06346119,33062392.3554623,44456256.2518879,37705542.6029343,31775.1543441856,68378.1443776138,46507.9496019482,3137.06173521397,6750.76060775138,4591.58459150738,992865.472767806,1717116.21301788,1276699.79083628,701326.677425715,1461882.45239069,1004821.19854345,83779.7056006631,174630.72063036,120033.418727662,874565.724630409,1223473.09827753,1014957.05733507,542933.567980865,737389.626510423,624473.496171681,0,0,0,483.522807709982,1399.08860143814,810.733281635681,22.6163138502646,63.3887996604788,37.5246289166577,2.59712734092155e-07,7.81852552093901e-07,4.58225786656061e-07
"west africa","non_suspect_bite_incidence","a1",219544.507856575,230146.984429314,224893.997808879,3465136.33032627,3816247.13024221,3639161.63988068,83508039.9601111,91160057.6309894,87250693.0914714,117079.067208587,127681.543781326,122332.053829022,11558.8505961674,12605.5999901929,12077.4615569218,4119215.00005985,4315966.9159154,4217903.22509425,2196180.05984047,2392931.97569602,2294243.75066162,262318.580597214,285814.24851531,274029.517758458,1212746.95144915,1323386.10696234,1267033.68300914,508038.431601047,598250.847475546,552547.136931198,0,0,0,654.033758419553,778.619609845197,713.228384225592,34.8977909979332,41.5084624880945,38.0302629423355,8.84693186611475e-07,1.05282922895626e-06,9.65499619066868e-07
"west africa","non_suspect_bite_incidence","a3_1",120813.673757859,120814.604927546,120814.137667332,3802540.21699985,4043992.06599956,3924988.18568349,75548719.8338293,80493644.8212562,78056449.7290936,226411.446710355,226412.377880042,226411.913970569,22352.8949126713,22352.9868441459,22352.9410438126,2405021.70699083,2405038.28344939,2405029.96539558,4107108.69230648,4107125.26876504,4107117.01036029,490592.666575337,490594.6463709,490593.660035187,2640039.44105448,2815373.07504297,2728956.74449512,1820669.50880725,1941694.16101952,1882044.9875432,0,0,0,333.677515960971,355.519325505792,344.754162270984,18.3945496886551,19.5986156811575,19.0051682316804,8.04196959605078e-07,8.57609830971349e-07,8.29664722342299e-07
"west africa","non_suspect_bite_incidence","a5_1",56973.2234941665,56973.3684941701,56973.2957332828,1441533.33166057,1682985.18066028,1563981.30034422,34836312.3315687,39781237.3189956,37344042.226833,45937.5080008495,45937.653000853,45937.5807617368,4535.26667406795,4535.28098946538,4535.27385752307,1255175.19698234,1255178.30829062,1255176.74703858,991358.266045112,991361.377353393,991359.82729715,118433.268989118,118433.640608725,118433.455467543,922103.545485585,1097437.17947408,1011020.84892623,561869.388504306,682894.04071658,623244.867240255,0,0,0,758.338967184975,865.985967681571,812.930102273438,35.1398724293356,40.1280129308826,37.6695133276159,4.18588953063027e-07,4.98183237942785e-07,4.54368283409046e-07
"west africa","p_rabid","a1",214029.18769864,236912.19204193,225081.654670361,3450399.47577299,3805808.81777969,3638548.57058098,83455052.6396789,90760515.6304677,87263504.1484147,114690.735772862,130340.915228319,122445.380962878,11323.0580937341,12868.1514263155,12088.6499908577,4013396.94974805,4444807.67956623,4221391.78494372,2152367.39834526,2443965.36564979,2296400.56977967,257085.266358622,291912.80589641,274287.133637706,1215605.2383051,1319576.68408467,1267266.39905053,507706.869024882,597233.935862082,552007.88623996,0,0,0,640.282849736707,791.350016362381,712.672895148824,34.1473957907297,42.167761740047,38.0001230172083,8.69147940821776e-07,1.07223061501489e-06,9.66216582832284e-07
"west africa","p_rabid","a3_1",115359.061182466,125780.003783856,120861.972345301,3922881.74643165,3922881.74643165,3922881.74643165,78013309.9306862,78013309.9306862,78013309.9306862,216134.679963276,235758.770257329,226500.21392912,21338.3018323428,23275.7269690714,22361.6586229058,2296463.58937432,2503883.08575779,2405981.00992378,3920646.25416557,4276729.38625047,4108714.78990036,468316.179255222,510856.03220011,490784.480711734,2727427.12419885,2727427.12419885,2727427.12419885,1880989.16180023,1880989.16180023,1880989.16180023,0,0,0,330.903108484724,360.947673663206,344.429299104765,18.2413482091002,19.8980741625949,18.9872779980861,7.92448964247811e-07,8.64399888692096e-07,8.30453770586636e-07
"west africa","p_rabid","a5_1",54406.0485901048,59309.0237752773,56996.219507896,1561874.86109237,1561874.86109237,1561874.86109237,37300902.4284256,37300902.4284256,37300902.4284256,43853.9053369729,47829.7916756922,45955.8731464593,4329.55909142537,4722.0859305291,4537.07980752846,1198630.2170592,1306636.49227027,1255681.00419009,946396.863082761,1032200.95991615,991753.743785086,113061.067151625,123313.101128592,118480.506722923,1009491.22862996,1009491.22862996,1009491.22862996,622189.041497289,622189.041497289,622189.041497289,0,0,0,779.867549525256,850.571964841122,811.667799446422,36.137248343051,39.4135947438825,37.6110528063796,4.34415912622535e-07,4.73800963487368e-07,4.5523796386848e-07
"west africa","p_transmission","a1",181652.384125459,271996.120964376,224527.828763862,3464473.4996225,3816902.71175444,3637132.49909086,83462140.2453326,90954304.8540895,87210654.6646475,97519.2002437775,148301.78042842,122062.567781253,9627.76602812639,14641.3715447847,12050.8560411949,3407672.18252097,5101942.84954476,4211284.24223957,1829182.66780011,2781613.29087708,2288948.5995957,218480.150715287,332240.03249201,273396.249073793,1211546.14974079,1320629.64133524,1266665.43784891,506480.035190747,599008.840719779,551900.811696521,0,0,0,562.785827683416,932.680996426579,714.475012691333,30.0049401255974,49.7240141486127,38.1007483872953,7.38429588368008e-07,1.2240704199353e-06,9.63652785762778e-07
"west africa","p_transmission","a3_1",96479.8085380135,146100.546511542,120688.692167484,3922881.74643165,3922881.74643165,3922881.74643165,78013309.9306862,78013309.9306862,78013309.9306862,180808.453719916,273800.287933748,226176.818831267,17850.6538606868,27031.447182402,22329.7308350548,1920610.15259667,2908403.18330469,2402532.73676406,3279869.21799695,4966743.09748718,4102852.37990375,391779.206656847,593275.689095203,490084.251450626,2727427.12419885,2727427.12419885,2727427.12419885,1880989.16180023,1880989.16180023,1880989.16180023,0,0,0,284.927786305189,431.469371733767,344.921775510894,15.7071361251109,23.785494099161,19.0144081987459,6.62926800557601e-07,1.00387755736708e-06,8.29268055687109e-07
"west africa","p_transmission","a5_1",45497.7959557396,68897.8487461839,56914.1379696139,1561874.86109237,1561874.86109237,1561874.86109237,37300902.4284256,37300902.4284256,37300902.4284256,36684.9146333342,55552.3839190143,45889.8814707233,3621.78703238564,5484.51334034651,4530.56465551529,1002360.41054498,1517886.18087966,1253873.44423395,791681.885123719,1198852.89363876,990330.448758994,94578.7984296954,143221.751448738,118310.48008182,1009491.22862996,1009491.22862996,1009491.22862996,622189.041497289,622189.041497289,622189.041497289,0,0,0,671.454576689343,1016.79131057679,812.835013579687,31.1138277484652,47.1160236571491,37.6651071116395,3.63400033530965e-07,5.50300808402344e-07,4.54584251643306e-07
"west africa","p_prevent","a1",219945.532693387,230646.131093767,225105.50577132,3457143.21308467,3816472.85137677,3633299.83408446,83434802.4775502,90811644.8630376,87101231.1364661,116579.920544134,127280.518944515,122120.545866581,11509.5714051255,12566.0080606997,12056.5800364584,4125801.3338968,4324748.11233388,4222049.58580978,2187398.86342199,2386345.64185907,2290097.38994609,261269.1640708,285026.759829166,273533.372568414,1209345.73152321,1317161.36849725,1264999.58630807,508757.079240291,597266.904971281,551650.330734157,0,0,0,655.519031266065,778.964717415969,713.239778928158,34.9634189674849,41.5158142310502,38.0338545945054,8.85084571506527e-07,1.0524742067283e-06,9.65380124929464e-07
"west africa","p_prevent","a3_1",120148.565428215,121576.361871618,120815.505790682,3922881.74643165,3922881.74643165,3922881.74643165,78013309.9306862,78013309.9306862,78013309.9306862,225649.689766283,227077.486209686,226410.545847219,22277.6890290146,22418.6509119926,22352.8059732678,2392667.66896571,2418979.91344188,2405055.91102271,4093167.062314,4119479.30679016,4107091.06473316,488927.298802115,492070.41000589,490590.560254733,2727427.12419885,2727427.12419885,2727427.12419885,1880989.16180023,1880989.16180023,1880989.16180023,0,0,0,343.553697166824,345.727530188446,344.565707567921,18.9376627774526,19.0594003965679,18.9947845570243,8.27335358529754e-07,8.32570315793084e-07,8.3012500623174e-07
"west africa","p_prevent","a5_1",56802.0960461483,57159.0117127842,56973.7322511062,1561874.86109237,1561874.86109237,1561874.86109237,37300902.4284256,37300902.4284256,37300902.4284256,45751.8647822353,46108.7804488712,45937.1442439133,4516.93869897117,4552.17586787282,4535.23076148188,1251458.33976921,1259205.55645949,1255186.24004039,987331.017876243,995078.234566528,991350.334295344,117952.122236802,118877.712943994,118432.32119132,1009491.22862996,1009491.22862996,1009491.22862996,622189.041497289,622189.041497289,622189.041497289,0,0,0,808.976122666864,815.287040341771,811.998722218522,37.4853967584513,37.7795306265776,37.6263578454727,4.53217061076676e-07,4.56752660559995e-07,4.55052435732971e-07
