"year","scenario","total_deaths_lci","total_deaths_uci","total_deaths","U5_deaths_lci","U5_deaths_uci","U5_deaths","total_vials_lci","total_vials_uci","total_vials","total_cost_lci","total_cost_uci","total_cost","total_deaths_averted_lci","total_deaths_averted_uci","total_deaths_averted","U5_deaths_averted_lci","U5_deaths_averted_uci","U5_deaths_averted","total_YLL_lci","total_YLL_uci","total_YLL","total_YLL_averted_lci","total_YLL_averted_uci","total_YLL_averted","U5_YLL_averted_lci","U5_YLL_averted_uci","U5_YLL_averted","vaccinated_lci","vaccinated_uci","vaccinated","fully_vaccinated_lci","fully_vaccinated_uci","fully_vaccinated","RIG_lci","RIG_uci","RIG","cost_per_death_averted_lci","cost_per_death_averted_uci","cost_per_death_averted","cost_per_YLL_averted_lci","cost_per_YLL_averted_uci","cost_per_YLL_averted","deaths_averted_per_100k_vaccinated_lci","deaths_averted_per_100k_vaccinated_uci","deaths_averted_per_100k_vaccinated"
2020,"a3_1",40564.0621065865,78853.1410966368,58406.753956045,4004.76314547629,7784.9243140168,5766.31637816398,3484180.00863159,4972448.00826603,4229678.40242134,60970956.4566005,77045223.7299788,65147775.5597166,34641.6102922188,67521.9799437094,49976.3104594392,3420.05797727304,6666.23416751572,4934.00502516106,1974120.10813033,3837592.07177551,2842183.28304581,1709075.03254505,3331911.33984674,2465640.78795382,239389.772977891,466686.798894587,345349.518712283,1335787.94802578,1883060.72691964,1609718.91622555,959691.698405641,1347137.16291609,1153465.31923192,0,0,0,902.979392894429,2224.06588723979,1303.5731321661,18.2990932944227,45.0800709523255,26.422249290328,1.83964382013778e-07,5.05484272735828e-07,3.10466069297509e-07
2020,"a4",40449.3426696515,78673.7237442271,58290.0997989329,3993.43725380647,7767.21099924321,5754.79947761438,3486019.10763774,4967733.17268369,4229751.12453279,60956922.7631833,77099917.8002811,65160300.1994802,34599.6044306276,67436.4305730573,49841.5154285335,3415.91086976807,6657.7881453741,4920.69713280685,1968027.87107807,3827735.52710001,2836379.72252018,1706896.56416869,3326623.84041683,2458865.37151743,239076.555074998,465947.909324321,344403.659943313,1337186.93411899,1879315.8420467,1609467.4961838,960554.726602373,1344252.74516095,1153211.81147871,0,0,0,903.916803502013,2228.34679959613,1307.34989976201,18.3239601732504,45.1696484829653,26.500149603257,1.84107448341128e-07,5.04315655892105e-07,3.09677054968259e-07
2020,"a2",38131.3704717728,89546.6664741218,59708.1141901359,3764.59109915087,8840.6626721339,5894.79560913403,3356642.92768453,5396174.2667261,4283780.57352893,60552837.6087143,83048499.2477619,65840283.4719294,32939.6227324396,74526.4762448396,50897.8227228611,3252.02606184127,7357.76620801214,5024.98305248386,1852372.22528778,4367134.48827048,2906028.2982342,1624390.29135273,3679470.58523727,2511313.794665,227558.264699172,515197.671109717,351727.085489827,1309938.77284701,1972367.42910736,1621639.88114334,934323.816160704,1412524.63585096,1160729.12952332,0,0,0,812.501015206755,2521.23407491167,1293.5776021389,16.4569429775206,51.1259514969167,26.2174657789877,1.67005509451893e-07,5.68930989674152e-07,3.1386637264357e-07
2020,"a5_1",38870.6425715675,89593.2580010393,59936.5473660648,3837.57712436593,8845.26250805271,5917.34810305736,3408812.73589864,5329395.35695329,4292583.87515514,60842660.4410552,81932533.2533349,65909130.9897872,33915.0628233666,74802.3319903677,51164.8185161861,3348.32821512414,7385.00058410238,5051.34271316813,1889517.60807541,4370343.28675682,2917319.89046503,1673147.6018187,3693836.20899688,2524707.94374517,234401.682530237,517229.170839583,353606.478953973,1325091.83595974,1954317.75516447,1624244.87816036,953452.590405669,1392518.9387987,1163066.50378904,0,0,0,813.379193163255,2415.81546465205,1288.17286763045,16.471401816048,48.9691006126863,26.1056456660952,1.73539142924649e-07,5.64506775760108e-07,3.15006802263315e-07
2020,"a5_2",38157.2783230202,89203.2579576698,59765.0002235937,3767.14890037851,8806.75902197884,5900.41178952755,2874411.88413858,4672118.15272831,3682060.16919162,52856056.2988221,73181334.6017627,57599582.3334666,33095.5530317643,74241.8389983251,50980.7885656833,3267.42057322817,7329.66486175949,5033.17401099277,1853040.56634174,4351103.46584048,2908813.1099053,1631546.01700924,3666356.41998938,2515555.58091365,228563.064232501,513345.951491461,352321.283489211,1091051.06639685,1660845.93656123,1356044.17889336,781656.212001144,1175815.63463716,965873.609779769,0,0,0,711.944329665844,2211.21352864311,1129.82917593077,14.41650790159,44.8539813396807,22.8973602374336,1.99269253717106e-07,6.8046163268513e-07,3.75952268806521e-07
2021,"a3_1",39020.5368823204,76529.7924592736,56567.538281532,3852.37572145521,7555.5473602848,5584.73635961164,3346229.97915137,4720454.04671592,4050307.39649429,58890561.8595925,73463152.4243091,62729539.6718404,37003.1198020705,72765.6287008795,53786.965495658,3653.20243474615,7183.92323019783,5310.21909388705,1895171.08857835,3718040.04781193,2748509.55867212,1825607.7379734,3591029.75741887,2654521.58587839,255620.622710665,502844.521694582,371706.970064339,1567992.86282615,2191306.87984883,1886109.74922905,1131805.09730881,1577173.36686705,1359128.70386897,0,0,0,809.318395387969,1985.32320564491,1166.25913162743,16.3993522297964,40.2403818171039,23.6312034550975,1.68863248421979e-07,4.64068621905119e-07,2.85174102501954e-07
2021,"a4",39338.3354028164,76332.9538978305,56519.3190856485,3883.75097670516,7536.11410396041,5579.97582902002,3368667.15300094,4741669.63914878,4051601.22838783,60886780.3184211,76273410.6578297,64937200.4665065,37362.2885675984,72631.2274595322,53697.5960374423,3688.6620450636,7170.65421545666,5301.39592643274,1911495.60820757,3709333.63934555,2746076.54074905,1843849.62546108,3584849.76229685,2649986.23138279,258177.356855724,502007.286322041,371073.376085816,1577384.63951131,2197954.58409728,1886710.2479683,1138702.80075262,1581842.32233535,1359474.81563525,40594.0037480896,55389.6859962781,48052.1311358017,838.300307568742,2041.45446068783,1209.31299086885,16.9844719739134,41.3663943114431,24.5047312689702,1.69986626829887e-07,4.60453497772325e-07,2.84609659036232e-07
2021,"a2",35352.4718792212,78388.0170264966,54925.0047914444,3490.23912130347,7739.00406743802,5422.57415876921,3304467.99962036,5017550.8636527,4141160.55274363,58898561.243526,78041573.6737702,63966855.4225689,31126.2646882353,67663.2230970357,47964.4341860801,3072.99888636016,6680.17866285511,4735.37876500901,1713042.63407977,3810128.53702925,2666369.32639157,1533103.84970059,3336232.67393075,2364306.33277745,214821.796942629,467291.058333211,331223.574402875,1303280.87643331,1904946.8076727,1599154.27434784,935976.693785926,1368667.26627454,1147124.67572801,0,0,0,870.466385543883,2507.25792045543,1333.63098112253,17.6542127003785,50.9042969848463,27.055231606737,1.63397028005536e-07,5.19176060360907e-07,2.99936253527763e-07
2021,"a5_1",34702.108458829,74122.5125994763,52962.4022776021,3426.03077228979,7317.88413913028,5228.81254298225,3251163.83609572,4718644.73506055,3987122.85159985,57941332.3725368,73535842.5758277,61967939.3397274,32190.7228257695,70277.0007844989,49812.1732366768,3178.08951332691,6938.22876951643,4917.80026985839,1680583.31335343,3599870.32802705,2568759.90440418,1585904.99517757,3467800.12241285,2456214.01587392,222204.073680419,485662.123621937,344047.390698055,1508594.07959513,2181914.98412397,1844835.02240518,1090204.05754599,1570630.33113541,1330473.88157246,0,0,0,824.470761781812,2284.37997412598,1244.0320370142,16.7083829307388,46.3683781811874,25.2290471999767,1.47534267191872e-07,4.65844336359582e-07,2.70008822641142e-07
2021,"a5_2",34323.2953866975,74377.888095154,52971.4168345184,3388.63174094251,7343.0965641251,5229.70252202864,2389811.91946296,3591073.69230172,2992790.65302002,46335356.301779,59790729.7541357,49828276.0077868,31895.1603350298,70241.1419671311,49800.8336204877,3148.90955183811,6934.68854048666,4916.68074497258,1661994.11270564,3611530.87881752,2569288.45902725,1571334.79414809,3465667.3225811,2455760.68540144,220170.525073463,485348.331389394,343980.33898467,1020493.6031234,1536624.82955702,1277382.34496745,729422.051000357,1091979.75305597,909809.633750295,0,0,0,659.661204304755,1874.60194982838,1000.55104272969,13.3698223138366,38.0509169508664,20.2903631058176,2.07566347500871e-07,6.88305558723204e-07,3.89866306017848e-07
2022,"a3_1",31894.8412927636,62508.4568028583,46318.796395659,3148.87805379174,6171.26468811013,4572.91008629127,3242595.21358178,4442970.43531217,3844039.11175269,58364785.2230373,71273695.2818241,61831751.3943933,45038.7557195,89015.0346195598,66164.0407484211,4446.53566868186,8788.17631974352,6532.16907243725,1543468.15249945,3027008.76447037,2243400.55910809,2218592.65276923,4387277.07129957,3261764.47505439,310729.597573281,614465.003842627,456844.618494734,2038750.29774662,2791098.6935803,2415608.28673089,1515985.18621677,2071203.27120593,1794103.96113666,0,0,0,655.673341840306,1582.49698827638,934.52199555797,13.3031910851595,32.1256338755386,18.956534681543,1.61365686649103e-07,4.36615679310733e-07,2.73902193132325e-07
2022,"a4",32115.4592179079,62570.7923423673,46194.5433143268,3170.65897241689,6177.41888121395,4560.64296768951,3245903.87200794,4446426.83032158,3844090.11698467,63456937.6366926,77510715.8546597,67116411.8767215,45763.4468446076,89618.1219096931,65948.7764060368,4518.08215981135,8847.71724408894,6510.91669631549,1555727.72649948,3031033.16760978,2237481.090219,2256166.81915157,4418767.14652683,3251148.34617462,315990.928201383,618911.30771763,455360.720043924,2040479.66789042,2793090.35453581,2416123.43501207,1517669.19496029,2072444.53665115,1794598.98410439,99561.4713630812,136365.388139168,117998.407791632,708.081538470949,1693.72547740671,1017.70518778841,14.3607788173609,34.3550464428014,20.64390939149,1.63845207407238e-07,4.39201249196206e-07,2.72952844421657e-07
2022,"a2",33619.3587363366,75086.2503381634,52167.4514901006,3319.13427427589,7413.03095573009,5150.3295348484,3248286.78307085,4918977.16853315,4058438.50630112,58091211.1599853,76907616.7424766,63068071.6510428,30260.3862795889,65819.5906584128,46183.7092553069,2987.51341574089,6498.16259097845,4559.57335488384,1626440.3789385,3643538.38026296,2527577.82629684,1489938.98480506,3243952.52552438,2274695.22018186,208815.910417131,454454.594492284,318724.459924038,1295177.60901567,1889804.87505759,1588820.98963642,931012.69759531,1359191.40904278,1140992.7868355,0,0,0,882.582382826781,2541.52792472289,1365.5913019545,17.9075404781379,51.6179639077898,27.7259437182976,1.60124395269468e-07,5.08189689199733e-07,2.90679123428974e-07
2022,"a5_1",25710.8118711405,57070.3985090678,39772.0308438738,2538.34814549057,5634.38217913706,3926.56837290538,3112566.75082915,4349476.24153205,3728748.50487211,56804826.373446,70042441.9554468,60307235.5312997,39082.7963093242,83952.1250121075,59020.0393592433,3858.52240020913,8288.33106875446,5826.86413035738,1237454.32466412,2757648.3772539,1918187.03260562,1923934.5604684,4136666.44443952,2906300.61820776,269665.897406332,579569.053645523,407256.191729693,1955092.92803786,2731100.5002663,2341785.29462162,1457434.17823964,2028975.01961418,1742403.06559692,0,0,0,676.633573780933,1792.15533609954,1021.80947667997,13.7320296756831,36.4058338545539,20.7505153298593,1.43102739373792e-07,4.29402223332485e-07,2.52030104957935e-07
2022,"a5_2",25356.0123171126,56932.0168084447,39709.8727694317,2503.31989377679,5620.72018608499,3920.43170037329,1990449.70806848,2924282.71794515,2444658.47641187,40308903.3071049,51128118.7676595,43105763.2248209,38375.2277099404,83254.8178521917,58806.4459796431,3788.66636256027,8219.48811097154,5805.77672317185,1220089.2310266,2749813.84374689,1915095.97913621,1888637.98997254,4101014.81229287,2895610.1648595,264714.892618099,574579.154473489,405755.742589028,1249813.23103931,1837877.36566878,1535656.50606735,919399.98203264,1343945.1259234,1125661.08233533,0,0,0,484.16301118655,1332.32092208317,733.010854622004,9.82900700243223,27.0714234486001,14.8865906564161,2.08801895201403e-07,6.6613807395013e-07,3.82940102472785e-07
2023,"a3_1",32049.5915891434,62230.1963239557,46032.7729210119,3164.15606717375,6143.79290020528,4544.67188206513,3369291.45105218,4616878.06516945,3994521.18325907,57192279.3828455,70392465.2932765,60640315.7788459,47345.0788939815,92353.6986587339,68091.4912773667,4674.23175164447,9117.79219164706,6722.46024255646,1550754.8000906,3010865.28963008,2227245.05238261,2333784.20641779,4552281.27285043,3356235.29097777,326821.922824312,637531.306517211,470019.135688406,2098648.07480831,2873544.55002785,2487098.39072416,1615477.31958293,2207445.5197064,1912178.68465086,0,0,0,619.274378974066,1486.7958178062,890.571121901723,12.5634326955887,30.1623710965652,18.0679572561135,1.64761944941911e-07,4.4006281837973e-07,2.73778840158957e-07
2023,"a4",31957.5728268528,61879.2888617836,45927.1613732483,3155.07134220351,6109.14890256305,4534.24518384371,3380794.4932224,4618152.89557147,3997518.75691073,62385884.0730602,76723996.328919,66137720.843905,47218.9039765843,91738.2192332269,67988.1774180637,4661.77489617106,9057.0278304844,6712.26038793966,1546104.20336493,2994252.07222864,2222177.72956792,2327118.88992326,4522417.13271731,3351243.20778474,325897.722800028,633370.514376842,469322.607199313,2106023.14489961,2874092.01967974,2489275.6638655,1621527.1782947,2207932.13711313,1914012.58044587,102599.321940151,140045.532349121,121340.8489755,680.042457707359,1624.85762835508,972.782671275624,13.7948097758898,32.9695215234358,19.7352793405955,1.64291552439041e-07,4.35599292701979e-07,2.73124340566153e-07
2023,"a2",26612.0946556901,107389.196225812,55220.5130706633,2627.32897955329,10602.1999014152,5451.7487681239,2985515.63740885,6180069.68117725,4186841.8695289,57178316.4580008,99155390.285909,65588599.8383482,23863.2027914275,97346.3812094674,49768.8767526843,2355.93947226056,9610.7041446882,4913.52574323514,1284833.34621238,5202873.10151947,2671753.7243128,1173691.50200392,4796554.76711475,2450362.54020656,164439.84551546,672265.914345479,343408.708913472,1212180.91755551,2333306.40285116,1646584.46715566,875275.791339376,1665164.32245054,1182071.14647935,0,0,0,587.369717780941,4155.15851550023,1317.86377587496,11.9207054300758,84.4816462559492,26.7668962294939,1.02272049492806e-07,8.03068088266699e-07,3.02255230420434e-07
2023,"a5_1",20704.0765373164,78925.9251077727,41394.468268703,2044.04880507029,7792.1100520874,4086.74655199712,3033371.91382602,5347064.75625323,3940934.31744961,54608511.176313,83772345.1496772,60461393.8079387,30721.4069076102,125789.759502248,63747.8759921768,3033.02854229683,12418.8300375157,6293.62867320947,995263.364667929,3806061.02266368,1992584.4917369,1511193.12732921,6197796.73461142,3137937.32328674,211794.670859851,868814.356024946,439811.954443654,1877946.01779298,3370068.07102168,2457359.07121349,1452386.15394065,2589994.37748634,1894334.59848525,0,0,0,434.125253060342,2726.83947716357,948.445620609517,8.81095549186912,55.4345726133172,19.2678780928009,9.11596034862781e-08,6.69826279937906e-07,2.59416203105787e-07
2023,"a5_2",20498.6992166629,77365.872398507,41225.9822611362,2023.77254372081,7638.09092109772,4070.11245475462,1311763.39596163,3790834.45179642,2580062.95139634,37485614.7820065,62926467.1046217,42304427.8052879,30354.7336394296,121495.754990131,63324.5775452574,2996.82803587361,11994.8963848295,6251.83773976435,984570.018350199,3728950.62980213,1984201.66767464,1492436.25343252,5983251.08258061,3116808.89283134,209131.793265813,838792.457564892,436857.730942454,808864.341101167,2400359.41106865,1609125.68781678,614122.546927938,1827400.37730977,1229346.76020251,0,0,0,308.534358134993,2073.03637884283,668.057007961142,6.26509138002591,42.1635878650726,13.5729938086959,1.26459118994665e-07,1.50205354367248e-06,3.9353406651021e-07
2024,"a3_1",29312.3187199322,57106.9202037178,42349.5002900434,2893.91366696923,5637.98785197032,4181.03388031656,3545320.66732908,4895398.14906864,4227870.72602532,60466669.5130749,74722072.148536,64232200.8251771,51214.7527578427,100094.717494747,74107.287403435,5056.27256487179,9882.03880140339,7316.38100308269,1414997.23415988,2757324.04150773,2044508.83362571,2523460.06200702,4932606.85392698,3651504.17051455,353380.176317543,690769.438438738,511355.11941307,2210036.72783131,3049919.82370945,2634796.5736491,1706876.88284739,2351312.34989475,2032847.21672662,0,0,0,604.094511943131,1458.99507709902,866.74607957921,12.258562521547,29.6109588867859,17.5906141211187,1.67921636364699e-07,4.52909746857326e-07,2.81263791461514e-07
2024,"a4",29497.1330721349,57139.3244694612,42315.5755949892,2912.15981067426,5641.18702390889,4177.68460114137,3560831.88667654,4887595.30168495,4232574.47105839,66045204.8592821,81307552.0426809,70117306.639111,51569.5920027324,99928.1811613541,74072.2691596135,5091.30473514036,9865.59718940203,7312.92376125353,1423960.87730001,2758263.43397163,2042914.05366163,2541143.04614979,4923523.94691721,3649935.38953708,355873.015271113,689480.81768965,511142.105671263,2219648.33919398,3044705.15039172,2637962.43400556,1714687.65100301,2347175.14961061,2035421.13359023,108490.722496334,148903.249062991,129032.509828382,660.926718486338,1576.65688024782,946.606704973758,13.4142142033523,31.9964482778228,19.2105610526996,1.69374666693416e-07,4.50198256168998e-07,2.80793495027675e-07
2024,"a2",15880.4329780635,63736.5886422322,35958.0535040375,1567.82554364615,6292.51430840671,3550.02630352081,2559769.39320575,4630648.86329493,3508708.81520579,47013962.7987003,72339039.2988822,53911707.7405222,13470.395181964,55827.8471975155,31615.0833370507,1329.89004005523,5511.7089693931,3121.25842467892,764583.057263262,3084787.21474675,1736782.09903698,660398.494163813,2746845.38693745,1554014.27053974,92370.2973586743,384779.316515935,217645.678808568,1071815.69797354,1819011.80159001,1424213.87839615,775939.466469895,1313014.02679688,1027643.83632539,0,0,0,842.123871127752,5370.22398539126,1705.25274805591,17.1156203484455,109.538467967703,34.6919000440052,7.40533688137123e-08,5.2087170679687e-07,2.21982693867956e-07
2024,"a5_1",11871.5476772169,42931.8265830416,25079.6724426869,1172.04082008748,4238.52513626408,2476.03772115272,2874461.34822167,4526816.89171787,3653118.88171951,50047744.5594698,69204797.0292665,55110309.6641373,17345.0721491665,74838.430944703,41870.2535379357,1712.42479404769,7388.56452110486,4133.71934546088,568276.691290147,2061998.9149233,1202457.5172392,850795.916195612,3680725.44863777,2057617.94699362,119102.807638557,515649.338154707,288247.118531999,1764093.35821086,2810526.44836213,2255908.49376759,1370434.70184,2171887.15966982,1747538.32729084,0,0,0,668.74390507264,3989.88233857489,1316.21628739854,13.5972501230681,81.3412426081217,26.7835482989729,6.17146732750889e-08,4.24231691573309e-07,1.85602623748308e-07
2024,"a5_2",11952.2761947677,43386.7847642848,25131.3736196085,1180.01089446087,4283.44173638633,2481.14201685588,1078089.75030128,2973566.47912536,2045862.39645625,24682343.4238838,48655004.5705052,34052601.1127449,17535.5711292882,75749.7276390719,41874.7301991551,1731.2321633106,7478.5339972045,4134.16131223972,572639.360099319,2084915.9826452,1205115.78217916,860918.329375734,3727082.30224887,2057989.19701481,120523.028224314,522213.738649676,288320.96980944,649993.750967164,1843938.32428082,1256605.06226975,495051.886633969,1412040.85965272,962408.769336633,0,0,0,325.840688714933,2774.64612995929,813.201683946181,6.62243047570772,56.5152383336824,16.5465402647105,9.50984688499681e-08,1.16539162917119e-06,3.33237000681174e-07
2025,"a3_1",27135.352591252,52999.234845722,39315.5583490761,2678.98860107764,5232.44890738215,3881.50226933602,3704722.00579325,5098720.23706078,4409668.07937822,63323901.5663584,77965328.0108376,67136547.3909518,54175.3148758786,106615.20579466,78875.3192658404,5348.55961514426,10525.7862437918,7787.11389538632,1307661.07452638,2554936.47149132,1895037.34874444,2666678.07471504,5249327.98153009,3883085.81957605,373381.287975032,735057.758363464,543732.162168147,2310302.7587775,3178769.88619465,2749662.81680894,1789955.13169047,2457866.78243928,2128034.04425693,0,0,0,593.948124888672,1439.13013130546,851.173066757113,12.0632396735669,29.2368729281913,17.2894832899371,1.70428551972765e-07,4.61477204187195e-07,2.86854514610549e-07
2025,"a4",27256.9673643478,53091.4868191492,39334.5967332658,2690.99524774828,5241.55665655944,3883.38186953858,3716355.42793986,5110736.13600529,4417659.18153264,69178353.0675314,85235466.6347844,73338109.4467192,54527.5957400406,106412.996516233,78960.7963658009,5383.33920447497,10505.8227533556,7795.55278246831,1313540.15338074,2559581.228715,1896157.53968625,2683844.39907496,5239497.36593203,3887784.38161866,375795.726328588,733659.805744797,544385.972399594,2318065.84118415,3185845.62153153,2754751.19410826,1795764.88622832,2463575.39234447,2132066.37963946,113610.845361951,156285.573984724,135114.592966679,650.093083855395,1563.16201875364,928.791410701666,13.2032422646758,31.7587214311539,18.8637286042559,1.71155800430241e-07,4.59059421978599e-07,2.86634947412596e-07
2025,"a2",8234.39707429197,47573.5065044942,24495.5350152652,812.956302100419,4696.78369611163,2418.36765756084,2284239.3625504,4123175.2951455,3107992.63550624,40906053.4362489,63860833.8698168,46981781.7350291,5980.42969694858,41456.0237435926,20649.2511753583,590.429143450176,4092.82373175768,2038.63606833721,394527.602549086,2298712.41474534,1180519.00231667,290822.809359134,2038327.3103912,1012543.08708745,40528.2591767544,285390.059972229,141654.731754419,976258.373271739,1662159.57527992,1292850.7119322,711331.776397184,1204688.09188041,936231.747898337,0,0,0,986.733645495158,10678.3019123861,2275.22932120146,20.0684420150354,219.586744280968,46.3997851885696,3.59798769377569e-08,4.24641927573546e-07,1.59718759364702e-07
2025,"a5_1",7137.67703547977,30833.8017155468,17099.4197979559,704.680558394088,3044.12493060688,1688.17230473479,2761318.79996626,4314888.3433887,3491944.05329722,47296091.3018423,65371678.2050889,52052756.056689,7203.94862695055,56563.5063850421,28057.7755918405,711.223345613398,5584.33830306527,2770.05654263611,340791.331967466,1476653.18558206,818009.414519556,350715.274181149,2776810.42240538,1376066.78215949,48924.9559636175,388889.612768771,192618.326516015,1682820.85020301,2662162.64261103,2141219.2696567,1311720.53258336,2064908.28703005,1664698.59965372,0,0,0,836.159112553699,9074.42315184317,1855.19895853135,17.0325244101009,186.395298458896,37.8272019436451,2.70605128012952e-08,3.36123161168453e-07,1.31036442598142e-07
2025,"a5_2",7200.17611697312,31289.4014923495,17154.1954275326,710.850897487175,3089.10487345461,1693.5801315452,893349.443633441,2727664.03393927,1695779.46433265,20920694.4000798,44533702.6935525,28722603.0300566,7299.93686144741,58718.3130175354,28137.1748637602,720.69996417547,5797.07563111595,2777.89538474037,343870.063736314,1499588.99039938,820654.480158289,355674.367965906,2885341.84884374,1380053.78297402,49622.6403535668,404116.961629853,193191.137382045,523610.003449356,1674229.27268936,1025778.25713494,399261.584553198,1287214.3974549,786723.341719145,0,0,0,356.289091511061,6100.55998275066,1020.80621701116,7.25068137366929,125.209198931708,20.8126693208718,4.36017753394153e-08,1.12141312485858e-06,2.7430075328706e-07
2026,"a3_1",24504.5631970818,48014.6895032751,35372.8339927521,2419.25898175108,4740.34031549768,3492.24940916908,3770738.41810783,5176954.78338037,4470322.84153266,62717057.0819637,76886721.6203247,66443939.5440976,58826.9351693506,114781.540310092,84503.7796669388,5807.79955687143,11332.0229420569,8342.794209672,1181934.35134343,2314800.34292972,1705210.80870823,2892938.53895533,5641852.6762155,4153514.81322272,404931.486874779,789688.427187799,581374.280720311,2419725.68086793,3327076.12851835,2871147.29411377,1877697.07784873,2577722.19655859,2225889.27507747,0,0,0,546.403689238952,1306.99859509906,786.283640873559,11.1163939722073,26.5773781865719,15.9970392624033,1.76812711513001e-07,4.7435765639732e-07,2.94320600828048e-07
2026,"a4",24567.1842591422,47795.2007296391,35435.0554511303,2425.44136360453,4718.6708744739,3498.39233939919,3771160.09547921,5173546.53436447,4476603.19137388,69152853.017831,84459350.1295148,73124263.3442039,58364.858277086,114124.140691786,84600.6406580125,5762.18014864612,11267.1199312015,8352.35699276475,1183891.29272469,2303728.26627117,1708068.91325892,2867726.01488001,5608915.52748682,4157938.31268865,401378.895998281,785093.520614493,581994.176824018,2419934.60819166,3325045.37272686,2875697.64150867,1877528.52274674,2576228.45412455,2229335.04606821,122627.540976365,169164.568529768,146135.904645047,605.944128898999,1447.09252489821,864.346449098413,12.3290951127617,29.4516804224928,17.5866638331437,1.75531013067714e-07,4.71600101529468e-07,2.94191709993644e-07
2026,"a2",5912.22286569794,42221.2849416214,16608.2866332467,583.695296052335,4168.37557946159,1639.68426149148,2183594.76631759,3982371.93284364,2841068.94237425,36738322.3846554,61038548.5637608,42318733.164454,3748.68249435541,35697.0554277675,13095.6372351908,370.095713245865,3524.25877870686,1292.89135856795,282094.402875572,2040310.61903081,798454.436847677,180696.428582308,1753713.59530587,639908.747437229,25067.5747067182,245428.160298591,89357.6140800186,944540.066395499,1619563.74155869,1204707.35299587,688272.27691955,1170184.93301303,874951.28773971,0,0,0,1029.16954758341,16282.6669518344,3231.51385491455,20.9488724287661,337.796098365926,66.1324498749804,2.31462485739995e-08,3.77930557927443e-07,1.08703887318564e-07
2026,"a5_1",4630.38885464455,23761.4375078345,10640.6967803855,457.143828090473,2345.89250368647,1050.52275574138,2646551.65999918,4174113.96085486,3283556.58284666,42498478.9187482,60352755.5433495,46651810.8734175,5144.55238582667,51851.3915082457,18952.3107328624,507.905587477775,5119.12592008796,1871.1024390296,220530.910377917,1138892.07649743,508349.571955587,247853.942718119,2541790.76922061,924999.384932872,34378.0765463142,355634.652680353,129157.351255831,1673577.04672721,2663943.80619777,2083222.9047031,1304049.64880685,2069411.73357052,1621078.29191223,0,0,0,819.620798643174,11731.3909971298,2461.53682951839,16.7198966309015,243.501293065924,50.4344236691607,1.93117901881326e-08,3.09823749134494e-07,9.09759137635995e-08
2026,"a5_2",4701.518294953,23515.8521224353,10676.1610959434,464.166215551501,2321.64662569895,1054.02403683973,403148.119567406,2477031.49840319,1251276.43613028,15601003.3631729,38148380.4268848,20470818.4525895,5167.76531943697,51001.6957747612,18882.5417892182,510.19732790497,5035.23811443906,1864.21436915457,223846.976738656,1126244.17058416,509774.644391343,248714.802298306,2498042.62251804,920896.850765949,34484.3857034498,349475.617528383,128581.775199371,266809.871084679,1599330.11903924,814281.496958561,197198.132688688,1230823.94250581,622335.323166885,0,0,0,305.891855676164,7381.98777785077,1084.11349918358,6.24529110213779,153.382026619912,22.2292197389567,3.23120615182398e-08,1.91153706448044e-06,2.31892065087402e-07
2027,"a3_1",23478.8129618631,45948.6169752528,33998.5995395792,2317.98986507155,4536.36342841069,3356.5755341797,3851171.40004947,5271235.50638133,4561586.78846126,62930048.4197399,77163417.0292378,66665313.8504648,60511.0783257658,118841.640864048,87699.0417849623,5974.06975009802,11732.8639875786,8658.252457832,1132967.90724281,2217193.74047233,1640499.36176059,2970068.50545144,5833972.07027956,4304634.96078234,415631.344410169,816458.99144195,602397.256331601,2470254.06887123,3386319.96593884,2928368.34246003,1923954.1337395,2633427.7812796,2278653.70491347,0,0,0,529.528605985256,1275.19487611546,760.160116845152,10.7868271670907,25.9803492369309,15.486868098648,1.78692737055015e-07,4.81090760507692e-07,2.99480910626459e-07
2027,"a4",23501.3552726495,45951.5595463429,34016.9550292193,2320.21539700211,4536.65393926297,3358.38771433648,3861169.01870241,5283374.15125089,4567777.40379507,69343036.5557342,85172487.0211883,73464986.3982726,60815.128097183,118368.468221008,87731.4549134426,6004.08763429716,11686.149130538,8661.45250476089,1134371.79408466,2217140.6988965,1641430.66009731,2985861.5364984,5809688.69004724,4306309.23810483,417868.934449574,813031.747406623,602639.32567424,2476518.76817361,3394414.6077883,2932800.33787809,1929077.1788101,2639828.41124069,2282216.95564052,125726.833367319,173039.381254727,149274.425307629,585.823552487496,1400.51480094035,837.384795119999,11.9357577066957,28.5252634725562,17.0598492435726,1.791623449818e-07,4.77963138184908e-07,2.99138859813816e-07
2027,"a2",4665.16215864262,38798.4155348372,13311.232586538,460.576887775965,3830.44637463864,1314.17641417068,2135420.74267685,3730977.04031281,2717976.08865118,35684660.2103903,59641532.0106183,40594998.624597,2976.6823370434,29514.8593821104,9488.9033380739,293.878549141804,2913.90987388806,936.809786935392,222550.576604317,1867652.29826155,637563.598852951,143407.26201517,1441758.03014347,460806.99966247,19889.0503669119,201275.366939315,64170.0796873226,929629.841769053,1524627.63329007,1163996.23877916,679585.181374685,1098277.94190936,845289.020738233,0,0,0,1209.04049544683,20036.2434608516,4278.1549330059,24.7507969189804,415.889203744153,88.0954470186691,1.95239957091678e-08,3.17490446799176e-07,8.15200515426593e-08
2027,"a5_1",3752.0806072509,23793.9690643883,9265.28535615793,370.431198317658,2349.10424264913,914.732682076176,2631359.76946312,4045488.59925192,3221271.43820787,40558521.3512841,56969184.0846753,44166227.7130099,4109.94496564178,44356.9380929201,13644.718135673,405.762028592927,4379.22194414193,1347.100400758,178630.299065793,1139237.92350942,442150.769732192,197752.131310501,2164408.83497251,662272.341740216,27416.8971075667,302156.266328065,92224.2162954552,1660391.99589271,2578960.19586879,2039309.08044161,1300388.33102268,1999310.89142794,1591018.48201685,0,0,0,914.367021148328,13861.3009568072,3236.87358535761,18.7388448503535,288.083793115863,66.6889207496673,1.59364420289443e-08,2.67147385693531e-07,6.6908534201781e-08
2027,"a5_2",3759.85125619905,23840.8655722995,9341.6053328628,371.198370215832,2353.73418838881,922.267514982411,344095.910252341,2328021.94528307,969464.275334308,6316283.08576064,34366846.9188637,14827627.5772482,4103.70147542366,44187.4505435716,13627.8644322898,405.14562830592,4362.48896780775,1345.43648726737,179034.810834345,1141095.11079302,445660.888964534,197441.992665482,2154967.14324825,660964.784558283,27368.594857631,300828.961966998,92035.0905492959,223572.749687809,1501975.61058866,630972.222757947,167064.369465164,1150108.41611629,480058.064854575,0,0,0,142.942917232402,8374.59720807683,1088.03750220142,2.93103451973745,174.060474445728,22.4333094949337,2.73220247152703e-08,1.97642380859358e-06,2.15982002705652e-07
2028,"a3_1",22232.8343264237,43509.5905311244,32119.6226682284,2194.97828634585,4295.56596614909,3171.07001686204,3923954.67616749,5399801.39383657,4663308.76018421,64523382.8290684,79354223.7512289,68367389.8560941,63192.2784965407,123820.460868098,91416.2721993403,6238.77626793517,12224.4073346868,9025.24300546572,1073755.62819784,2102053.35624885,1551818.97221939,3096640.90778869,6069512.09091882,4481234.53618567,433243.928268314,849172.657238338,626946.756246792,2516372.46423323,3467614.6066859,2992713.02841373,1965667.66604201,2705314.97341529,2336254.22704284,0,0,0,521.104366569942,1255.75822931551,747.868931988539,10.6307363528624,25.6259043635433,15.2563739532113,1.82235587468976e-07,4.92059353804077e-07,3.0546287375838e-07
2028,"a4",22324.5685345645,43659.819478676,32187.8425513686,2204.03491817371,4310.39760088424,3177.80515283217,3931411.42243092,5400190.74591057,4674539.96934636,71156588.4612277,87361321.571254,75426078.3356368,63359.6746627663,124555.118392621,91729.1157346101,6255.3027685463,12296.9377772995,9056.12907050174,1078589.61841713,2109562.51967601,1555154.53106197,3105884.47025232,6106025.75339205,4496804.30499552,434509.843796499,854284.556440118,629129.312775802,2520952.09226419,3467869.49814783,3000217.70228725,1969359.92250844,2705533.79255051,2342121.10207276,128198.62031555,177003.401952162,152937.562768708,571.285944564147,1378.81581678311,822.269763875832,11.6535028404848,28.1276790582481,16.7732623480736,1.82704899064415e-07,4.94079672417543e-07,3.05741532238409e-07
2028,"a2",2256.6008338011,20554.6037258579,7372.16352351536,222.787151580421,2029.29182128975,727.830676913521,2093612.15582468,3279712.45036655,2588595.75353416,33315264.1344487,48433311.0330024,36924859.3726026,1436.44625878978,15322.6237118587,5122.34708127022,141.815852232525,1512.7547771723,505.713327119626,107646.910544627,989354.783968263,352772.065509185,69218.6801290863,747997.760319419,248317.015485929,9601.41866435141,104364.394689354,34549.9487041089,916576.36451317,1381182.94993025,1123231.84305131,673264.955406981,1006634.60039233,821429.791018742,0,0,0,2174.25323240595,33717.4542636965,7208.58207902737,44.5392565349688,699.714454865058,148.700479910105,1.04001157765691e-08,1.67172363428738e-07,4.56036490859727e-08
2028,"a5_1",1672.89731602425,11959.3027889006,4839.38238271877,165.159926532414,1180.70460815127,477.777106302982,2631156.48176996,3808778.73904391,3170990.51032158,40088752.9358346,52331951.4683772,43072032.5167896,2175.89336664629,24565.0010984048,7808.11923245714,214.819155446873,2425.22582696427,770.871222301764,79546.8695155428,573458.890070703,230725.00335351,104603.916480215,1196850.31186667,377975.608695307,14495.3645366222,166927.730055293,52572.3386152001,1657288.40527654,2409722.14006673,2001251.07056884,1304321.90553118,1886412.67139116,1570651.75529702,0,0,0,1631.94590446966,24050.7886418334,5516.31337002973,33.4952103352926,500.286731408146,113.954529143998,9.02964425012935e-09,1.48224056960719e-07,3.90161901586778e-08
2028,"a5_2",1615.88796801466,11946.2336305837,4862.61110729486,159.531571678392,1179.41433097359,480.070405722905,317657.036586649,1985622.03563025,754849.98379831,5504333.8279436,28201743.9356597,11339540.4622934,2096.30245937733,24221.6744664503,7746.35342736172,206.961393783156,2391.33026100987,764.773277296974,76840.7858254318,572439.191413119,231749.431786984,100755.230268487,1179419.89692579,374639.163269008,13965.2271835638,164487.75429387,52106.2492920088,204082.888109416,1266678.76868388,488469.231158799,156187.453113032,982761.811737591,375425.576954373,0,0,0,227.248278626142,13453.0891806694,1463.85529250961,4.6669840336685,279.903523226629,30.2678992856685,1.65495981396724e-08,1.18685474763882e-06,1.5858426556336e-07
2029,"a3_1",21091.4674916619,41205.1789008335,30561.979062031,2082.29470393459,4068.05860397352,3017.2887290932,4012060.33430232,5503741.81055913,4764707.59852291,66029191.5580135,81075959.2868757,70060760.8351047,65735.209665271,128359.637549855,95100.9439505016,6489.83191909888,12672.5460698593,9389.01913798063,1020034.23270861,1992604.64484735,1477972.79252218,3218906.83342433,6284614.22928369,4656531.81077554,450246.640373591,879029.323075194,651323.479627866,2571280.37535277,3532589.38036293,3056137.26614725,2015733.2302923,2766058.98884921,2394131.84565489,0,0,0,514.407743885752,1233.37188243136,736.698900397562,10.5064828403222,25.1874202897093,15.0456957414055,1.86082226342756e-07,4.99205138343748e-07,3.11180211059013e-07
2029,"a4",21145.3378737308,41384.8775921794,30580.6284520905,2087.61315848619,4085.79969446148,3019.12992512034,4020686.52870282,5534404.28109076,4772138.80100097,72827282.3197938,89761645.8288657,77202968.2715065,65948.9115707758,129131.453655897,95178.4032446546,6510.93004070797,12748.7450631564,9396.66645213972,1022955.58974937,2001657.00550669,1478923.54147947,3230679.70527087,6323480.9506541,4660343.10856984,451885.129855217,884503.77378787,651851.150091059,2576401.38383801,3552005.18442771,3061163.27578231,2019738.92434473,2781575.70194719,2398134.0633425,131120.911851437,181545.512653067,156240.159793925,563.977871060449,1361.07850290348,811.139561493351,11.51696081448,27.7841364720926,16.5659408487626,1.85666709778188e-07,5.01208602300674e-07,3.1092233464852e-07
2029,"a2",554.475135139221,16674.2451097794,4297.29596455368,54.74159812826,1646.196135851,424.258607504059,2066309.96503548,3209068.42526183,2535614.39405301,31809131.3703786,46696733.1421829,35140513.0898999,351.800498830039,13338.1493347475,2976.13722771341,34.73216436196,1316.83382064398,293.824732200363,26446.4126734854,801785.132690955,205526.868823502,16941.2857602586,652011.574616399,144189.613244749,2349.02438989498,91097.1515601823,20059.9538952294,909048.584734994,1367289.08735186,1107679.2998675,669445.223358837,1004265.76748913,813359.313291469,0,0,0,2384.82345429376,132736.404005905,11807.4236505884,48.7861452292361,2756.38660506663,243.710433082665,2.57297818057921e-09,1.46726473796072e-07,2.68682210461947e-08
2029,"a5_1",358.714473415076,8962.23071905657,2607.97269864055,35.4147594761811,884.813044379631,257.476998247376,2636303.97536865,3808326.86199868,3169200.07251827,39879727.7895095,52294034.0769014,42844400.022569,557.052043092555,22321.6205718304,4860.67754322878,54.9960082012375,2203.74387502126,479.879510982361,17052.3958473408,428957.496116613,124300.785391882,26762.0190168274,1084421.29448474,234923.904218586,3708.15359048287,151327.431623467,32658.4703749364,1657987.62342555,2407233.73601709,1996537.479573,1310021.02445488,1891900.00195471,1573682.21930975,0,0,0,1786.59643734994,93876.3886163733,8814.4913217405,36.7751241997312,1954.03919427828,182.375651235151,2.31407542507372e-09,1.346308033694e-07,2.43455361742987e-08
2029,"a5_2",356.848757631185,8806.59016954394,2600.69446999851,35.2305631846059,869.447139086615,256.758441467894,299221.284181813,1882423.99299663,554153.358212112,4974541.84816616,27021228.9350888,8160742.24787754,553.337193502553,21451.4964325281,4768.4828992311,54.6292527049576,2117.83923667634,470.777421760576,16970.8147691221,421823.761875586,123923.474141285,26597.8349251136,1043514.3182381,230325.363491525,3686.06890627164,145649.679765932,32017.3681148318,190553.841936133,1202473.25629855,356890.08032931,148692.317798006,938414.635191395,276002.182956845,0,0,0,231.897194855972,48833.2055975632,1711.39174037794,4.76710454396576,1015.91836370017,35.4313659779715,4.60165904400928e-09,1.12574463020892e-06,1.33612088484811e-07
2030,"a3_1",19947.052172068,39135.4615306277,28962.3291993946,1969.31015413813,3863.72187300282,2859.36029483729,4089242.04412884,5632781.55963694,4867212.57062866,67747284.5874599,83258304.6342881,71784068.3503982,67817.9586354695,133540.939773661,98875.7446898318,6695.45521923122,13184.0798540487,9761.69342396964,965914.890102167,1895524.27426284,1402612.45013502,3316451.0353696,6531565.52645456,4835899.37613469,463768.996748424,913397.260402165,676265.029871831,2618999.78508243,3612385.4712931,3119795.17272115,2061067.45265821,2839911.80219863,2453709.51118673,0,0,0,507.314720880988,1227.67341143092,726.002808631997,10.3722888966,25.1046385869555,14.8439954529771,1.87737325305965e-07,5.09892900848246e-07,3.16930244505732e-07
2030,"a4",19954.4925061092,39164.5715713032,28927.8646244315,1970.04471507732,3866.5958163903,2855.95771500508,4101299.46604639,5625518.33971296,4869076.20503853,74493458.2091369,91450191.5298101,78972821.8213218,67994.7112582412,134079.738854363,98660.1493814681,6712.90545357122,13237.2738042883,9740.40837261053,966374.3314251,1896362.89858465,1400875.22223292,3325867.16849952,6556681.7191119,4825299.81386375,465087.779189389,916917.576665019,674786.961516783,2626662.84230089,3608265.98485926,3121385.44228433,2067008.28812914,2836673.56097156,2454915.13683796,133893.937703202,184679.817527337,159533.42835866,555.590716730522,1344.96036290949,800.453093943478,11.3614571212139,27.4966458059323,16.366407242597,1.88441516073248e-07,5.1045660179558e-07,3.16078072400009e-07
2030,"a2",0,15876.2327144914,2498.14532213176,0,1567.41086474366,246.634084422546,2066796.97079426,3193471.67915087,2515515.74117817,31017919.1100531,46729018.0969525,34176632.363696,0,12698.2050852873,1809.81094230289,0,1253.65412383098,178.676981190142,0,761236.036059847,119557.84318284,0,619539.925432002,87879.995689283,0,86629.7313396901,12245.7796655523,910414.402145734,1368378.06925882,1103114.70789349,671183.084995608,1002863.31974732,812150.666067593,0,0,0,2442.70106693991,Inf,18884.089804545,50.0660535935992,Inf,388.901161130392,0,1.39477199123379e-07,1.64063712445545e-08
2030,"a5_1",3.56948370891819,7551.04901483787,1320.38467028919,0.352403976906753,745.491482703296,130.35745413099,2660378.40632636,3841925.68342351,3187871.63124122,39989046.9397524,52893884.8018796,42995947.4486051,5.8979609411922,22624.2446655573,3133.08787672367,0.582287260794572,2233.62100651529,309.31997952454,169.223417085567,361917.089362223,63009.6731392925,280.177102195068,1099285.46295237,151434.544868123,38.6204146479034,153497.435576376,21075.9200216294,1671873.50912879,2428312.52409354,2005896.63940672,1324504.30489108,1914635.85682371,1586887.44612936,0,0,0,1767.53069686481,8968164.64694794,13723.1859240306,36.3773089770086,188787.321974132,283.924301988349,2.42883108441482e-11,1.35322705587618e-07,1.56193884329471e-08
2030,"a5_2",0.0225831297811193,8028.1464636702,1330.67393941802,0.00222956186240159,792.593823560186,131.373281532417,267511.085313506,1709694.90989703,487503.269446279,4613746.14466607,25344495.7130872,7040805.05335503,0.113121009335722,24122.2262653441,3140.20893164688,0.0111680839058083,2381.51205075205,310.023019033711,1.21646262993178,385709.296333472,63564.1679925369,6.09337509241595,1175138.57864861,151976.955810038,0.851003192035852,164199.568399246,21156.802503279,168267.529368696,1110810.9587201,312066.847752897,133274.510526679,869747.275189723,243884.387883723,0,0,0,191.265353948468,224047644.747135,2242.14541344626,3.92612941868679,4159352.6294864,46.3281095204696,1.01836418202124e-12,1.43356394164968e-06,1.00626162447521e-07
2031,"a3_1",18813.7509343025,36857.270770881,27241.1167631919,1857.42286292454,3638.8032154723,2689.43036740724,4177606.0519461,5752002.14404745,4964789.71860777,69189774.8843613,85274001.8524896,73418460.8076294,70689.108346932,138501.673837156,102380.952240549,6978.91486189217,13673.8376327394,10107.7516165509,912747.115050927,1788310.16120924,1321585.52553677,3453839.95317729,6767309.10372154,5002293.64567783,482894.866373845,946173.661567407,699381.686261655,2673371.62155786,3685463.49967086,3179438.8211072,2112483.76932423,2910354.65902864,2511429.28897067,0,0,0,499.559124214711,1206.32447977667,717.110548406786,10.2241191918235,24.6896216988988,14.6769594126218,1.91805205378496e-07,5.18078641668406e-07,3.22009505453847e-07
2031,"a4",18781.5198852278,37004.232149624,27251.3550003536,1854.24079212662,3653.31225334556,2690.44115658196,4191217.34791181,5748469.7167786,4969485.92954969,76133544.1978458,93703446.2297814,80806522.8289565,70522.9613877983,139451.455666941,102413.744872459,6962.51169159519,13767.6066260461,10110.9891306679,910678.713232401,1795493.83855825,1322007.03780673,3444335.8806569,6814825.71954221,5003566.10652743,481556.457124149,952854.121497265,699560.131028992,2681929.24737648,3683630.98149412,3182723.79889167,2119339.5473761,2908888.69124237,2514022.52419168,136830.346634115,188694.633493484,162784.793906671,545.950157592327,1328.6941499027,789.020291461748,11.1717521960283,27.2050837887246,16.1497861941985,1.91449582605024e-07,5.19966944703539e-07,3.21780183715981e-07
2031,"a2",0,12998.2909712882,1201.4506618434,0,1283.2806660046,118.615470980587,2076824.17213143,3147744.71221894,2501699.20866114,30877654.0848938,44829955.9861769,33559698.9431658,0,10932.1063724666,886.963466252193,0,1079.29271451766,87.5671324951927,0,624207.605271458,57506.1533222794,0,535171.825839973,43102.5591226689,0,74908.9446505466,6009.32091302377,915281.909658035,1354037.30070593,1100137.17432075,674532.800816891,994529.894333118,811207.889598695,0,0,0,2824.49264879653,Inf,37836.6192296174,57.6967108394207,Inf,778.601076740145,0,1.19439773222996e-07,8.06229883832282e-09
2031,"a5_1",0,4774.97981591041,547.04743926205,0,471.41884205049,54.0082849155315,2691147.18916386,3798583.44342213,3205275.43383101,40338409.9342689,51896504.7320466,43134000.8977029,0,16650.0978886102,1532.76652729369,0,1643.81215613147,151.325251474969,0,229340.072912461,26147.335082528,0,807873.160973535,73982.547386355,0,112795.398784355,10296.6740188391,1690410.51521959,2394674.65307091,2014727.94201288,1342127.22078305,1896154.1985205,1598679.34433413,0,0,0,2422.71307977493,Inf,28141.2727441679,49.931612885442,Inf,583.029409253058,0,9.84973634433846e-08,7.60780895192397e-09
2031,"a5_2",0,5425.48686708323,577.384714969882,0,535.641371282501,57.0033893843503,269210.704554555,1230080.23451634,415617.380119432,4040370.7143235,19453296.6661462,5908670.61883847,0,19076.4913200467,1668.2169348694,0,1883.36240051059,164.697847120681,0,262952.158011494,27687.531319308,0,935766.114812006,80912.6408211416,0,130869.978642822,11270.5217262575,169139.269734927,798150.973645013,264535.921565672,134286.640770044,629321.772681729,208520.844408807,0,0,0,211.798419664188,Inf,3541.90782705431,4.31771427749893,Inf,73.025309257915,0,1.12785702279211e-06,6.30620191388736e-08
2032,"a3_1",17873.1645637234,34779.299920668,25764.5461798431,1764.56170858219,3433.65164420113,2543.65316594375,4258767.91176956,5847923.36712307,5061853.80407651,70820013.0243149,86932773.0727885,75062892.3740982,73427.8676611567,143069.598646425,105912.309896313,7249.3040141698,14124.8145807432,10456.3915273206,868968.753171954,1690695.56826732,1252327.85008486,3584692.3719385,6983960.58236631,5169405.90193897,501074.850547313,976260.575063889,722602.622244569,2723384.40319971,3743745.68617332,3239064.71106798,2160761.81815434,2969089.2936011,2569384.85592754,0,0,0,495.0039260216,1183.92070806076,708.726799062204,10.1403798301965,24.2511111283387,14.5206032952342,1.96134763994109e-07,5.25337511951423e-07,3.26984235709795e-07
2032,"a4",17858.9800164695,34967.564363604,25745.2622637179,1763.16131253881,3452.23840458752,2541.74932514014,4277040.1533434,5860527.17280365,5064071.27314121,77867879.3048705,95832406.0523385,82580124.0303963,73344.3724303377,143461.968558193,105794.414215381,7241.06079083757,14163.5520365216,10444.7520550023,867966.710141482,1699708.00393483,1251304.36080162,3579513.71410277,7000548.3850875,5163313.20759344,500356.874180845,978570.545019198,721749.243189168,2735244.63632433,3752240.44928442,3240936.09038392,2170256.79099069,2976056.60054386,2570812.78302549,139783.622994762,192415.633437594,165982.882101774,542.777156116358,1306.60884914326,780.571683702278,11.1231113652102,26.7724651185921,15.9936305837402,1.95468210051211e-07,5.24494104304249e-07,3.26431658215293e-07
2032,"a2",0,5086.93556856695,541.042498105424,0,502.217259082185,53.4154358322315,2089149.94860953,2959054.74469106,2501647.36239665,31055891.8742612,40452787.6793665,33364141.4856282,0,4220.34671502264,404.534687698679,0,416.661648457299,39.9384461079251,0,243955.125549694,25896.1762361938,0,206242.827128059,19667.9093233606,0,28854.7317323432,2742.71268779277,920709.413350773,1294636.93323244,1101643.8568185,678303.080014168,958971.886133532,812784.807386754,0,0,0,7358.61150073653,Inf,82475.3537834554,150.579257987858,Inf,1696.3745834439,0,4.58379881190024e-08,3.67210042696519e-09
2032,"a5_1",0,1688.70462041684,220.039815011847,0,166.720532319242,21.7238436175696,2725320.83089933,3768719.8853102,3233940.05217919,40852992.4797438,50923548.7419422,43488459.9832154,0,6405.33047457484,716.559525232704,0,632.37827000093,70.74368367378,0,81231.6284913326,10527.5629029719,0,310135.041040326,34515.9566695062,0,43260.5330385738,4802.85745612468,1711381.55136293,2369311.18036524,2031458.20298151,1361449.07082168,1883302.78178509,1615745.0160004,0,0,0,6377.96795058501,Inf,60690.6453013689,131.72646451915,Inf,1259.95232870472,0,3.74278340763559e-08,3.52731611303167e-09
2032,"a5_2",0,2108.69774097288,234.922217594489,0,208.18514121706,23.1931367377334,272389.882979442,1040133.75907262,374607.698556296,4081296.16710166,16029210.3483652,5204439.28518082,0,8066.34129370962,794.306735937193,0,796.364679824227,78.4194229346752,0,102733.502083119,11300.606698435,0,396735.728262806,38538.3140827128,0,55470.3600325016,5369.83623820476,171078.375654091,670002.106187614,237039.513797746,136094.368242151,532276.759202684,187884.947894859,0,0,0,505.966214234498,Inf,6552.17820737749,10.2871908838977,Inf,135.045847465221,0,4.71499759269356e-07,3.3509465287502e-08
2033,"a3_1",17445.7446759132,33994.5138931424,25140.0308442986,1722.36387815169,3356.17217106896,2481.99671760774,4329058.45016618,5952841.72378633,5141801.37784659,71945663.8944759,88630139.697956,76379330.7455069,75353.7084913052,146623.940216053,108553.350417997,7439.43626375483,14475.723621536,10717.1332084461,848197.091085447,1653086.16195096,1222517.62898909,3674634.21357115,7151707.91940282,5294839.9022219,513588.202562256,999538.820543327,740020.718548932,2767139.47174377,3809496.62224124,3288747.48169373,2200772.16631709,3028999.83803995,2615186.40799863,0,0,0,490.681561199779,1176.18815944782,703.610993593467,10.0599276012496,24.1194455139582,14.425238941305,1.97804896456299e-07,5.29875496747748e-07,3.30075054476641e-07
2033,"a4",17322.8886731,34043.658488245,25095.2576978716,1710.23468874818,3361.02406343489,2477.57640471485,4326107.13796666,5954638.03174669,5142044.74448114,79218320.3775173,97500999.2202058,83978205.790007,74787.2305375381,147171.000059168,108350.485919656,7383.50966483557,14529.7331310452,10697.1050301945,841814.000077678,1656342.05657249,1220200.00377575,3646008.52046113,7182799.83917552,5284297.45507859,509569.675126607,1003921.62308173,738544.049963281,2765113.62109,3811078.63948153,3289365.49867786,2199087.57976008,3030279.04499674,2615627.94983314,141355.582487337,195632.650223786,168587.599528571,538.273982956348,1303.71185721695,775.06072148378,11.0288915396827,26.7418462335009,15.892028505946,1.96236387679768e-07,5.32242143457213e-07,3.2939631051401e-07
2033,"a2",0,1870.92843756092,187.069645382394,0,184.710920589753,18.4688017560028,2100470.48025032,2932260.70446074,2507247.75109247,31245355.5465796,39655473.9723485,33371799.9585387,0,1203.15860472932,120.690606108231,0,118.784090846767,11.9154065506905,0,89164.6848698627,8918.31519401313,0,57963.5595447493,5815.41050888068,0,8040.42701827933,806.855290649285,925624.147570803,1287739.43816389,1104959.47775628,681954.084747129,954303.264619093,815288.734074724,0,0,0,25969.4402913812,Inf,276507.021007187,539.051704070338,Inf,5738.51147869558,0,1.29983493612053e-08,1.09226273485888e-09
2033,"a5_1",0,793.002098571164,80.2426940503745,0,78.2906201627054,7.92211053671793,2756868.85606362,3792142.13937008,3264808.15650859,41316708.2478698,51178522.4146175,43906870.3710454,0,2443.61122002925,249.280723631191,0,241.250102865228,24.610707188365,0,37833.8064392962,3826.95660104532,0,117154.963216568,11946.0503845362,0,16229.9062944825,1654.93690103946,1731098.51681366,2382633.50795461,2050392.31737343,1378723.58714218,1896139.15316918,1632860.72021906,0,0,0,16908.0530933948,Inf,176134.238265472,352.667160771442,Inf,3675.42986658433,0,1.41159569850887e-08,1.21577086257581e-09
2033,"a5_2",0,867.157040981451,78.3369058018493,0,85.6117059957589,7.73395801588012,275510.56690053,890854.687908562,356064.662957931,4127732.10263354,13444148.5446436,4881437.56901402,0,2760.92821244887,244.664295714696,0,272.57781835231,24.1549416800896,0,41487.3508087909,3734.78577931966,0,132969.438772112,11722.9198939565,0,18441.9845417547,1624.6873484846,173022.321026531,570479.746860321,224438.021488466,137799.886656017,453513.420761505,178480.80508969,0,0,0,1495.05231031428,Inf,19951.5730513711,31.0427128274777,Inf,416.401170797946,0,1.59570637826868e-07,1.09011964234977e-08
2034,"a3_1",17057.4751841062,33388.2686331868,24694.5843574915,1684.03124402803,3296.31947022725,2438.01917736634,4384198.72565155,6036764.72416403,5217095.32536175,73121220.1304528,90055072.253968,77608885.5784021,76547.6637421187,150068.17350794,110957.059100426,7557.31173621718,14815.7620160027,10954.443858414,829603.779755392,1623926.83125646,1200953.48466787,3732235.06613649,7316407.25068869,5409765.23069763,521567.44197728,1022434.88973688,755992.392014417,2801626.60987144,3862584.06792894,3336280.56789989,2231696.12128319,3076322.93313157,2657275.02688065,0,0,0,487.253349069275,1176.45748872695,699.449734947999,9.99414297551163,24.1289925897381,14.3460727534,1.98177340339837e-07,5.35646588232634e-07,3.32577122463865e-07
2034,"a4",17088.1448942572,33405.9397196473,24647.4293033419,1687.05916871102,3298.06408139592,2433.36370616415,4387534.34507433,6040402.62265889,5218169.65734058,80507680.8325972,99056741.3093749,85337479.3757406,76787.83470593,150666.206232921,110748.613600862,7581.02306527387,14874.8039189191,10933.8646853445,831151.553134591,1624886.83841862,1198634.50501641,3744581.16586087,7348113.49129961,5399464.8035586,523292.867365552,1026897.22145742,754538.610581781,2803561.05232808,3864920.1978302,3337158.01100846,2233049.70618873,3078205.75099638,2657938.70721667,143386.403634197,198522.936378486,171141.551849045,534.344647320165,1290.00565895271,770.551220472132,10.9562380776945,26.4533567098156,15.8048033426383,1.98678965607205e-07,5.37410113140955e-07,3.31865057739338e-07
2034,"a2",0,2398.6809346891,173.359009853339,0,236.814276138281,17.1151935368964,2112636.84559552,2959530.0911558,2521538.20976914,31452038.5365717,40365253.8257925,33594732.3532646,0,1527.1077048497,108.552266461435,0,150.766573611028,10.7170261928006,0,114337.145128844,8257.15555616,0,73456.4184073143,5218.63749427345,0,10174.1099552206,723.027641015323,930876.316240961,1298523.3500187,1111140.51155657,685581.396762454,961010.688018076,819576.552238504,0,0,0,20595.8220475793,Inf,309479.787464406,428.172775347837,Inf,6437.45276235972,0,1.64050548736316e-08,9.76944547808516e-10
2034,"a5_1",0,957.165143158281,69.3702488995674,0,94.4979247734761,6.84870798825633,2787926.87402235,3846267.33286731,3301688.23963225,41826184.1299799,52048370.6200777,44448970.8755263,0,3289.198282643,239.751934273826,0,324.732272272943,23.6699595793334,0,45611.9024207095,3306.61735668379,0,157255.698045432,11469.5157358555,0,21758.1880994481,1587.19093896286,1750703.52384999,2417244.36724548,2073659.83173325,1395329.08282881,1924903.58843801,1652603.63784104,0,0,0,12716.2246042433,Inf,185395.671614311,265.975634904472,Inf,3875.40083637289,0,1.87878657798648e-08,1.15617774239004e-09
2034,"a5_2",0,872.300621273593,67.1019980826951,0,86.1195156114636,6.62477067023729,278575.195997194,461513.831521667,338107.863276341,4174531.04447209,6630042.62431195,4586560.71983572,0,3011.34146389946,231.115427337217,0,297.30033647471,22.8173042265608,0,41562.5617634071,3195.10004740722,0,143982.791430549,11041.4336050448,0,19923.7647030739,1527.82295715825,174955.053322688,293495.122363655,212681.938007578,139438.413985208,231616.169204801,169304.276895583,0,0,0,1386.26957271939,Inf,19845.3247915101,28.9932637296153,Inf,415.395399175351,0,1.7212086228486e-07,1.08667162572584e-08
2035,"a3_1",16975.4429460942,32868.5899645559,24313.1736866507,1675.93245740581,3245.01321854677,2400.36369321239,4458611.09636461,6129297.07664588,5286801.28593984,74228421.6826913,91608926.6590543,78785405.4218705,79346.5894112744,152385.667599517,113317.34634827,7833.64092478092,15044.5609687166,11187.467645777,825496.684758158,1598330.80350228,1182286.0566129,3866204.84674599,7424408.40966947,5521576.34492894,540217.179800766,1037416.17895711,771519.712600902,2848331.1321333,3920987.88237091,3380177.32918992,2272219.6597736,3127944.90918602,2696518.82603553,0,0,0,487.108944377696,1154.54145337263,695.26341695058,9.99789041589051,23.6947938069442,14.2686436807539,2.02363771048677e-07,5.34999831586945e-07,3.35240832987384e-07
2035,"a4",16793.3831375259,32858.4045218739,24275.2247938705,1657.95826118969,3244.00764160612,2396.61711756573,4463698.82626906,6135890.77412073,5289799.1081934,81567630.9841986,100776505.995731,86624204.654345,78301.8499572446,152761.693701087,113163.010303116,7730.49706184309,15081.6848511657,11172.2305301245,816651.291151652,1597943.62165192,1180504.3081768,3815349.05724186,7443354.40693223,5514395.50881876,533103.658001251,1040034.71394519,770510.459458618,2851746.64761487,3925238.74940376,3382262.94083066,2274999.76282582,3131231.40744003,2698131.33873868,145985.058809877,201789.902893276,173593.371588919,533.953434319761,1287.02586274473,765.481621797755,10.9584505217476,26.4134433006722,15.7087398819714,1.99483024998514e-07,5.35677648043709e-07,3.34577802739735e-07
2035,"a2",0,2273.88707445612,101.800317475363,0,224.493768124819,10.0504273598606,2124393.56384492,2971272.50566438,2534367.88239758,31657802.207162,40469943.1154655,33772421.5100337,0,1405.58050521545,63.5855486104914,0,138.768572794705,6.27760259786309,0,108208.415268048,4848.13388785484,0,67496.2280151136,3055.72096473591,0,9348.45269264386,423.310834252598,935932.267115971,1304035.29036938,1116779.54841394,689060.267885784,965048.649301286,823545.875409471,0,0,0,22522.9377397416,Inf,531133.60265105,469.030687167782,Inf,11052.1941956675,0,1.5017972502932e-08,5.69365267306303e-10
2035,"a5_1",0,709.20589634838,35.4706987427297,0,70.0176828638988,3.50191129024306,2816078.39324226,3875519.96593548,3333782.51233689,42284261.8888775,52446042.0332432,44912063.9569774,0,2793.51508627529,140.556101174225,0,275.795018616511,13.8766648264986,0,33822.3634211438,1691.66994356116,0,133501.994971517,6719.61783850302,0,18462.2877966181,929.294720219708,1768361.27807737,2435236.09829675,2093732.53768555,1410424.02807307,1941527.191031,1669888.66903587,0,0,0,15136.5790350024,Inf,319531.230460834,316.731311003249,Inf,6683.72294918826,0,1.57971966526688e-08,6.71318320961846e-10
2035,"a5_2",0,656.343284358152,33.4330447889951,0,64.7987223042831,3.30074008022696,281374.657810647,458515.515227162,338417.121944689,4220015.21983946,6416605.86675076,4580054.13914069,0,2569.19415664819,132.060465414363,0,253.648513925509,13.0379172449796,0,31083.9705611419,1591.32964157237,0,121903.206847122,6299.13299690397,0,16839.6880009751,871.240873152735,176710.467277334,290762.938874316,212706.125843844,140939.46838992,230702.686043052,169574.407596718,0,0,0,1642.5443008733,Inf,34681.4932445524,34.6177539458149,Inf,727.092782672122,0,1.4539003807941e-07,6.20858778234316e-09
