NUM,CODE,Country,Continent,Cluster,Pop_2010,HDI,RISK (endemic/ rabies-free),Dog vaccination coverage,RP,PP,"Bite Incidence (/100,000)",Deaths,"Per capita death rate from rabies (/100,000)",Exposures,PEP,prevented deaths,"YLL (no TD or AW, GBD 2010 lifetable)","YLL (TD & AW, Country-specific lifetable  (comparable to Knobel et al. 2005) ","YLL (TD & AW, Standard West lifetable  (comparable to Knobel et al. 2005) ","DALYs from NTVs (no TD or AW, GBD 2010 lifetable)","DALYs from NTVs (TD & AW, Country-specific lifetable,  (cf Knobel et al. 2005) ",DALYs due to Anxiety,"DALY total (no TD or AW, GBD 2010 lifetable)","DALYs total (TD & AW, Country-specific lifetable,  (cf Knobel et al. 2005) ",Direct costs,Travel costs,Lost income,Productivity losses from premature death,Dog vaccination,Dog population management,Livestock losses,Surveillance,deaths Lower,deaths Upper,Exposures lower,Exposures upper,PEP lower,PEP upper,Prevented deaths Lower,Prevented deaths Upper,YLL rabies lower,YLL rabies upper,DALY ntv lower,DALY ntv upper,Direct costs lower,Direct costs upper,Travel costs lower,Travel costs upper,Lost Income lower,Lost Income Upper,Premature death lower,Premature death upper,Livestock losses lower,Livestock losses upper
1,DZA,Algeria,Africa,North Africa,35419000,0.698,1,23.70%,0.443,0.997,225.9,22,0.062431,"35,454","79,749","6,714","1,381",631,658,NA,NA,1416,1381,631,"7,209,476","308,989","4,845,488","6,124,929","489,048","170,996","586,743","11,488",5,49,"9,692","55,427","22,263","115,960","1,906","11,738",307,"2,974",NA,NA,"1,954,787","10,622,510","131,278","671,972","1,326,839","7,243,667","1,360,279","13,197,538","1,317,221","473,894"
2,AGO,Angola,Africa,Congo Basin,18992000,0.486,1,0.50%,0.736,0.948,133.3152,185,0.975829,"18,639","23,994","3,356","11,574","4,079","5,518",NA,NA,426,11574,4079,"3,832,129","231,857","1,471,750","51,823,218","10,735",358,"5,680,516",192,106,418,"16,235","28,559","21,850","35,544","2,404","5,923","6,838","26,025",NA,NA,"3,489,284","5,749,776","152,973","248,545","1,343,117","2,237,347","30,807,672","116,499,349","46,730,029","1,193,474"
3,BEN,Benin,Africa,West Africa,9213000,0.427,1,0.80%,0.732,0.892,128.4030821,178,1.927798,"8,658","10,553","1,467","11,092","4,562","5,288",NA,NA,187,11092,4562,"1,508,440","76,410","99,666","7,647,185","6,117",816,"1,748,137",213,95,416,"7,127","13,142","9,693","16,252","1,011","2,559","6,016","26,272",NA,NA,"1,385,658","2,332,738","63,559","105,991","92,114","156,781","4,145,624","18,030,554","14,169,970","372,951"
4,BWA,Botswana,Africa,SADC,1978000,0.633,1,0.50%,0.736,0.992,149.3561286,3,0.162046,"2,175","2,931",410,200,79,95,NA,NA,52,200,79,"537,720","15,096","245,027","1,526,768","1,195",159,"2,631,216","2,640",1,10,847,"5,426","1,337","7,819",162,"1,123",67,631,NA,NA,"240,215","1,460,082","7,180","41,532","110,139","678,790","518,022","4,612,906","21,645,358","552,817"
5,BFA,Burkina Faso,Africa,West Africa,16284000,0.331,1,0.80%,0.732,0.697,128.4030821,880,5.403104,"15,304","14,582","2,028","54,946","20,968","26,198",NA,NA,259,54946,20968,"1,960,201","113,764","119,362","32,831,930","10,812","1,442","9,202,843",377,450,"2,034","12,597","23,228","10,749","24,244","1,222","3,598","28,397","131,158",NA,NA,"1,491,971","3,213,101","74,507","160,871","92,992","197,356","16,650,320","77,022,952","74,595,975","1,963,355"
6,BDI,Burundi,Africa,Congo Basin,8521000,0.316,1,0.50%,0.736,0.654,133.3152,550,6.456644,"8,363","7,426","1,039","34,358","13,279","16,382",NA,NA,132,34358,13279,"811,490","86,840","18,319","6,186,933","4,816",161,"946,760",204,287,"1,291","7,284","12,813","5,016","12,267",631,"1,899","18,391","80,754",NA,NA,"573,266","1,313,065","38,718","91,021","13,113","29,824","3,258,427","14,395,482","7,788,400","198,914"
7,CMR,Cameroon,Africa,West Africa,19958000,0.482,1,0.80%,0.732,0.945,128.4030821,196,0.98271,"18,757","24,216","3,368","12,248","4,829","5,840",NA,NA,430,12248,4829,"2,885,837","132,155","292,083","13,480,388","10,866","1,767","5,767,762",48,110,433,"15,439","28,468","22,615","37,135","2,335","5,917","6,923","27,755",NA,NA,"2,702,254","4,481,775","122,853","201,044","274,267","460,005","7,609,173","29,983,517","46,752,054","1,230,507"
8,CPV,Cape Verde,Africa,West Africa,513000,0.568,0,0.80%,0.732,0.982,128.4030821,0,0,0,0,0,0,0,0,NA,NA,0,0,0,0,0,0,0,341,45,0,12,0,0,0,0,0,0,0,0,0,0,NA,NA,0,0,0,0,0,0,0,0,0,0
9,CAF,Central African Republic,Africa,Congo Basin,4504000,0.343,1,0.50%,0.736,0.73,133.3152,227,5.034725,"4,420","4,383",613,"14,161","5,414","6,752",NA,NA,78,14161,5414,"396,094","44,267","20,943","6,174,021","2,139",85,"4,957,836",224,120,555,"3,850","6,773","3,321","6,932",402,"1,084","7,621","33,915",NA,NA,"309,143","619,876","22,545","45,534","16,558","32,980","3,255,934","14,737,906","40,784,997","1,041,639"
10,TCD,Chad,Africa,West Africa,11505000,0.328,1,0.80%,0.732,0.689,12.9,64,0.558044,"1,086","1,022",142,"4,009","1,509","1,912",NA,NA,18,4009,1509,"145,060","9,341","10,753","3,078,185","178,195",0,"6,528,404",592,59,"1,107","1,099","14,672","1,041","14,479",138,"2,068","3,321","69,202",NA,NA,"148,874","2,076,274","7,938","99,826","11,482","156,704","2,821,287","52,127,100","52,917,635","1,392,784"
11,COM,Comoros,Africa,SADC,692000,0.433,0,0.50%,0.736,0.899,149.3561286,0,0,0,0,0,0,0,0,NA,NA,0,0,0,0,0,0,0,418,56,0,432,0,0,0,0,0,0,0,0,0,0,NA,NA,0,0,0,0,0,0,0,0,0,0
12,COG,Congo,Africa,Congo Basin,3759000,0.533,1,0.08%,0.742,0.971,133.3152,20,0.539667,"3,719","4,867",686,"1,267",516,604,NA,NA,86,1267,516,"604,571","49,945","159,144","3,779,629",283,71,"224,480",0,12,43,"3,225","5,662","4,437","7,211",495,"1,214",762,"2,706",NA,NA,"552,623","907,388","29,309","47,640","144,735","241,408","2,299,644","8,115,980","1,885,358","46,160"
13,CIV,Cote d'Ivoire,Africa,West Africa,21570000,0.4,1,0.80%,0.732,0.852,128.4030821,569,2.637608,"20,272","23,605","3,283","35,530","14,210","16,941",NA,NA,419,35530,14210,"2,411,940","199,419","234,539","36,814,446","14,322","1,910","1,317,394",208,298,"1,352","16,686","30,768","21,219","36,745","2,238","5,742","18,951","85,567",NA,NA,"2,164,324","3,764,826","127,186","218,473","212,314","370,845","19,448,467","88,560,237","10,678,467","281,056"
14,COD,Democratic Republic of the Congo,Africa,Congo Basin,67826000,0.286,1,0.50%,0.736,0.559,133.3152,"5,579",8.225822,"66,565","50,533","7,068","348,421","133,297","166,129",NA,NA,897,348421,133297,"5,663,913","628,209","128,949","64,903,250","32,204","1,278","1,840,720",0,"2,934","12,472","57,980","101,992","29,997","88,925","3,927","13,420","188,603","788,358",NA,NA,"3,487,911","9,703,332","227,068","669,247","80,343","224,486","34,472,938","144,967,635","15,142,442","386,734"
15,DJI,Djibouti,Africa,North Africa,879000,0.43,1,0.10%,0.742,0.896,195.446,25,2.86987,"1,274","1,539",217,"1,575",652,751,NA,NA,27,1575,652,"141,050","9,825","29,158","2,178,810",0,"4,244","571,168",151,7,61,368,"2,140",461,"2,522",67,413,380,"3,758",NA,NA,"42,378","234,644","2,998","16,126","8,987","49,793","597,306","5,200,204","4,791,765","117,585"
16,EGY,Egypt,Africa,North Africa,84474000,0.644,1,23.70%,0.443,0.993,236.76,113,0.133718,"88,622","198,659","16,725","7,054","3,164","3,363",NA,NA,3527,7054,3164,"16,780,814","618,778","8,348,335","19,672,687","1,166,376","407,824","732,104","14,555",27,227,"23,496","132,873","53,808","276,938","4,618","28,111","1,539","14,015",NA,NA,"4,418,368","23,685,128","333,208","1,685,454","2,218,012","11,953,186","4,624,867","38,382,995","1,643,552","591,298"
17,GNQ,Equatorial Guinea,Africa,Congo Basin,694000,0.537,1,0.50%,0.736,0.973,133.3152,4,0.508333,681,900,126,220,83,105,NA,NA,16,220,83,"153,122","9,491","136,024","2,430,756",392,13,"14,922",17,2,8,593,"1,044",821,"1,333",91,224,134,472,NA,NA,"140,059","229,850","5,867","9,538","123,850","206,339","1,493,494","5,234,171","122,755","3,135"
18,ERI,Eritrea,Africa,North Africa,5222000,0.349,1,0.10%,0.742,0.745,195.446,366,7.012737,"7,571","7,608","1,072","22,869","9,996","10,904",NA,NA,135,22869,9996,"687,205","131,938","41,450","9,095,575",0,"25,211","3,280,901",900,90,903,"2,188","12,716","2,124","13,045",328,"2,037","5,443","55,927",NA,NA,"200,282","1,182,228","20,366","110,270","11,620","71,395","2,402,064","21,984,396","27,524,826","675,430"
19,ETH,Ethiopia,Africa,SADC,84977000,0.363,1,0.50%,0.736,0.779,105.57,"2,771",3.261436,"66,041","69,895","9,776","173,077","72,224","82,524",2867,1167,1241,175945,73391,"1,581,840","1,525,659","969,704","60,653,320","13,609","45,600","50,087,901","3,840","1,116","12,660","32,666","230,424","37,562","261,293","4,545","36,953","70,523","790,311","1,509","11,168","871,990","5,925,870","661,036","4,262,594","527,725","3,793,204","25,473,603","265,459,343","412,041,653","10,523,446"
20,GAB,Gabon,Africa,Congo Basin,1501000,0.674,1,0.79%,0.732,0.995,133.3152,1,0.083658,"1,465","1,992",277,78,33,37,NA,NA,35,78,33,"533,658","9,578","238,068","684,141","1,525",28,"94,651",160,1,3,"1,280","2,252","1,823","2,968",202,495,43,180,NA,NA,"488,042","802,152","10,888","17,737","217,740","361,482","374,818","1,593,605","767,718","20,179"
21,GMB,Gambia,Africa,West Africa,1750000,0.42,1,0.80%,0.732,0.883,128.4030821,37,2.09383,"1,645","1,984",276,"2,288",973,"1,091",NA,NA,35,2288,973,"260,196","11,582","16,753","1,410,849","1,162",155,"397,424",16,20,87,"1,354","2,496","1,815","3,066",191,482,"1,234","5,450",NA,NA,"237,529","402,320","11,374","19,094","15,445","26,435","763,544","3,343,086","3,221,421","84,787"
22,GHA,Ghana,Africa,West Africa,24332000,0.541,1,0.80%,0.732,0.974,128.4030821,112,0.462219,"22,867","30,434","4,232","7,024","2,931","3,349",NA,NA,540,7024,2931,"4,087,970","192,593","546,827","9,212,220","4,905","2,154","1,966,370",608,64,235,"18,823","34,708","28,590","46,750","2,944","7,435","4,012","15,094",NA,NA,"3,848,756","6,358,983","180,131","294,383","512,538","859,933","5,336,786","19,657,043","15,938,911","419,510"
23,GIN,Guinea,Africa,Congo Basin,10322000,0.344,1,0.50%,0.736,0.733,133.3152,515,4.985996,"10,130","10,081","1,410","32,140","13,047","15,324",NA,NA,179,32140,13047,"1,131,677","78,497","61,936","14,414,317","6,854",914,"5,798,989",16,272,"1,262","8,824","15,522","7,662","15,926",925,"2,495","17,313","76,989",NA,NA,"887,350","1,770,703","52,324","105,081","49,096","97,432","7,605,666","34,412,182","47,704,635","1,218,365"
24,GNB,Guinea-Bissau,Africa,West Africa,1643000,0.353,1,0.80%,0.732,0.755,128.4030821,72,4.36777,"1,544","1,594",222,"4,482","1,729","2,137",NA,NA,28,4482,1729,"209,785","12,579","11,104","2,279,586","1,091",145,"545,445",32,37,168,"1,271","2,344","1,286","2,578",141,389,"2,328","10,751",NA,NA,"173,182","337,685","8,721","17,025","9,240","17,943","1,163,938","5,480,700","4,421,245","116,366"
25,KEN,Kenya,Africa,SADC,40863000,0.509,1,0.50%,0.736,0.961,234,523,1.27908,"70,391","91,883","12,852","32,641","13,183","15,563",NA,NA,1631,32641,13183,"10,492,088","740,677","814,897","26,415,571","326,373","3,293","15,695,741","1,440",138,"1,100","20,479","115,311","30,981","159,012","3,816","23,474","8,178","68,294",NA,NA,"3,491,357","18,529,398","189,387","964,792","271,002","1,464,754","6,965,740","54,137,266","129,118,991","3,297,668"
26,LSO,Lesotho,Africa,SADC,2085000,0.45,1,0.50%,0.736,0.918,149.3561286,36,1.709655,"2,292","2,859",400,"2,226",747,"1,061",NA,NA,51,2226,747,"323,670","29,963","26,222","1,862,938","1,260",168,"911,814",272,12,115,893,"5,719","1,288","7,529",158,"1,086",747,"7,198",NA,NA,"145,352","875,517","8,784","50,699","12,098","72,685","635,419","5,879,158","7,500,923","191,572"
27,LBR,Liberia,Africa,West Africa,4101000,0.329,1,0.80%,0.732,0.692,128.4030821,226,5.503855,"3,854","3,643",507,"14,096","5,175","6,721",NA,NA,65,14096,5175,"624,077","37,976","11,280","3,186,287","2,723",363,"87,084",95,116,521,"3,173","5,850","2,659","6,073",304,899,"7,286","33,573",NA,NA,"470,965","1,027,516","20,004","43,564","8,717","18,681","1,615,417","7,457,999","705,882","18,579"
28,LBY,Libyan Arab Jamahiriya,Africa,North Africa,6544000,0.76,1,23.70%,0.443,0.999,195.446,2,0.023725,"5,667","12,772","1,075",97,44,46,NA,NA,227,97,44,"2,879,821","18,732","1,979,441","1,097,000","90,356","31,593","110,544","1,128",0,4,"1,703","10,088","3,913","21,176",333,"2,140",22,257,NA,NA,"857,372","4,851,309","21,151","112,662","595,303","3,389,871","260,894","2,931,532","248,168","89,283"
29,MDG,Madagascar,Africa,SADC,20147000,0.48,1,0.50%,0.736,0.944,124.09,197,0.979494,"18,404","23,590","3,299","12,324","5,251","5,876",NA,NA,419,12324,5251,"2,583,414","112,899","101,291","4,828,654","12,176","1,624","9,548,166","12,572",76,740,"8,132","54,893","12,178","74,243","1,456","10,607","4,651","47,224",NA,NA,"1,330,944","8,356,858","64,569","391,539","52,336","335,715","1,876,756","17,448,816","78,546,758","2,006,065"
30,MWI,Malawi,Africa,SADC,15689000,0.4,1,0.50%,0.736,0.852,149.3561286,484,3.085783,"17,250","19,971","2,793","30,234","11,637","14,415",NA,NA,355,30234,11637,"2,140,831","125,673","70,461","9,733,469","7,870","1,264","1,242,454","1,280",151,"1,614","6,716","43,035","8,812","52,618","1,097","7,475","9,975","99,651",NA,NA,"964,505","5,730,722","51,324","300,255","30,284","194,579","3,305,802","31,371,005","10,220,889","261,039"
31,MLI,Mali,Africa,West Africa,13324000,0.359,1,0.80%,0.732,0.77,58.09,248,1.859327,"5,665","5,958",829,"15,471","5,842","7,377",NA,NA,106,15471,5842,"825,067","49,511","56,453","10,700,349","76,375",0,"8,438,109",308,145,"1,061","4,733","17,716","5,202","19,156",601,"2,800","9,098","66,254",NA,NA,"706,882","2,681,207","35,760","129,532","49,374","188,194","6,558,836","45,410,817","68,397,230","1,800,205"
32,MRT,Mauritania,Africa,West Africa,3365000,0.453,1,0.80%,0.732,0.921,128.4030821,47,1.4087,"3,162","3,980",553,"2,960","1,248","1,411",NA,NA,71,2960,1248,"545,871","30,866","65,142","3,537,088","2,234",298,"3,019,458",224,26,107,"2,603","4,800","3,706","6,099",384,969,"1,637","6,830",NA,NA,"506,321","841,552","24,561","40,398","61,040","102,510","1,974,981","8,221,031","24,474,980","644,178"
33,MUS,Mauritius,Africa,SADC,1297000,0.728,0,0.50%,0.736,0.998,149.3561286,0,0,0,0,0,0,0,0,NA,NA,0,0,0,0,0,0,0,784,105,0,809,0,0,0,0,0,0,0,0,0,0,NA,NA,0,0,0,0,0,0,0,0,0,0
34,MAR,Morocco,Africa,North Africa,32382000,0.582,1,14.01%,0.557,0.985,154.41,80,0.24786,"27,846","49,243","5,210","5,012","2,301","2,390",NA,NA,874,5012,2301,"5,548,867","176,397","2,191,596","16,284,833","357,500","250,000","2,020,509","4,544",26,219,"9,777","61,061","17,581","101,823","1,854","12,632","1,499","13,911",NA,NA,"1,936,039","11,663,200","102,288","584,753","769,091","4,697,043","5,169,079","43,136,923","8,140,035","889,958"
35,MOZ,Mozambique,Africa,SADC,23409000,0.322,1,10.00%,0.608,0.672,149.3561286,"1,326",5.663121,"21,244","23,480","2,711","82,788","32,270","39,474",NA,NA,417,82788,32270,"2,542,531","156,036","117,935","37,944,037","194,400","1,886","851,176","1,280",468,"4,969","9,560","59,972","9,624","65,693","1,118","8,329","30,152","303,527",NA,NA,"1,040,959","7,197,112","61,846","370,976","50,918","330,865","14,373,877","136,685,280","4,285,958","297,503"
36,NAM,Namibia,Africa,SADC,2213000,0.625,1,0.50%,0.736,0.991,149.3561286,4,0.18008,"2,433","3,277",458,249,107,119,NA,NA,58,249,107,"391,636","33,557","202,952","1,406,559","1,311",178,"3,064,690","10,400",1,12,947,"6,070","1,495","8,740",182,"1,255",83,775,NA,NA,"175,003","1,063,366","9,957","57,603","91,224","562,263","482,489","4,259,142","25,211,278","643,890"
37,NER,Niger,Africa,West Africa,15892000,0.295,1,0.80%,0.732,0.588,128.4030821,"1,169",7.354513,"14,935","12,001","1,669","72,990","26,025","34,802",NA,NA,213,72990,26025,"1,601,138","108,410","62,662","27,820,555","10,552","1,407","9,157,395",16,594,"2,585","12,294","22,669","7,592","21,329",916,"3,030","38,047","163,305",NA,NA,"1,050,589","2,790,646","53,620","147,216","41,771","110,721","14,200,894","61,692,178","74,227,583","1,953,659"
38,NGA,Nigeria,Africa,West Africa,158259000,0.459,1,12.29%,0.578,0.927,128.4030821,"1,637",1.034086,"117,534","188,317","20,695","102,201","39,370","48,730",NA,NA,3343,102201,39370,"27,857,015","1,765,527","3,583,983","141,988,299","6,256,148","14,011","7,543,312",384,939,"3,958","98,223","194,121","175,354","288,274","14,644","39,162","59,487","245,288",NA,NA,"25,831,066","42,997,374","1,221,473","2,007,108","3,363,431","5,638,160","82,392,724","342,931,578","33,480,209","3,005,093"
39,RWA,Rwanda,Africa,Congo Basin,10276000,0.429,1,26.00%,0.418,0.895,133.3152,115,1.116038,"5,725","12,255",973,"7,162","2,864","3,415",NA,NA,218,7162,2864,"1,340,867","143,837","94,401","4,027,269","422,535",194,"111,554",0,72,343,"5,298","11,813","11,005","18,224",750,"2,295","4,536","21,557",NA,NA,"1,197,700","2,002,185","82,058","135,376","85,045","143,313","2,541,853","12,058,616","215,611","105,230"
40,STP,Sao Tome and Principe,Africa,West Africa,164000,0.509,0,0.80%,0.732,0.961,128.4030821,0,0,0,0,0,0,0,0,NA,NA,0,0,0,0,0,0,0,109,15,0,4,0,0,0,0,0,0,0,0,0,0,NA,NA,0,0,0,0,0,0,0,0,0,0
41,SEN,Senegal,Africa,West Africa,12860000,0.459,1,0.80%,0.732,0.927,128.4030821,168,1.308577,"12,086","15,303","2,128","10,509","4,471","5,011",NA,NA,272,10509,4471,"2,180,827","116,374","205,626","10,308,780","8,539","1,139","3,631,327",16,93,377,"9,948","18,344","14,249","23,425","1,477","3,736","5,846","24,123",NA,NA,"2,022,223","3,366,113","94,144","154,696","192,972","323,481","5,761,051","23,838,414","29,434,637","774,715"
42,SYC,Seychelles,Africa,SADC,86264,0.773,0,0.50%,0.736,0.999,149.3561286,0,0,0,0,0,0,0,0,NA,NA,0,0,0,0,0,0,0,52,7,0,54,0,0,0,0,0,0,0,0,0,0,NA,NA,0,0,0,0,0,0,0,0,0,0
43,SLE,Sierra Leone,Africa,West Africa,5835000,0.336,1,0.80%,0.732,0.711,128.4030821,301,5.15587,"5,484","5,329",741,"18,788","6,510","8,958",NA,NA,95,18788,6510,"691,242","36,939","23,780","6,120,280","3,874",517,"397,539",135,154,697,"4,514","8,323","4,022","8,796",453,"1,314","9,707","45,063",NA,NA,"538,241","1,127,248","26,897","56,742","18,863","39,081","3,106,576","14,439,076","3,222,353","84,812"
44,SOM,Somalia,Africa,North Africa,9359000,0.284,1,0.10%,0.742,0.552,195.446,"1,154",12.333201,"13,569","10,102","1,424","72,083","29,685","34,370",NA,NA,179,72083,29685,"867,095","64,424","55,040","28,668,896",0,"45,183","11,817,595","1,613",290,"2,631","3,922","22,789","2,597","19,058",379,"2,776","17,354","167,085",NA,NA,"220,905","1,604,777","19,318","122,657","15,592","102,632","7,531,384","64,376,469","99,142,668","2,432,857"
45,ZAF,South Africa,Africa,SADC,50491000,0.619,1,63.00%,0.111,0.991,423.0129,42,0.083268,"23,718","211,591","4,464","2,626","1,016","1,252",NA,NA,3756,2626,1016,"26,827,765","1,475,505","16,597,532","18,793,143","2,880,000","200,034","2,436","37,600",8,65,"5,031","27,746","48,371","220,129",992,"5,981",493,"4,095",NA,NA,"5,967,372","28,141,370","283,501","1,268,263","3,722,554","17,526,917","3,770,648","29,072,842",159,"77,311"
46,SDN,Sudan,Africa,North Africa,43194000,0.408,1,0.20%,0.74,0.865,24.86,204,0.471477,"7,950","9,290","1,307","12,718","5,433","6,064",NA,NA,165,12718,5433,"915,693","83,249","217,028","21,687,934","8,796","28,145","70,534,895","4,368",198,"3,382","8,739","98,519","9,956","112,278","1,404","17,957","11,107","208,989",NA,NA,"1,002,490","11,392,789","71,542","779,974","234,753","2,781,332","21,414,083","355,149,102","588,854,401","14,594,780"
47,SWZ,Swaziland,Africa,SADC,1200000,0.522,1,0.50%,0.736,0.967,149.3561286,8,0.691071,"1,319","1,733",242,518,177,247,NA,NA,31,518,177,"201,505","15,762","58,135","1,585,304",725,97,"607,278",752,3,26,514,"3,292",790,"4,600",95,662,174,"1,642",NA,NA,"90,743","548,382","5,024","29,131","26,172","161,212","557,643","4,782,269","4,995,694","127,589"
48,TGO,Togo,Africa,West Africa,6781000,0.435,1,8.26%,0.63,0.902,128.4030821,102,1.509065,"5,488","7,853",940,"6,390","2,681","3,047",NA,NA,139,6390,2681,"739,106","48,968","34,546","2,931,840","96,000",0,"337,627",448,57,248,"4,595","8,962","7,273","12,056",659,"1,752","3,597","15,603",NA,NA,"681,513","1,142,887","38,926","64,473","32,060","54,205","1,648,232","7,288,285","1,867,166","107,075"
49,TUN,Tunisia,Africa,North Africa,10374000,0.698,1,48.45%,0.209,0.997,335.3,5,0.043782,"7,282","34,670","1,379",284,130,135,NA,NA,616,284,130,"3,082,877","35,457","1,994,924","1,191,443","644,215","50,084","6,891","1,280",1,7,"1,545","8,016","7,530","36,114",308,"1,765",48,455,NA,NA,"648,872","3,230,433","40,082","188,269","424,402","2,105,117","211,034","2,015,149","2,272","40,672"
50,UGA,Uganda,Africa,SADC,33797000,0.446,1,10.00%,0.608,0.914,39.6,133,0.392841,"8,132","12,234","1,412","8,291","3,200","3,953",NA,NA,217,8291,3200,"1,303,404","89,777","67,121","4,151,061","189,784","2,723","3,373,813",176,118,"1,755","8,324","83,527","12,738","117,871","1,446","15,823","7,171","109,896",NA,NA,"1,374,693","12,939,822","75,927","702,375","69,492","689,274","3,738,691","51,219,774","16,988,283","1,179,213"
51,TZA,United Republic of Tanzania,Africa,SADC,45039000,0.466,1,0.50%,0.736,0.933,81.5,345,0.76612,"27,022","34,240","4,789","21,548","8,349","10,274",NA,NA,608,21548,8349,"3,368,915","193,419","180,016","11,814,598","31,394","3,629","19,616,778","1,280",172,"1,958","15,769","121,384","23,257","162,106","2,721","23,082","10,558","124,801",NA,NA,"2,282,847","16,422,623","121,882","843,685","124,552","901,774","6,066,850","63,857,045","161,374,890","4,121,476"
52,ZMB,Zambia,Africa,SADC,13255000,0.43,1,20.00%,0.485,0.896,37.72,48,0.362193,"2,425","4,479",413,"2,998","1,047","1,430",NA,NA,80,2998,1047,"547,715","45,945","59,949","3,661,792","792,000","1,068","430,136","1,136",46,756,"2,681","29,258","4,742","45,238",460,"5,474","2,866","46,972",NA,NA,"588,412","5,698,441","32,228","303,601","63,038","644,331","3,543,532","53,007,993","1,217,349","273,230"
53,ZWE,Zimbabwe,Africa,SADC,12643000,0.376,1,11.15%,0.593,0.807,149.3561286,410,3.239508,"11,195","15,247","1,717","25,578","8,630","12,195",NA,NA,271,25578,8630,"2,153,271","254,984","99,307","15,201,543","147,000","1,019","2,065,166","3,040",143,"1,562","5,035","31,638","6,538","40,589",754,"5,206","9,405","96,484",NA,NA,"954,461","5,756,841","58,449","338,992","42,136","276,388","5,719,395","56,921,394","9,763,500","770,574"
54,ATG,Antigua and Barbuda,Americas,Caribbean,87689,0.764,0,55.10%,0.161,0.999,238.62055,0,0,0,0,0,0,0,0,NA,NA,0,0,0,0,0,0,0,"7,414",269,0,14,0,0,0,0,0,0,0,0,0,0,NA,NA,0,0,0,0,0,0,0,0,0,0
55,ARG,Argentina,Americas,Southern Cone,40666000,0.797,1,20.66%,0.477,0.999,93.1663,3,0.007455,"18,090","37,854","3,434",189,88,90,81,37,672,270,125,"6,176,931","125,562","9,003,210","1,730,006","1,470,274","313,188","8,752,628",112,1,10,"3,297","40,044","31,436","80,005",732,"8,487",32,657,66,176,"5,102,521","13,252,735","310,841","791,797","7,449,738","19,623,627","226,978","5,652,722","23,787,621","5,798,399"
56,BHS,Bahamas,Americas,Caribbean,345000,0.771,0,55.10%,0.161,0.999,238.62055,0,0,0,0,0,0,0,0,NA,NA,0,0,0,0,0,0,0,"29,168","1,057",0,53,0,0,0,0,0,0,0,0,0,0,NA,NA,0,0,0,0,0,0,0,0,0,0
57,BRB,Barbados,Americas,Caribbean,256000,0.793,0,55.10%,0.161,0.999,238.62055,0,0,0,0,0,0,0,0,NA,NA,0,0,0,0,0,0,0,"21,644",784,0,40,0,0,0,0,0,0,0,0,0,0,NA,NA,0,0,0,0,0,0,0,0,0,0
58,BLZ,Belize,Americas,Central America & Mexico,314000,0.699,0,68.00%,0.084,0.997,163.2197,0,0,0,0,0,0,0,0,NA,NA,0,0,0,0,0,0,0,"16,251",568,0,90,0,0,0,0,0,0,0,0,0,0,NA,NA,0,0,0,0,0,0,0,0,0,0
59,BOL,Bolivia,Americas,Andean,10028000,0.663,1,77.66%,0.042,0.995,340.357,1,0.014276,"1,444","33,953",273,89,40,43,145,64,603,234,104,"1,577,860","302,342","2,419,864","166,119","3,309,563","30,892",18,"9,600",0,3,341,"2,024","10,142","35,446",65,421,18,163,40,153,"462,281","1,657,459","150,549","519,840","713,189","2,559,094","34,278","309,126",0,"7,200"
60,BRA,Brazil,Americas,Brazil,195424000,0.718,1,68.85%,0.08,0.997,219.3609,16,0.008386,"34,255","427,604","6,492","1,023",469,488,NA,NA,7591,1023,469,"45,369,039","1,817,949","63,358,605","11,069,627","16,620,087","341,525","7,486","288,000",6,34,"18,234","46,413","282,154","484,732","3,154","10,205",378,"2,070",NA,NA,"29,806,782","51,733,453","1,656,111","2,840,232","41,666,750","72,742,698","3,997,358","22,624,952",210,"568,695"
61,CAN,Canada,Americas,NorthAmerica,33891000,0.908,0,70.00%,0,1,0.001,NA,#VALUE!,NA,0,NA,NA,NA,NA,NA,NA,0,0,0,0,0,0,NA,"4,082,951",120,NA,0,0,0,0,0,0,0,0,0,0,0,NA,NA,0,0,0,0,0,0,0,0,NA,NA
62,CHL,Chile,Americas,Southern Cone,17134000,0.805,0,64.80%,0.101,0.999,202.5225,0,0,0,0,0,0,0,0,NA,NA,0,0,0,0,0,0,0,"1,847,394","131,957",0,"3,440",0,0,0,0,0,0,0,0,0,0,NA,NA,0,0,0,0,0,0,0,0,0,0
63,COL,Colombia,Americas,Andean,46299000,0.71,1,73.21%,0.06,0.997,77.4045,1,0.002466,"2,146","35,737",407,71,33,34,NA,NA,634,71,33,"5,419,883","126,967","3,071,131","447,265","3,626,077","142,628",259,"2,432",1,8,"1,748","12,221","31,531","146,953",312,"2,595",45,536,NA,NA,"4,746,074","22,733,835","181,067","844,189","2,694,947","13,152,367","293,894","3,404,260",3,"42,347"
64,CRI,Costa Rica,Americas,Central America & Mexico,4641000,0.744,0,22.00%,0.462,0.998,163.2197,0,0,0,0,0,0,0,0,NA,NA,0,0,0,0,0,0,0,"228,570","8,398",0,400,0,0,0,0,0,0,0,0,0,0,NA,NA,0,0,0,0,0,0,0,0,0,0
65,CUB,Cuba,Americas,Caribbean,11204000,0.776,1,64.64%,0.102,0.999,251.3886,1,0.005669,"2,867","28,133",544,40,19,19,NA,NA,499,40,19,"4,269,775","29,539","578,070","59,493","1,189,466","34,320",497,"1,184",0,2,"1,872","3,713","23,765","30,076",300,820,14,91,NA,NA,"3,601,929","4,578,627","123,950","156,821","487,747","622,121","21,239","139,077",26,"19,872"
66,DMA,Dominica,Americas,Caribbean,69625,0.724,0,55.10%,0.161,0.998,238.62055,0,0,0,0,0,0,0,0,NA,NA,0,0,0,0,0,0,0,"5,886",213,0,11,0,0,0,0,0,0,0,0,0,0,NA,NA,0,0,0,0,0,0,0,0,0,0
67,DOM,Dominican Republic,Americas,Caribbean,10225000,0.689,1,26.70%,0.41,0.996,225.8525,7,0.065139,"9,478","23,008","1,794",416,189,198,NA,NA,408,416,189,"3,822,436","85,141","1,647,824","2,174,650","358,917","31,322","218,109","2,080",3,14,"7,361","12,644","21,340","27,035","1,138","2,872",201,845,NA,NA,"3,544,543","4,513,047","122,679","155,429","1,529,005","1,955,869","1,034,797","4,655,914","402,510","215,851"
68,ECU,Ecuador,Americas,Andean,13772000,0.72,1,78.48%,0.039,0.998,61.6487,0,0.001132,335,"8,469",63,10,4,5,36,17,150,46,21,"542,122","92,102","1,294,159","38,778","2,027,876","42,426",6,416,0,2,406,"3,384","8,560","43,517",71,716,9,130,36,194,"545,542","2,843,729","126,931","647,186","1,303,603","6,935,832","38,115","520,741",0,"3,198"
69,SLV,El Salvador,Americas,Central America & Mexico,6193000,0.674,1,65.70%,0.096,0.995,547.0083,3,0.045044,"3,254","33,723",616,174,80,83,NA,NA,599,174,80,"15,627,207","125,574","1,709,617","644,695","1,651,045",0,101,"4,800",1,5,680,"3,857","7,544","35,127",135,837,31,285,NA,NA,"3,393,095","16,377,304","44,274","202,179","374,883","1,804,494","118,538","1,061,966",5,"4,693"
70,GRD,Grenada,Americas,Caribbean,102000,0.748,0,55.10%,0.161,0.998,238.62055,0,0,0,0,0,0,0,0,NA,NA,0,0,0,0,0,0,0,"8,624",312,0,16,0,0,0,0,0,0,0,0,0,0,NA,NA,0,0,0,0,0,0,0,0,0,0
71,GTM,Guatemala,Americas,Central America & Mexico,14376000,0.574,1,63.00%,0.111,0.983,69.6298,4,0.024747,"1,112","9,841",208,222,100,106,NA,NA,175,222,100,"973,364","48,757","272,505","641,553","2,377,681","26,014",481,"5,120",2,33,875,"8,620","8,508","71,034",163,"1,748",158,"2,077",NA,NA,"833,455","7,172,315","42,168","351,085","233,482","2,056,949","455,116","5,675,124",31,"15,248"
72,GUY,Guyana,Americas,Central America & Mexico,763000,0.633,1,68.00%,0.084,0.992,45.22,0,0.005607,29,342,5,3,1,1,NA,NA,6,3,1,"60,927","1,558","13,451","7,663","39,488","1,381",5,218,0,1,28,374,375,"3,788",5,78,2,42,NA,NA,"66,141","688,912","2,235","22,514","14,631","155,749","6,603","112,087",0,364
73,HTI,Haiti,Americas,Caribbean,10188000,0.454,1,31.41%,0.361,0.922,238.62055,130,1.277097,"8,787","22,416","1,539","8,125","3,506","3,874",NA,NA,398,8125,3506,"3,563,066","127,974","206,633","5,467,696","581,671","31,208","77,552","1,575",63,261,"6,493","11,427","19,555","25,208",940,"2,353","4,079","15,773",NA,NA,"3,104,122","4,004,984","121,710","154,959","181,060","233,725","2,702,202","11,036,641","103,399","107,515"
74,HND,Honduras,Americas,Central America & Mexico,7619000,0.625,1,82.48%,0.027,0.991,70.466,0,0.00307,143,"5,323",27,15,7,7,23,10,94,37,17,"256,200","67,209","411,483","29,443","1,370,831","1,053",0,288,0,2,82,"1,279","4,569","37,970",15,270,8,162,19,170,"217,249","1,866,442","68,737","568,934","349,929","3,068,273","14,660","308,491",0,641
75,JAM,Jamaica,Americas,Caribbean,2732000,0.727,0,55.10%,0.161,0.998,238.62055,0,0,0,0,0,0,0,0,NA,NA,0,0,0,0,0,0,0,"230,977","8,369",0,422,0,0,0,0,0,0,0,0,0,0,NA,NA,0,0,0,0,0,0,0,0,0,0
76,MEX,Mexico,Americas,Central America & Mexico,110647000,0.77,1,76.50%,0.047,0.999,70.992,1,0.000794,"3,662","78,451",695,55,25,26,NA,NA,1393,55,25,"17,041,533","244,881","9,252,279","524,776","24,593,387","753,254",84,"5,360",0,10,"2,549","29,985","67,048","554,987",475,"6,334",29,633,NA,NA,"14,350,355","123,294,642","351,995","2,903,189","7,830,326","68,535,815","287,652","5,935,936",1,"26,637"
77,NIC,Nicaragua,Americas,Central America & Mexico,5821000,0.589,0,87.30%,0.014,0.986,176.0021,0,0,0,0,0,0,0,0,NA,NA,0,0,0,0,0,0,0,"975,000","10,535",0,"2,400",0,0,0,0,0,0,0,0,0,0,NA,NA,0,0,0,0,0,0,0,0,0,0
78,PAN,Panama,Americas,Central America & Mexico,3507000,0.768,0,6.67%,0.651,0.999,163.2197,0,0,0,0,0,0,0,0,NA,NA,0,0,0,0,0,0,0,"28,600","6,346",0,"1,003",0,0,0,0,0,0,0,0,0,0,NA,NA,0,0,0,0,0,0,0,0,0,0
79,PRY,Paraguay,Americas,Southern Cone,6459000,0.665,0,83.70%,0.023,0.995,196.6719,0,0,0,0,0,0,0,0,NA,NA,0,0,0,0,0,0,0,"1,029,000","49,744",0,"2,800",0,0,0,0,0,0,0,0,0,0,NA,NA,0,0,0,0,0,0,0,0,0,0
80,PER,Peru,Americas,Andean,29496000,0.725,1,32.74%,0.348,0.998,158.8898,7,0.02412,"16,318","46,759","3,093",444,205,212,200,91,830,644,296,"2,897,557","432,519","9,275,255","2,297,712","907,354","90,865","290,262","1,296",2,20,"6,104","34,389","24,516","96,117","1,109","7,383",133,"1,317",100,425,"1,497,160","6,055,135","363,279","1,416,028","4,815,330","19,721,481","667,459","6,704,027","351,703","444,359"
81,KNA,Saint Kitts and Nevis,Americas,Caribbean,51672,0.735,0,55.10%,0.161,0.998,238.62055,0,0,0,0,0,0,0,0,NA,NA,0,0,0,0,0,0,0,"4,369",158,0,8,0,0,0,0,0,0,0,0,0,0,NA,NA,0,0,0,0,0,0,0,0,0,0
82,LCA,Saint Lucia,Americas,Caribbean,172000,0.723,0,55.10%,0.161,0.998,238.62055,0,0,0,0,0,0,0,0,NA,NA,0,0,0,0,0,0,0,"14,542",527,0,27,0,0,0,0,0,0,0,0,0,0,NA,NA,0,0,0,0,0,0,0,0,0,0
83,VCT,Saint Vincent and the Grenadines,Americas,Caribbean,106000,0.717,0,55.10%,0.161,0.997,238.62055,0,0,0,0,0,0,0,0,NA,NA,0,0,0,0,0,0,0,"8,962",325,0,16,0,0,0,0,0,0,0,0,0,0,NA,NA,0,0,0,0,0,0,0,0,0,0
84,SUR,Suriname,Americas,Central America & Mexico,527000,0.68,1,68.00%,0.084,0.996,163.2197,0,0.010871,72,857,14,4,2,2,NA,NA,15,4,2,"173,293","3,818","81,850","24,956","27,274",954,2,151,0,0,31,264,424,"2,685",6,56,1,17,NA,NA,"84,016","553,721","2,540","15,901","39,961","267,001","9,267","114,276",0,134
85,TTO,Trinidad and Tobago,Americas,Caribbean,1344000,0.76,0,55.10%,0.161,0.999,238.62055,0,0,0,0,0,0,0,0,NA,NA,0,0,0,0,0,0,0,"113,629","4,117",0,208,0,0,0,0,0,0,0,0,0,0,NA,NA,0,0,0,0,0,0,0,0,0,0
86,USA,United States of America,Americas,NorthAmerica,317640000,0.91,0,76.73%,0.046,1,0.001,0,0,0,0,0,0,0,0,NA,NA,0,0,0,0,0,0,0,"30,000,000","1,125",0,0,0,0,0,0,0,0,0,0,0,0,NA,NA,0,0,0,0,0,0,0,0,0,0
87,URY,Uruguay,Americas,Southern Cone,3373000,0.783,0,64.80%,0.101,0.999,75.2849,0,0,0,0,0,0,0,0,NA,NA,0,0,0,0,0,0,0,"363,678","25,977",0,560,0,0,0,0,0,0,0,0,0,0,NA,NA,0,0,0,0,0,0,0,0,0,0
88,VEN,Venezuela (Bolivarian Republic of),Americas,Andean,29044000,0.735,1,20.57%,0.479,0.998,148.9899,8,0.02722,"20,707","43,186","3,926",494,229,235,92,42,767,586,272,"21,560,770","282,360","11,195,651","4,917,580","882,625","89,472","2,839,638",512,1,21,"2,934","40,929","23,752","94,341",647,"8,624",71,"1,354",48,209,"11,690,756","47,911,907","244,506","966,229","6,098,836","25,326,425","586,843","13,033,801","7,760,904","1,870,277"
89,AFG,Afghanistan,Asia,Eurasia,29116000,0.398,1,1.00%,0.729,0.849,290.12684,"1,768",6.072571,"61,589","71,710","9,934","110,416","39,350","52,647",NA,NA,1273,110416,39350,"2,905,902","283,713","508,044","57,105,614","1,400","8,362","7,576,922","8,254",725,"5,673","30,978","136,702","35,186","155,389","4,832","24,462","42,956","343,447",NA,NA,"1,461,405","6,372,151","217,222","919,265","247,590","1,145,802","25,746,137","176,707,257","60,813,328","1,633,109"
90,BHR,Bahrain,Asia,Middle East,809000,0.806,1,18.50%,0.503,0.999,90.22,0,0.006743,367,729,70,3,2,2,NA,NA,13,3,2,"205,559",612,"204,554","69,748","2,109",211,"4,985",135,0,0,209,733,441,"1,365",37,156,1,11,NA,NA,"122,848","390,483","2,295","7,086","122,699","394,833","24,296","240,172","15,450","2,882"
91,BGD,Bangladesh,Asia,Asia 3,164423000,0.5,1,5.09%,0.673,0.956,101.3179,933,0.567574,"112,058","159,288","20,358","58,279","25,419","27,788",5929,2510,2828,64209,27930,"5,658,274","3,003,350","3,551,655","37,176,864","245,881","141,465","24,462,827","19,592",483,"5,109","67,434","488,926","105,702","699,545","11,901","97,355","29,772","323,779","3,716","27,435","3,746,092","25,488,710","1,527,742","10,039,059","2,352,359","16,367,952","19,946,050","193,547,106","159,769,615","6,529,060"
92,BTN,Bhutan,Asia,Asia 3,708000,0.522,1,10.00%,0.608,0.967,483,13,1.844667,"2,078","3,307",382,816,360,389,NA,NA,59,816,360,"309,993","21,404","89,605","1,613,495","1,598",48,"179,963",275,3,20,473,"2,316",768,"3,432",90,495,160,"1,252",NA,NA,"70,686","324,651","4,910","21,728","20,462","94,667","338,523","2,526,475","906,173","62,900"
93,BRN,Brunei Darussalam,Asia,Asia 1,408000,0.838,0,70.00%,0,0.999,0.001,NA,#VALUE!,NA,0,NA,NA,NA,NA,NA,NA,0,0,0,0,0,0,NA,0,0,NA,0,0,0,0,0,0,0,0,0,0,0,NA,NA,0,0,0,0,0,0,0,0,NA,NA
94,KHM,Cambodia,Asia,Asia 2,15055000,0.523,1,0.60%,0.735,0.967,650,446,2.963413,"71,900","94,662","13,215","27,861","12,107","13,284",NA,NA,1681,27861,12107,"6,298,005","563,717","1,055,280","22,673,517","81,588","6,000","4,211,172",29,143,"1,057","25,613","128,105","35,068","166,228","4,740","26,881","8,398","66,276",NA,NA,"2,303,529","11,282,746","219,983","1,035,251","385,846","1,921,495","7,598,628","52,382,561","34,472,685","889,289"
95,CHN,China,Asia,China,1354148000,0.687,1,14.20%,0.555,0.996,1107.71,"6,002",0.443264,"8,318,530","14,943,066","1,574,518","374,851","172,882","178,730",NA,NA,265291,374851,172882,"648,271,995","49,249,922","807,319,086","1,642,646,221","4,235,400","195,000","40,777,492","46,192",992,"10,742","1,514,396","10,993,201","3,811,379","19,223,082","312,882","2,345,367","59,609","674,121",NA,NA,"160,478,423","843,437,713","20,374,306","100,881,841","201,867,768","1,063,763,651","278,596,344","2,967,061,123","162,525,752","18,162,053"
96,PRK,Democratic People's Republic of Korea,Asia,Asia 2,23990000,0.766,1,0.60%,0.735,0.999,587.265,26,0.109153,"103,514","140,697","19,641","1,635",730,780,NA,NA,2498,1635,730,"12,436,677","611,213","1,568,482","1,330,798","229,467","9,561","1,332,336",46,8,82,"39,659","203,355","55,937","272,699","7,527","44,074",459,"4,923",NA,NA,"4,835,315","24,518,441","333,650","1,609,205","614,562","3,147,384","421,693","4,029,322","10,906,513","281,355"
97,IND,India,Asia,India,1214465000,0.547,1,15.00%,0.545,0.976,692.5594458,"20,847",1.716531,"4,581,603","8,209,470","849,658","1,301,865","568,063","620,734",NA,NA,145746,1301865,568063,"491,232,969","42,601,573","138,031,524","1,646,649,893","9,050,000","416,705","62,348,058","1,552","6,535","55,421","1,553,484","9,619,080","2,831,952","16,148,521","293,353","1,973,526","377,344","3,435,815",NA,NA,"165,974,520","987,437,552","17,046,350","96,465,916","46,810,531","282,554,094","509,737,936","4,202,160,765","237,368,837","29,120,753"
98,IDN,Indonesia,Asia,Indonesia,232517000,0.617,1,23.80%,0.442,0.99,105.4,197,0.084786,"108,322","242,725","20,384","12,311","5,514","5,870",NA,NA,4309,12311,5514,"21,179,184","950,823","10,026,137","37,123,383","6,368,640","810,787","1,717,431",105,192,"3,060","118,000","1,427,993","270,692","3,012,790","22,248","292,709","11,642","197,569",NA,NA,"23,378,617","268,664,427","1,579,082","17,523,062","11,088,925","130,304,874","36,735,459","558,276,650","3,830,929","1,396,375"
99,IRN,Iran (Islamic Republic of),Asia,Middle East,75077000,0.707,1,18.18%,0.506,0.997,173.86,37,0.048736,"66,100","130,149","12,522","2,285","1,044","1,089",NA,NA,2311,2285,1044,"16,439,705","119,028","8,452,265","10,832,741","200,000","19,569","5,390,188","3,200",10,63,"23,059","74,977","47,151","136,229","4,212","16,579",618,"3,925",NA,NA,"5,868,218","17,301,171","247,034","707,118","3,031,309","8,952,024","2,984,336","19,467,000","17,027,657","3,055,091"
100,IRQ,Iraq,Asia,Middle East,31467000,0.573,1,18.50%,0.503,0.983,46,24,0.074975,"7,276","14,228","1,359","1,473",604,702,NA,NA,253,1473,604,"4,065,390","49,679","499,636","3,776,939","82,020","8,202","720,278","5,246",17,111,"6,634","27,669","14,035","50,845","1,122","5,670","1,063","7,033",NA,NA,"4,008,171","14,784,163","80,434","291,197","494,364","1,854,411","2,856,513","17,199,464","2,232,409","416,393"
101,ISR,Israel,Asia,Middle East,7284000,0.888,1,63.18%,0.11,1,90.22,0,0.000496,723,"6,570",137,2,1,1,NA,NA,117,2,1,"1,850,095","43,388","2,581,664","64,749","65,000","75,000",102,672,0,0,373,"1,558","3,969","12,296",68,335,1,10,NA,NA,"1,105,383","3,514,640","25,291","78,081","1,548,516","4,983,944","16,740","286,647",6,"3,304"
102,JPN,Japan,Asia,Asia 1,126996000,0.901,0,70.00%,0,1,0.001,NA,#VALUE!,NA,0,NA,NA,NA,NA,NA,NA,0,0,0,0,0,0,NA,"20,000,000",0,NA,0,0,0,0,0,0,0,0,0,0,0,NA,NA,0,0,0,0,0,0,0,0,NA,NA
103,JOR,Jordan,Asia,Middle East,6471000,0.698,1,18.50%,0.503,0.997,50.8,1,0.015926,"1,652","3,276",313,64,29,31,NA,NA,58,64,29,"577,601","3,268","201,965","289,593","16,867","1,687","132,979",192,1,5,"1,418","5,698","3,041","10,633",244,"1,186",39,289,NA,NA,"533,797","1,907,890","15,863","55,559","186,809","679,827","179,822","1,320,164","412,152","76,876"
104,KAZ,Kazakhstan,Asia,Eurasia,15752000,0.745,1,21.10%,0.472,0.998,290.12684,7,0.045824,"21,590","45,620","4,095",451,196,215,NA,NA,810,451,196,"1,950,392","146,195","5,551,294","4,004,244","63,337","4,524","1,230,506","4,466",3,25,"10,643","50,604","23,421","99,821","1,972","10,630",162,"1,510",NA,NA,"985,223","4,342,813","133,679","566,199","2,819,403","12,586,741","1,534,559","13,596,427","3,254,468","838,505"
105,KWT,Kuwait,Asia,Middle East,3052000,0.76,1,18.50%,0.503,0.999,90.22,0,0.012423,"1,384","2,750",263,24,11,11,NA,NA,49,24,11,"1,132,217","3,188","1,371,458","862,174","7,955",796,"49,301",509,0,1,790,"2,765","1,661","5,144",141,590,9,71,NA,NA,"676,833","2,150,654","8,758","27,042","822,676","2,646,757","331,975","2,629,997","152,801","28,501"
106,KGZ,Kyrgyzstan,Asia,Eurasia,5549000,0.615,1,21.10%,0.472,0.99,290.12684,14,0.256108,"7,606","15,941","1,431",887,393,423,NA,NA,283,887,393,"412,014","76,826","188,594","766,491","22,312","1,594","265,563","1,573",6,42,"3,749","17,826","8,182","34,916",688,"3,708",369,"2,636",NA,NA,"208,630","916,933","49,318","209,103","95,805","427,552","327,770","2,188,161","702,367","180,963"
107,LAO,Lao People's Democratic Republic,Asia,Asia 2,6436000,0.524,1,1.39%,0.724,0.968,132.5,38,0.587327,"6,171","8,253","1,135","2,361","1,010","1,126",NA,NA,147,2361,1010,"898,262","46,850","111,260","2,323,209","35,912","2,565","1,618,936",12,35,389,"6,464","51,769","8,701","67,611","1,199","10,603","2,032","24,849",NA,NA,"945,770","7,575,758","53,925","420,027","117,695","960,454","2,194,323","24,301,130","12,745,304","355,997"
108,LBN,Lebanon,Asia,Middle East,4251000,0.739,1,18.50%,0.503,0.998,90.22,1,0.016418,"1,928","3,828",366,44,20,21,NA,NA,68,44,20,"1,246,868","5,396","526,692","437,785","11,080","1,108","51,063",709,0,2,"1,100","3,852","2,313","7,163",196,821,17,126,NA,NA,"745,504","2,368,364","12,308","38,003","315,943","1,016,363","175,831","1,292,431","158,264","29,520"
109,MYS,Malaysia,Asia,Asia 1,27915000,0.761,0,70.00%,0,0.999,0.001,NA,#VALUE!,NA,0,NA,NA,NA,NA,NA,NA,0,0,0,0,0,0,NA,0,0,NA,0,0,0,0,0,0,0,0,0,0,0,NA,NA,0,0,0,0,0,0,0,0,NA,NA
110,MDV,Maldives,Asia,Asia 1,313000,0.661,0,70.00%,0,0.995,0.001,NA,#VALUE!,NA,0,NA,NA,NA,NA,NA,NA,0,0,0,0,0,0,NA,0,0,NA,0,0,0,0,0,0,0,0,0,0,0,NA,NA,0,0,0,0,0,0,0,0,NA,NA
111,MNG,Mongolia,Asia,Eurasia,2699000,0.653,1,15.00%,0.545,0.994,105.48,2,0.065022,"1,551","2,830",293,110,48,52,NA,NA,50,110,48,"86,507","5,644","86,332","244,069","25,281",775,"2,287,675","1,040",1,14,"1,487","9,615","2,889","16,556",268,"1,978",84,848,NA,NA,"87,951","516,294","15,651","89,854","87,797","526,555","203,053","1,808,062","8,709,538","1,068,499"
112,MMR,Myanmar,Asia,Asia 2,50494000,0.483,1,0.60%,0.735,0.946,1188.26,"4,552",9.01517,"440,844","567,392","79,208","284,278","121,646","135,545",18376,7647,10073,302654,129293,"27,082,117","13,204,757","12,822,150","199,561,091","45,688","20,124","16,307,870",96,963,"7,210","102,928","477,549","139,056","588,854","19,269","98,971","56,565","450,593","4,123","19,407","6,594,789","28,240,622","1,951,235","8,143,622","3,124,169","13,535,451","44,080,751","309,848,066","133,496,341","3,443,795"
113,NPL,Nepal,Asia,Asia 3,29852000,0.458,1,0.17%,0.741,0.926,335,"1,044",3.49845,"74,086","92,585","13,032","65,220","28,282","31,097",NA,NA,1644,65220,28282,"6,956,172","775,641","712,613","36,645,093","40,462","60,000","9,659,573",368,265,"2,150","20,870","106,427","27,261","129,936","3,820","21,560","15,375","136,296",NA,NA,"2,040,460","9,928,289","187,467","879,819","211,388","1,038,952","9,779,542","75,541,198","80,760,748","1,995,673"
114,OMN,Oman,Asia,Middle East,2905000,0.705,1,15.00%,0.545,0.997,90.22,1,0.027935,"1,428","2,613",270,51,23,24,NA,NA,46,51,23,"881,885","3,368","667,830","945,505",204,757,"239,534","1,600",0,2,821,"2,843","1,579","4,892",146,608,21,140,NA,NA,"527,494","1,674,995","8,361","25,820","400,635","1,288,392","408,321","2,596,560","911,945","111,879"
115,PAK,Pakistan,Asia,Asia 3,184753000,0.504,1,5.09%,0.673,0.958,45.5,448,0.242232,"56,545","80,561","10,296","27,948","12,238","13,326",2609,1108,1430,30557,13345,"3,740,816","622,845","2,722,419","29,338,537","276,283","12,558","31,403,874","22,015",382,"5,278","55,620","541,337","86,490","779,214","10,215","107,554","23,358","337,407","2,717","26,619","4,009,859","37,300,663","1,089,084","9,744,188","2,943,926","27,716,992","25,586,511","325,470,293","205,102,412","8,381,606"
116,PHL,Philippines,Asia,Asia 4,93616000,0.644,1,10.00%,0.608,0.993,231.3963,168,0.179212,"131,627","215,171","24,841","10,477","4,683","4,996",NA,NA,3820,10477,4683,"9,976,336","589,505","4,733,431","21,031,584","4,744,000","69,923","1,705,617","2,893",129,"1,083","123,775","688,155","216,820","1,062,666","21,927","141,531","7,762","68,403",NA,NA,"10,025,787","50,222,637","1,018,957","5,003,437","4,757,073","24,335,867","17,205,291","132,191,562","8,588,356","596,146"
117,QAT,Qatar,Asia,Middle East,1509000,0.831,1,18.50%,0.503,0.999,90.22,0,0.004837,684,"1,361",130,5,2,2,NA,NA,24,5,2,"286,085","1,671","1,419,701","347,159","3,933",393,"13,189",252,0,0,391,"1,367",822,"2,546",70,292,1,16,NA,NA,"170,955","543,459","4,347","13,421","851,573","2,740,491","113,077","1,267,922","40,877","7,624"
118,KOR,Republic of Korea,Asia,Asia 1,48502000,0.897,0,70.00%,0,1,0.001,NA,#VALUE!,NA,0,NA,NA,NA,NA,NA,NA,0,0,0,0,0,0,NA,0,0,NA,0,0,0,0,0,0,0,0,0,0,0,NA,NA,0,0,0,0,0,0,0,0,NA,NA
119,RUS,Russian Federation,Asia,Eurasia,140367000,0.755,1,40.00%,0.28,0.998,284.97,33,0.023348,"111,945","399,387","21,237","2,047",906,976,NA,NA,7090,2047,906,"19,041,521","992,340","57,104,151","21,362,023","3,500,000","40,315","324,909","54,992",12,116,"54,342","272,038","207,745","888,855","10,125","57,152",713,"7,070",NA,NA,"9,746,070","43,133,120","1,155,420","4,913,845","29,387,365","131,737,450","7,827,926","75,661,570","225,122","887,955"
120,SAU,Saudi Arabia,Asia,Middle East,26245000,0.77,1,18.50%,0.503,0.999,90.22,3,0.010878,"11,902","23,648","2,258",178,81,85,NA,NA,420,178,81,"7,113,255","26,604","5,505,782","3,030,215","68,409","6,841","463,333","4,376",1,9,"6,794","23,780","14,287","44,237","1,213","5,071",65,550,NA,NA,"4,251,980","13,511,939","75,230","232,286","3,302,633","10,626,080","1,146,864","9,392,127","1,436,041","267,853"
121,SGP,Singapore,Asia,Asia 1,4839000,0.866,0,70.00%,0,1,0.001,NA,#VALUE!,NA,0,NA,NA,NA,NA,NA,NA,0,0,0,0,0,0,NA,0,0,NA,0,0,0,0,0,0,0,0,0,0,0,NA,NA,0,0,0,0,0,0,0,0,NA,NA
122,LKA,Sri Lanka,Asia,Asia 4,20411000,0.691,1,49.30%,0.203,0.996,1224.8,35,0.169987,"50,701","249,094","9,598","2,167",994,"1,033",NA,NA,4422,2167,994,"7,082,508","705,074","6,730,499","5,276,345","1,308,464","1,770","3,714","13,824",8,58,"14,243","60,003","75,885","260,186","2,691","13,147",500,"3,662",NA,NA,"2,116,410","7,440,176","365,454","1,237,695","2,023,785","7,118,030","1,217,739","9,051,780","1,129","23,851"
123,SYR,Syrian Arab Republic,Asia,Middle East,22505000,0.632,1,18.50%,0.503,0.992,90.22,15,0.067723,"10,206","20,144","1,924",952,436,454,NA,NA,358,952,436,"3,173,300","25,928","794,007","2,738,664","58,660","5,866","1,279,818",32,7,40,"5,826","20,392","12,168","37,721","1,034","4,309",426,"2,446",NA,NA,"1,900,777","6,025,386","64,403","199,034","476,388","1,532,128","1,303,175","6,898,375","3,966,627","739,863"
124,TJK,Tajikistan,Asia,Eurasia,7075000,0.607,1,14.71%,0.548,0.989,199.8,16,0.22742,"7,750","13,981","1,456","1,005",442,479,NA,NA,248,1005,442,"319,846","51,945","141,829","744,083","64,987","2,032","591,697",944,9,66,"5,019","25,821","9,411","43,813",895,"5,314",530,"4,228",NA,NA,"213,142","1,020,208","54,493","252,786","94,683","461,762","413,509","2,977,079","2,290,563","271,625"
125,THA,Thailand,Asia,Asia 4,68139000,0.682,1,49.50%,0.201,0.996,587.0353,62,0.0911,"80,513","398,377","15,235","3,877","1,777","1,848",NA,NA,7073,3877,1777,"24,748,647","1,029,887","21,791,869","19,349,750","5,195,112","50,894","18,521","4,480",25,176,"40,911","168,962","209,625","799,756","7,411","36,098","1,550","10,544",NA,NA,"12,846,290","50,455,321","983,775","3,730,965","11,357,645","45,181,198","7,914,504","53,647,112","5,523","121,340"
126,TLS,Timor-Leste,Asia,Indonesia,1170000,0.495,0,23.80%,0.442,0.953,105.4,0,0,0,0,0,0,0,0,NA,NA,0,0,0,0,0,0,0,"15,264",644,0,1,0,0,0,0,0,0,0,0,0,0,NA,NA,0,0,0,0,0,0,0,0,0,0
127,TUR,Turkey,Europe,EasternEurope,75705000,0.699,1,46.70%,0.223,0.997,235.45,24,0.032339,"39,778","177,670","7,533","1,529",704,729,NA,NA,3154,1529,704,"24,199,253","1,216,212","25,308,691","15,898,746","2,173,263","14,558","237,637","3,488",4,42,"7,789","47,183","37,344","185,033","1,591","10,231",259,"2,622",NA,NA,"4,921,945","25,352,595","243,487","1,180,426","5,205,734","26,702,026","2,667,683","27,484,121","92,262","1,184,056"
128,TKM,Turkmenistan,Asia,Eurasia,5177000,0.686,1,21.10%,0.472,0.996,290.12684,5,0.100221,"7,096","14,962","1,343",324,141,154,NA,NA,266,324,141,"909,883","64,137","807,371","1,276,356","20,816","1,487","672,319","1,468",2,16,"3,498","16,631","7,681","32,767",646,"3,485",129,969,NA,NA,"459,956","2,025,700","45,503","192,775","410,092","1,829,788","515,074","3,901,506","1,778,164","458,139"
129,ARE,United Arab Emirates,Asia,Middle East,4709000,0.846,1,18.50%,0.503,1,90.22,0,0.003962,"2,135","4,247",406,12,5,6,NA,NA,75,12,5,"1,890,352","7,568","3,473,808","695,825","12,274","1,227","120,112",785,0,1,"1,219","4,267","2,565","7,947",218,911,4,41,NA,NA,"1,129,556","3,591,022","13,852","42,770","2,083,660","6,705,789","218,317","2,625,795","372,271","69,437"
130,UZB,Uzbekistan,Asia,Eurasia,27793000,0.641,1,40.33%,0.277,0.993,195.2542,20,0.071695,"15,026","53,888","2,835","1,244",558,593,NA,NA,957,1244,558,"1,119,457","216,648","1,018,891","1,717,549","700,000","1,350,000","112,005","7,879",11,87,"9,406","52,549","36,884","172,682","1,704","10,869",633,"5,494",NA,NA,"757,844","3,652,486","215,890","1,006,950","691,627","3,391,758","909,685","7,120,849","75,516","314,891"
131,VNM,Viet Nam,Asia,Asia 2,89029000,0.593,1,25.00%,0.429,0.987,378.3,360,0.404757,"144,414","332,374","27,078","22,504","10,296","10,730",NA,NA,5901,22504,10296,"28,433,218","1,535,764","5,343,237","26,409,262","1,680,000","35,482","693,180",169,141,"1,301","63,100","452,576","179,392","981,002","11,759","94,086","8,737","88,647",NA,NA,"15,115,766","85,433,190","1,075,741","5,839,038","2,849,993","16,394,526","10,245,893","96,024,286","1,430,703","610,850"
132,YEM,Yemen,Asia,Middle East,24258000,0.462,1,18.50%,0.503,0.929,90.22,148,0.608476,"11,001","20,340","1,943","9,218","3,976","4,395",NA,NA,361,9218,3976,"3,721,642","61,297","357,150","11,815,455","63,230","6,323","1,078,180","6,880",67,399,"6,280","21,980","12,120","37,712","1,016","4,299","4,137","24,399",NA,NA,"2,238,178","7,054,631","69,471","214,195","214,511","689,956","5,633,545","31,028,971","3,341,678","623,297"
133,ALB,Albania,Europe,EasternEurope,3169000,0.739,1,46.70%,0.223,0.998,84.16,0,0.0068,595,"2,662",113,13,6,6,NA,NA,47,13,6,"466,251","14,161","134,080","49,479","90,972",609,"14,913",32,0,1,230,"1,730","1,072","6,996",45,358,4,53,NA,NA,"182,739","1,249,579","6,629","42,687","53,046","366,698","15,233","194,531","5,790","74,305"
134,AND,Andorra,Europe,EU,83365,0.838,0,70.00%,0,0.999,0.001,NA,#VALUE!,NA,0,NA,NA,NA,NA,NA,NA,0,0,0,0,0,0,NA,"3,962",47,NA,0,0,0,0,0,0,0,0,0,0,0,NA,NA,0,0,0,0,0,0,0,0,NA,NA
135,ARM,Armenia,Europe,EasternEurope,3091000,0.716,1,46.70%,0.223,0.997,84.16,0,0.009226,581,"2,595",110,18,8,8,NA,NA,46,18,8,"452,416","12,890","101,148","50,683","88,733",594,"10,961","1,060",0,1,224,"1,687","1,045","6,821",43,349,6,68,NA,NA,"177,364","1,212,449","6,385","41,120","40,018","276,584","16,089","193,986","4,255","54,612"
136,AUT,Austria,Europe,EU,8386000,0.885,0,70.00%,0,1,0.001,NA,#VALUE!,NA,0,NA,NA,NA,NA,NA,NA,0,0,0,0,0,0,NA,"398,547","4,743",NA,0,0,0,0,0,0,0,0,0,0,0,NA,NA,0,0,0,0,0,0,0,0,NA,NA
137,AZE,Azerbaijan,Europe,Eurasia,8932000,0.731,1,21.10%,0.472,0.998,290.12684,5,0.055183,"12,243","25,859","2,321",308,135,147,NA,NA,459,308,135,"1,069,346","163,055","2,128,337","1,849,387","35,915","2,565","512,358",496,2,16,"6,035","28,695","13,276","56,592","1,118","6,025",114,995,NA,NA,"540,248","2,380,991","84,098","356,195","1,080,975","4,825,236","723,172","6,081,884","1,355,095","349,137"
138,BLR,Belarus,Europe,EasternEurope,9592000,0.756,1,46.70%,0.223,0.998,84.16,1,0.005426,"1,801","8,060",342,33,15,15,NA,NA,143,33,15,"1,407,794","12,445","640,459","188,523","275,357","1,844","61,791","1,280",0,2,695,"5,235","3,246","21,184",135,"1,084",10,130,NA,NA,"551,679","3,773,058","17,574","113,172","253,380","1,751,730","56,940","756,067","23,990","307,879"
139,BEL,Belgium,Europe,EU,10700000,0.886,0,70.00%,0,1,0.001,NA,#VALUE!,NA,0,NA,NA,NA,NA,NA,NA,0,0,0,0,0,0,NA,"508,520","6,052",NA,0,0,0,0,0,0,0,0,0,0,0,NA,NA,0,0,0,0,0,0,0,0,NA,NA
140,BIH,Bosnia and Herzegovina,Europe,EasternEurope,3759000,0.733,1,46.70%,0.223,0.998,84.16,0,0.007363,706,"3,157",134,17,8,8,NA,NA,56,17,8,"491,329","20,231","186,771","74,649","107,910",723,"9,650",32,0,1,273,"2,052","1,271","8,297",53,425,6,68,NA,NA,"192,581","1,316,774","8,144","52,442","73,892","510,780","23,165","291,373","3,747","48,081"
141,BGR,Bulgaria,Europe,EasternEurope,7498000,0.771,1,46.70%,0.223,0.999,84.16,0,0.004446,"1,408","6,302",267,21,10,10,NA,NA,112,21,10,"1,064,738","24,262","546,875","131,863","215,245","1,442","14,504",48,0,1,544,"4,092","2,538","16,566",106,848,6,85,NA,NA,"417,201","2,853,700","14,936","96,184","216,352","1,495,876","39,846","539,799","5,631","72,267"
142,HRV,Croatia,Europe,EasternEurope,4410000,0.796,1,46.70%,0.223,0.999,39.68,0,0.001504,391,"1,748",74,4,2,2,NA,NA,31,4,2,"473,469","14,480","262,876","56,820","126,598",848,"9,173","13,008",0,1,244,"2,328","1,144","9,550",46,485,2,36,NA,NA,"303,316","2,643,734","7,058","58,381","169,689","1,502,405","27,272","481,212","3,561","45,706"
143,CYP,Cyprus,Europe,EasternEurope,880000,0.84,0,46.70%,0.223,1,84.16,0,0,0,0,0,0,0,0,NA,NA,0,0,0,0,0,0,0,"25,262",169,0,302,0,0,0,0,0,0,0,0,0,0,NA,NA,0,0,0,0,0,0,0,0,0,0
144,CZE,Czech Republic,Europe,EasternEurope,10410000,0.865,1,46.70%,0.223,1,84.16,0,0.001275,"1,955","8,758",371,8,4,4,NA,NA,155,8,4,"2,710,980","69,676","2,194,075","151,552","298,840","2,002","22,060","3,569",0,1,755,"5,682","3,526","23,031",147,"1,178",2,41,NA,NA,"1,061,818","7,266,473","23,716","152,699","867,965","6,002,921","40,733","780,893","8,565","109,915"
145,DNK,Denmark,Europe,EU,5479000,0.895,0,70.00%,0,1,0.001,NA,#VALUE!,NA,0,NA,NA,NA,NA,NA,NA,0,0,0,0,0,0,NA,"260,391","3,099",NA,0,0,0,0,0,0,0,0,0,0,0,NA,NA,0,0,0,0,0,0,0,0,NA,NA
146,EST,Estonia,Europe,EasternEurope,1338000,0.835,1,46.70%,0.223,0.999,84.16,0,0.001899,251,"1,125",48,2,1,1,NA,NA,20,2,1,"380,996","3,795","228,730","23,546","38,410",257,"3,921",459,0,0,97,730,453,"2,959",19,151,0,7,NA,NA,"149,240","1,021,197","2,624","16,895","90,486","625,763","6,580","111,209","1,522","19,538"
147,FIN,Finland,Europe,EU,5346000,0.882,0,70.00%,0,1,0.001,NA,#VALUE!,NA,0,NA,NA,NA,NA,NA,NA,0,0,0,0,0,0,NA,"254,070","3,024",NA,0,0,0,0,0,0,0,0,0,0,0,NA,NA,0,0,0,0,0,0,0,0,NA,NA
148,FRA,France,Europe,EU,62634000,0.884,0,70.00%,0,1,0.001,NA,#VALUE!,NA,0,NA,NA,NA,NA,NA,NA,0,0,0,0,0,0,NA,"2,976,696","35,426",NA,0,0,0,0,0,0,0,0,0,0,0,NA,NA,0,0,0,0,0,0,0,0,NA,NA
149,GEO,Georgia,Europe,Eurasia,4218000,0.733,1,21.10%,0.472,0.998,665.13,5,0.123195,"13,254","27,997","2,513",325,147,155,NA,NA,497,325,147,"1,115,129","170,681","1,121,357","862,555","16,960","1,211","184,051","1,904",1,9,"3,654","14,963","7,882","29,227",686,"3,316",69,562,NA,NA,"307,027","1,170,768","52,933","193,434","311,086","1,185,056","190,828","1,619,162","486,781","125,418"
150,DEU,Germany,Europe,EU,82056000,0.905,0,70.00%,0,1,0.001,NA,#VALUE!,NA,0,NA,NA,NA,NA,NA,NA,0,0,0,0,0,0,NA,"3,899,732","46,411",NA,0,0,0,0,0,0,0,0,0,0,0,NA,NA,0,0,0,0,0,0,0,0,NA,NA
151,GRC,Greece,Europe,EasternEurope,11183000,0.861,0,46.70%,0.223,1,84.16,0,0,0,0,0,0,0,0,NA,NA,0,0,0,0,0,0,0,"321,030","2,150",0,"3,834",0,0,0,0,0,0,0,0,0,0,NA,NA,0,0,0,0,0,0,0,0,0,0
152,HUN,Hungary,Europe,EasternEurope,9972000,0.816,1,46.70%,0.223,0.999,84.16,0,0.002445,"1,873","8,387",356,15,7,7,NA,NA,149,15,7,"3,027,410","27,238","1,479,652","196,103","286,266","1,918","13,842","3,419",0,1,723,"5,443","3,377","22,050",141,"1,128",4,68,NA,NA,"1,185,948","8,114,368","19,464","125,341","585,358","4,047,898","55,354","879,048","5,374","68,970"
153,ISL,Iceland,Europe,EU,330000,0.898,0,70.00%,0,1,0.001,NA,#VALUE!,NA,0,NA,NA,NA,NA,NA,NA,0,0,0,0,0,0,NA,"15,683",187,NA,0,0,0,0,0,0,0,0,0,0,0,NA,NA,0,0,0,0,0,0,0,0,NA,NA
154,IRL,Ireland,Europe,EU,4589000,0.908,0,70.00%,0,1,0.001,NA,#VALUE!,NA,0,NA,NA,NA,NA,NA,NA,0,0,0,0,0,0,NA,"218,093","2,596",NA,0,0,0,0,0,0,0,0,0,0,0,NA,NA,0,0,0,0,0,0,0,0,NA,NA
155,ITA,Italy,Europe,EU,60098000,0.874,0,70.00%,0,1,0.001,NA,#VALUE!,NA,0,NA,NA,NA,NA,NA,NA,0,0,0,0,0,0,NA,"2,856,172","33,991",NA,0,0,0,0,0,0,0,0,0,0,0,NA,NA,0,0,0,0,0,0,0,0,NA,NA
156,LVA,Latvia,Europe,EasternEurope,2242000,0.805,1,46.70%,0.223,0.999,84.16,0,0.00283,421,"1,885",80,4,2,2,NA,NA,33,4,2,"552,870","5,833","276,209","42,374","64,361",431,"5,939","1,040",0,0,163,"1,224",759,"4,957",32,254,1,17,NA,NA,"216,590","1,481,847","4,352","28,023","109,271","755,605","12,215","185,157","2,306","29,591"
157,LTU,Lithuania,Europe,EasternEurope,3254000,0.81,1,46.70%,0.223,0.999,84.16,0,0.002648,611,"2,737",116,5,2,3,NA,NA,49,5,2,"753,647","8,149","413,998","59,426","93,413",626,"13,064","1,008",0,0,236,"1,776","1,102","7,195",46,368,1,24,NA,NA,"295,238","2,019,991","6,290","40,507","163,780","1,132,557","17,054","261,656","5,072","65,094"
158,LUX,Luxembourg,Europe,EU,492000,0.867,0,70.00%,0,1,0.001,NA,#VALUE!,NA,0,NA,NA,NA,NA,NA,NA,0,0,0,0,0,0,NA,"23,382",278,NA,0,0,0,0,0,0,0,0,0,0,0,NA,NA,0,0,0,0,0,0,0,0,NA,NA
159,MLT,Malta,Europe,EasternEurope,408000,0.832,0,46.70%,0.223,0.999,84.16,0,0,0,0,0,0,0,0,NA,NA,0,0,0,0,0,0,0,"11,712",78,0,140,0,0,0,0,0,0,0,0,0,0,NA,NA,0,0,0,0,0,0,0,0,0,0
160,MCO,Monaco,Europe,EU,33105,0.946,0,70.00%,0,1,0.001,NA,#VALUE!,NA,0,NA,NA,NA,NA,NA,NA,0,0,0,0,0,0,NA,"1,573",19,NA,0,0,0,0,0,0,0,0,0,0,0,NA,NA,0,0,0,0,0,0,0,0,NA,NA
161,NLD,Netherlands,Europe,EU,16653000,0.91,0,70.00%,0,1,0.001,NA,#VALUE!,NA,0,NA,NA,NA,NA,NA,NA,0,0,0,0,0,0,NA,"791,438","9,419",NA,0,0,0,0,0,0,0,0,0,0,0,NA,NA,0,0,0,0,0,0,0,0,NA,NA
162,NOR,Norway,Europe,EU,4857000,0.943,0,70.00%,0,1,0.001,NA,#VALUE!,NA,0,NA,NA,NA,NA,NA,NA,0,0,0,0,0,0,NA,"230,830","2,747",NA,0,0,0,0,0,0,0,0,0,0,0,NA,NA,0,0,0,0,0,0,0,0,NA,NA
163,POL,Poland,Europe,EasternEurope,38038000,0.813,1,62.40%,0.115,0.999,84.16,0,0.001306,"3,666","31,990",696,31,14,15,NA,NA,568,31,14,"8,177,410","191,823","5,390,143","381,505","3,649,651","7,315","3,858",112,0,2,"1,357","10,967","12,881","84,107",263,"2,327",8,139,NA,NA,"3,203,430","21,917,871","81,467","524,614","2,132,373","14,745,735","108,069","1,766,434",272,"112,834"
164,PRT,Portugal,Europe,EU,10733000,0.809,0,70.00%,0,0.999,0.001,NA,#VALUE!,NA,0,NA,NA,NA,NA,NA,NA,0,0,0,0,0,0,NA,"510,088","6,071",NA,0,0,0,0,0,0,0,0,0,0,0,NA,NA,0,0,0,0,0,0,0,0,NA,NA
165,MDA,Moldova,Europe,EasternEurope,3707000,0.649,1,46.70%,0.223,0.994,84.16,1,0.022408,696,"3,100",131,52,23,25,NA,NA,55,52,23,"541,183","8,945","69,241","84,576","106,417",713,0,448,0,3,269,"2,023","1,248","8,157",52,417,17,192,NA,NA,"212,410","1,450,006","7,094","45,710","27,398","189,273","29,047","292,922",0,0
166,ROU,Romania,Europe,EasternEurope,21190000,0.781,1,46.70%,0.223,0.999,84.16,1,0.003893,"3,980","17,814",755,52,24,25,NA,NA,316,52,24,"2,714,825","97,866","1,840,521","388,525","608,301","4,075","63,774","7,744",0,4,"1,536","11,565","7,173","46,828",299,"2,397",15,214,NA,NA,"1,063,688","7,276,344","44,625","287,373","728,136","5,034,616","114,578","1,654,439","24,760","317,763"
167,SMR,San Marino,Europe,EU,29198,0.944,0,70.00%,0,1,0.001,NA,#VALUE!,NA,0,NA,NA,NA,NA,NA,NA,0,0,0,0,0,0,NA,"1,388",17,NA,0,0,0,0,0,0,0,0,0,0,0,NA,NA,0,0,0,0,0,0,0,0,NA,NA
168,SRB,Serbia and Montenegro,Europe,EasternEurope,10525000,0.766,1,46.70%,0.223,0.999,15.29,0,0.000863,359,"1,607",68,6,3,3,NA,NA,29,6,3,"197,088","7,572","115,212","29,690","302,141","2,024","20,635","2,928",0,2,395,"5,481","1,830","22,538",75,"1,135",5,119,NA,NA,"221,204","2,829,744","10,998","134,938","129,937","1,695,524","26,972","604,412","8,011","102,814"
169,SVK,Slovakia,Europe,EasternEurope,5411000,0.834,1,46.70%,0.223,0.999,84.16,0,0.001925,"1,016","4,551",193,7,3,3,NA,NA,81,7,3,"966,120","35,242","1,004,059","104,742","155,334","1,041","8,650",256,0,0,392,"2,953","1,833","11,968",76,612,2,30,NA,NA,"378,439","2,589,522","12,245","78,851","397,207","2,746,912","29,281","493,183","3,358","43,100"
170,SVN,Slovenia,Europe,EasternEurope,2025000,0.884,1,46.70%,0.223,1,84.16,0,0.00099,380,"1,704",72,1,1,1,NA,NA,30,1,1,"320,731","21,599","553,274","29,683","58,132",389,"7,354",32,0,0,147,"1,105",686,"4,481",29,229,0,6,NA,NA,"125,616","859,692","5,275","33,960","218,871","1,513,782","7,675","161,991","2,855","36,643"
171,ESP,Spain,Europe,EU,45317000,0.878,0,70.00%,0,1,0.001,NA,#VALUE!,NA,0,NA,NA,NA,NA,NA,NA,0,0,0,0,0,0,NA,"2,153,702","25,631",NA,0,0,0,0,0,0,0,0,0,0,0,NA,NA,0,0,0,0,0,0,0,0,NA,NA
172,SWE,Sweden,Europe,EU,9294000,0.904,0,70.00%,0,1,0.001,NA,#VALUE!,NA,0,NA,NA,NA,NA,NA,NA,0,0,0,0,0,0,NA,"441,700","5,257",NA,0,0,0,0,0,0,0,0,0,0,0,NA,NA,0,0,0,0,0,0,0,0,NA,NA
173,CHE,Switzerland,Europe,EU,7597000,0.903,0,70.00%,0,1,0.001,NA,#VALUE!,NA,0,NA,NA,NA,NA,NA,NA,0,0,0,0,0,0,NA,"361,049","4,297",NA,0,0,0,0,0,0,0,0,0,0,0,NA,NA,0,0,0,0,0,0,0,0,NA,NA
174,MKD,The former Yugoslav Republic of Macedonia,Europe,EasternEurope,2041000,0.728,1,46.70%,0.223,0.998,84.16,0,0.007868,383,"1,714",73,10,5,5,NA,NA,30,10,5,"299,788","6,830","104,036","44,440","58,591",392,"5,994",700,0,1,148,"1,114",690,"4,505",29,231,3,39,NA,NA,"117,511","803,434","4,080","26,273","41,160","284,505","13,865","173,150","2,327","29,866"
175,UKR,Ukraine,Europe,EasternEurope,45436000,0.729,1,46.70%,0.223,0.998,46.22,2,0.004264,"4,686","20,955",888,121,54,58,NA,NA,372,121,54,"1,890,313","41,408","1,033,261","362,951","1,304,331","8,737","98,813","17,488",1,13,"2,663","24,108","12,437","98,503",509,"5,018",55,829,NA,NA,"1,096,949","9,083,624","80,004","627,869","604,191","5,078,975","161,250","2,386,399","38,364","492,349"
176,GBR,United Kingdom,Europe,EU,61899000,0.863,0,70.00%,0,1,0.001,NA,#VALUE!,NA,0,NA,NA,NA,NA,NA,NA,0,0,0,0,0,0,NA,"2,941,765","35,010",NA,0,0,0,0,0,0,0,0,0,0,0,NA,NA,0,0,0,0,0,0,0,0,NA,NA
177,AUS,Australia,Oceania,Oceania,21511000,0.929,0,70.00%,0,1,0.001,NA,#VALUE!,NA,0,NA,NA,NA,NA,NA,NA,0,0,0,0,0,0,NA,0,"809,576",NA,0,0,0,0,0,0,0,0,0,0,0,NA,NA,0,0,0,0,0,0,0,0,NA,NA
178,COK,Cook Islands,Oceania,Oceania,18027,0.908,0,70.00%,0,1,0.001,NA,#VALUE!,NA,0,NA,NA,NA,NA,NA,NA,0,0,0,0,0,0,NA,0,678,NA,0,0,0,0,0,0,0,0,0,0,0,NA,NA,0,0,0,0,0,0,0,0,NA,NA
179,FJI,Fiji,Oceania,Oceania,854000,0.688,0,70.00%,0,0.996,0.001,NA,#VALUE!,NA,0,NA,NA,NA,NA,NA,NA,0,0,0,0,0,0,NA,0,"32,141",NA,0,0,0,0,0,0,0,0,0,0,0,NA,NA,0,0,0,0,0,0,0,0,NA,NA
180,KIR,Kiribati,Oceania,Oceania,100059,0.624,0,70.00%,0,0.991,0.001,NA,#VALUE!,NA,0,NA,NA,NA,NA,NA,NA,0,0,0,0,0,0,NA,0,"3,766",NA,0,0,0,0,0,0,0,0,0,0,0,NA,NA,0,0,0,0,0,0,0,0,NA,NA
181,MHL,Marshall Islands,Oceania,Oceania,63391,0.563,0,70.00%,0,0.981,0.001,NA,#VALUE!,NA,0,NA,NA,NA,NA,NA,NA,0,0,0,0,0,0,NA,0,"2,386",NA,0,0,0,0,0,0,0,0,0,0,0,NA,NA,0,0,0,0,0,0,0,0,NA,NA
182,FSM,Micronesia (Federated States of),Oceania,Oceania,113000,0.636,0,70.00%,0,0.993,0.001,NA,#VALUE!,NA,0,NA,NA,NA,NA,NA,NA,0,0,0,0,0,0,NA,0,"4,253",NA,0,0,0,0,0,0,0,0,0,0,0,NA,NA,0,0,0,0,0,0,0,0,NA,NA
183,NRU,Nauru,Oceania,Oceania,10300,0.663,0,70.00%,0,0.995,0.001,NA,#VALUE!,NA,0,NA,NA,NA,NA,NA,NA,0,0,0,0,0,0,NA,0,388,NA,0,0,0,0,0,0,0,0,0,0,0,NA,NA,0,0,0,0,0,0,0,0,NA,NA
184,NZL,New Zealand,Oceania,Oceania,4304000,0.908,0,70.00%,0,1,0.001,NA,#VALUE!,NA,0,NA,NA,NA,NA,NA,NA,0,0,0,0,0,0,NA,0,"161,983",NA,0,0,0,0,0,0,0,0,0,0,0,NA,NA,0,0,0,0,0,0,0,0,NA,NA
185,NIU,Niue,Oceania,Oceania,1591,0.908,0,70.00%,0,1,0.001,NA,#VALUE!,NA,0,NA,NA,NA,NA,NA,NA,0,0,0,0,0,0,NA,0,60,NA,0,0,0,0,0,0,0,0,0,0,0,NA,NA,0,0,0,0,0,0,0,0,NA,NA
186,PLW,Palau,Oceania,Oceania,20318,0.782,0,70.00%,0,0.999,0.001,NA,#VALUE!,NA,0,NA,NA,NA,NA,NA,NA,0,0,0,0,0,0,NA,0,765,NA,0,0,0,0,0,0,0,0,0,0,0,NA,NA,0,0,0,0,0,0,0,0,NA,NA
187,PNG,Papua New Guinea,Oceania,Oceania,6890000,0.466,0,70.00%,0,0.933,0.001,NA,#VALUE!,NA,0,NA,NA,NA,NA,NA,NA,0,0,0,0,0,0,NA,0,"259,308",NA,0,0,0,0,0,0,0,0,0,0,0,NA,NA,0,0,0,0,0,0,0,0,NA,NA
188,WSM,Samoa,Oceania,Oceania,181000,0.688,0,70.00%,0,0.996,0.001,NA,#VALUE!,NA,0,NA,NA,NA,NA,NA,NA,0,0,0,0,0,0,NA,0,"6,812",NA,0,0,0,0,0,0,0,0,0,0,0,NA,NA,0,0,0,0,0,0,0,0,NA,NA
189,SLB,Solomon Islands,Oceania,Oceania,534000,0.51,0,70.00%,0,0.961,0.001,NA,#VALUE!,NA,0,NA,NA,NA,NA,NA,NA,0,0,0,0,0,0,NA,0,"20,097",NA,0,0,0,0,0,0,0,0,0,0,0,NA,NA,0,0,0,0,0,0,0,0,NA,NA
190,TON,Tonga,Oceania,Oceania,104000,0.704,0,70.00%,0,0.997,0.001,NA,#VALUE!,NA,0,NA,NA,NA,NA,NA,NA,0,0,0,0,0,0,NA,0,"3,914",NA,0,0,0,0,0,0,0,0,0,0,0,NA,NA,0,0,0,0,0,0,0,0,NA,NA
191,TUV,Tuvalu,Oceania,Oceania,9885,0.583,0,70.00%,0,0.985,0.001,NA,#VALUE!,NA,0,NA,NA,NA,NA,NA,NA,0,0,0,0,0,0,NA,0,372,NA,0,0,0,0,0,0,0,0,0,0,0,NA,NA,0,0,0,0,0,0,0,0,NA,NA
192,VUT,Vanuatu,Oceania,Oceania,246000,0.617,0,70.00%,0,0.99,0.001,NA,#VALUE!,NA,0,NA,NA,NA,NA,NA,NA,0,0,0,0,0,0,NA,0,"9,258",NA,0,0,0,0,0,0,0,0,0,0,0,NA,NA,0,0,0,0,0,0,0,0,NA,NA
