"year","cluster","scenario","total_deaths_lci","total_deaths_uci","total_deaths","U5_deaths_lci","U5_deaths_uci","U5_deaths","total_vials_lci","total_vials_uci","total_vials","total_cost_lci","total_cost_uci","total_cost","total_deaths_averted_lci","total_deaths_averted_uci","total_deaths_averted","U5_deaths_averted_lci","U5_deaths_averted_uci","U5_deaths_averted","total_YLL_lci","total_YLL_uci","total_YLL","total_YLL_averted_lci","total_YLL_averted_uci","total_YLL_averted","U5_YLL_averted_lci","U5_YLL_averted_uci","U5_YLL_averted","vaccinated_lci","vaccinated_uci","vaccinated","fully_vaccinated_lci","fully_vaccinated_uci","fully_vaccinated","RIG_lci","RIG_uci","RIG","cost_per_death_averted_lci","cost_per_death_averted_uci","cost_per_death_averted","cost_per_YLL_averted_lci","cost_per_YLL_averted_uci","cost_per_YLL_averted","deaths_averted_per_100k_vaccinated_lci","deaths_averted_per_100k_vaccinated_uci","deaths_averted_per_100k_vaccinated"
2020,"americas","a1",1309.08732222104,2562.42163329935,1898.69983298045,129.242102244731,252.979883849999,187.452703712517,16854.0600609771,27693.2411248483,22194.5120735553,1194803.17569053,1623526.53560779,1306373.92878011,412.601930499058,823.743861935852,599.485755169652,40.7348997906868,81.3256584344238,59.185356048245,35850.8677061405,70174.8748333353,51998.0870415605,11299.580230082,22559.176700224,16417.6095326007,1274.47602578048,2544.44229611638,1851.73690737827,5108.03427347614,8365.49962872491,6705.2928567412,3321.86767179283,5502.36081679355,4391.96318003646,0,0,0,1450.45472373252,3934.8495864866,2179.15758216876,52.9630664969554,143.680252058001,79.5715068132193,4.93218515104934e-07,1.61264356860956e-06,8.94048579201065e-07
2020,"americas","a3_1",1321.52250318637,2558.23177993627,1887.85888961705,130.469788818783,252.566232714929,186.382411237127,17395.3157362684,27162.5112226976,22169.6817835893,1208973.3097963,1597281.69482029,1305753.54756272,417.371942152315,806.508406109951,595.885959834837,41.2058281415571,79.6240557175736,58.8299594991952,36191.4194937276,70060.1308616548,51701.1952913054,11430.2125063518,22087.1638434949,16319.0249812672,1289.20999827406,2491.20411757237,1840.61758748951,5255.69996261659,8206.69261668306,6698.19378318609,3441.9579055176,5374.56299466573,4386.64710860857,0,0,0,1499.02133770381,3826.99825623972,2191.2809422874,54.7364667715077,139.742082129503,80.0141889029283,5.08575088219895e-07,1.53454042629257e-06,8.89621857956155e-07
2020,"asia","a1",18948.7081005145,36819.5956752666,27029.1275819688,1870.7467623911,3635.08367096459,2668.5013377166,2935364.13741224,4125678.69623753,3523892.29907245,45352225.5694202,57007542.6445098,48491318.0431289,22930.7115469221,44950.6764662824,32923.2478008769,2263.87752442944,4437.83987913691,3250.40941599699,518932.248279089,1008347.13707867,740223.864905735,627984.010021267,1231026.17215791,901641.152068556,70830.1148404506,138847.046666988,101695.816018833,1195436.05839498,1672980.03875262,1431184.41237758,896778.299612854,1261756.16860474,1075466.63210639,0,0,0,1008.9331047874,2486.0782243001,1472.85949236871,36.8409921699071,90.7786531739545,53.7811721790643,1.3706506363351e-07,3.76019078148222e-07,2.30041967451159e-07
2020,"asia","a3_1",18367.1675438099,36479.2594808317,26860.1321140344,1813.33307973351,3601.48334156554,2651.81694304336,2929348.13140029,4090590.40082071,3514461.92591595,45387539.0178367,56608857.9663175,48389532.7987701,22206.7417285387,44332.7010409993,32657.340143897,2192.40224565976,4376.82909571289,3224.15718361516,503006.088724813,999026.637464023,735595.72890517,608157.260696353,1214102.20166228,894358.963882468,68593.8621505948,136938.197469185,100874.460351684,1194506.53986965,1656640.83651245,1427469.80218152,897416.256172779,1244613.81366571,1072402.89719751,0,0,0,1023.79367717437,2549.17442001711,1481.73527254678,37.3836230225879,93.0825982435846,54.1052695314956,1.34046808693236e-07,3.71138202774823e-07,2.287778003709e-07
2020,"east africa","a1",12521.7538990832,24216.5706492001,17951.1016911629,1236.23364938173,2390.82637707509,1772.25619772911,399781.293907363,637408.90184163,511643.041509389,9021328.45245052,11993576.0448584,9767878.27421327,7232.18697884598,14131.4095084337,10417.1263003072,714.011229890437,1395.14991975667,1028.45034059023,342922.687329395,663198.746106474,491611.644987493,198061.790228612,387004.96459518,285285.030670712,22339.3257209252,43650.1656868187,32177.2070024263,88144.6975774874,136366.174119925,111450.814140314,38386.5297159846,61288.6887296607,49330.1396173313,0,0,0,638.388438680978,1658.36089137897,937.674939577647,23.3106271954085,60.5547189642932,34.2390144034152,5.30350508512891e-07,1.60320585319507e-06,9.34683732968721e-07
2020,"east africa","a3_1",12429.9464902425,23989.1929355564,17883.9689789105,1227.16979067742,2368.37808564633,1765.62839474484,388816.262358037,609407.823645267,507595.398437465,9041297.57249998,11709893.8554553,9752612.77282142,7182.44841373462,13891.0659722517,10370.0840889748,709.100696720868,1371.42155316887,1023.8060100069,340408.435443427,656971.744902816,489773.138155395,196699.642198124,380422.879371814,283996.725401495,22185.6894819612,42907.7744080266,32031.8994647946,87644.0048045579,132636.799004508,111067.997851873,38538.1498888948,58795.2818138427,49153.9159104379,0,0,0,650.871401126491,1630.34848020114,940.456479344287,23.7664400927456,59.5318513272161,34.3405817761943,5.41512496354087e-07,1.58494194819465e-06,9.33669849960285e-07
2020,"west africa","a1",8256.08796749562,16033.2921177684,11798.982377415,815.097776232526,1582.91684903688,1164.87667470373,145800.428429386,237613.91559616,190602.664218631,5294444.63735683,7175238.1237162,5781791.08207501,4498.50499055895,8791.76152581691,6427.77288507378,444.123346143049,867.983153410344,634.593939088155,226102.500932299,439090.215641827,323128.754743501,123196.752847867,240772.539780794,176031.981546443,13895.3221944131,27156.6574482096,19854.5906735817,50855.0772067321,82381.5826518866,66395.6546418467,21921.7397063847,36525.307738505,28905.6774674686,0,0,0,602.205214712632,1595.02726767558,899.501458040181,21.9894039502056,58.2421042588414,32.8451172979017,5.46057121719539e-07,1.72878737162807e-06,9.68101439732262e-07
2020,"west africa","a3_1",8298.08978363171,15981.0729487738,11895.9704185505,819.244484342352,1577.76141359436,1174.45200105222,149568.038542715,235634.573915853,191980.372799333,5367647.99171872,7146733.13871981,5827029.27107732,4520.39210927775,8691.37749802128,6476.52657944294,446.284193007335,858.072551906626,639.407239045699,227252.769159752,437660.133410053,325784.884226082,123796.156863426,238023.407282738,177367.157754589,13962.9287808553,26846.5836765186,20005.1847693644,52109.4617514618,82086.6950942824,66888.8663190676,22674.5575198958,35730.5918636441,29101.320080599,0,0,0,617.583115327892,1580.99849879211,899.7151790549,22.5509249405153,57.7298465460783,32.8529212783564,5.50685114571339e-07,1.66790774763231e-06,9.68251808686541e-07
2021,"americas","a1",1337.51820740687,2611.3212528943,1922.47412158316,132.048994732133,257.807590549271,189.799864964659,17190.2390326378,28156.6142683484,22442.0881160066,1169535.14009907,1608949.10619105,1283099.08073824,416.226008112519,833.844798707502,606.687722260434,41.092693653259,82.3228923705025,59.896383762982,35546.9155741116,69400.4878583906,51093.1551547415,11061.9434473421,22160.9025562603,16123.8008750945,1247.673049362,2499.5210833072,1818.59832324206,5178.33294030354,8485.50971019293,6780.03476943951,3376.63884845804,5599.02147348295,4441.00928856381,0,0,0,1402.5813219821,3865.5660021997,2114.92508198055,52.7747070377636,145.449044632174,79.5779537764058,4.90513855181312e-07,1.61025721659879e-06,8.94815060528941e-07
2021,"americas","a3_1",1140.55829801966,2216.67412206605,1629.19540364157,112.603758104261,218.845312046293,160.8453732306,11224.0010604545,16317.2732665656,13775.249655749,788167.678371751,844041.449908213,802762.140903632,617.365416441967,1199.11509147427,881.267502530288,60.9505591565732,118.384887413454,87.0047877888979,30312.3570972996,58912.0412986126,43298.7537263189,16407.5795118975,31868.6076079057,23421.2449125359,1850.60562456386,3594.45001887353,2641.6746929672,10070.3962200353,14608.6537875671,12342.9615886278,7602.14210650463,11028.0727442344,9317.70170325509,0,0,0,657.291100725558,1367.16671752143,910.917670966815,24.7317889776969,51.4421672798343,34.2749560880073,4.22602537796731e-07,1.19073278277632e-06,7.1398383297429e-07
2021,"asia","a1",18571.0388960986,37117.3303060473,27187.8551790621,1833.4606615304,3664.47808105472,2684.17201757452,2927317.17398978,4146311.40427616,3544766.61678812,44406809.1951974,55746027.9699334,47362846.5308087,23134.4401223029,44937.5457629918,32990.2623489552,2283.99101030819,4436.54352581623,3257.02555300145,493558.2544652,986458.800649519,722565.410578595,614838.725430285,1194294.87875295,876774.659209832,69347.4624124722,134704.135878505,98891.1322740944,1192984.94161275,1679352.90400447,1440551.62292599,895468.358448299,1262803.29036273,1082664.443946,0,0,0,988.189462535546,2409.65537420511,1435.66140910997,37.1824496489225,90.6677241758324,54.0194062787958,1.37758061853099e-07,3.76681584113229e-07,2.2901131638689e-07
2021,"asia","a3_1",18223.937258969,36162.6765724465,26455.6428578044,1799.19240110671,3570.22809990219,2611.88298224243,2967210.58057151,4101838.46882364,3545936.95785605,42773692.1375636,53114519.4194223,45595224.6845352,23026.4554481654,45846.4100919592,33506.1936900625,2273.33002073259,4526.27286207755,3307.96184274071,484333.413620152,961087.186653618,703105.571137208,611968.841436477,1218449.55821167,890486.448494505,69023.7691183494,137428.534418427,100437.680584566,1386911.07935551,1901982.03827028,1649263.62899366,1043420.91136442,1431111.05968932,1240852.4690786,0,0,0,932.978003114479,2306.67371011522,1360.79988990388,35.1050167397515,86.7928492809314,51.2026036573835,1.21065577827992e-07,3.30564884615846e-07,2.03158507233359e-07
2021,"east africa","a1",12785.5389696929,24815.8345721495,18381.6260071105,1262.27632544136,2449.98983232116,1814.76051865258,406903.39405625,638423.813028957,522912.035567545,8962972.00837644,11813041.718704,9704946.21442183,7434.26702024225,14439.1024644752,10654.6658759155,733.961961158268,1425.52748419387,1051.90188090906,339798.345778282,659524.761272261,488524.271423906,197578.814748474,383744.724691072,283166.618790054,22284.8510716071,43282.4442749192,31938.2720066429,90629.0298972623,137817.959834595,114134.695366725,39307.6679131016,61749.9187625507,50496.0439730001,0,0,0,620.743015739948,1588.99884636093,910.863496560647,23.3565999261408,59.7890099388565,34.2729176761379,5.39426576127281e-07,1.59320942537324e-06,9.33516827786779e-07
2021,"east africa","a3_1",11575.7232088578,22324.2773328625,16648.7275557551,1142.83499436663,2204.00616873927,1643.67686744907,247859.047358898,368060.417061773,308515.415667789,8289347.41607195,10637713.7393253,8900465.67656497,8616.93374180554,16657.0350916121,12411.2299369284,850.722952388702,1644.49704451473,1225.32196383192,307645.348927486,593307.214219415,442469.425510245,229010.277790183,442690.212991196,329850.420200427,25829.9956952293,49930.8869725012,37203.7229772394,120790.578217981,176809.421632883,149019.232196734,59716.7592098083,87639.7755258601,73828.0085590069,0,0,0,497.64843325846,1234.51265358068,717.130028352995,18.7249394109303,46.4508136576798,26.9833389060313,4.87357159037442e-07,1.37900118844969e-06,8.32860950494172e-07
2021,"west africa","a1",8294.08683416474,16263.6242943499,12083.2640569581,818.849285645131,1605.65682536291,1192.94291693994,150931.497829043,244796.923277514,195342.965727919,5246959.30802116,7203674.98964461,5751646.91150722,4534.60440215017,8974.82834488576,6584.50406433264,447.68732828897,886.056768627678,650.067518849315,220430.049344904,432234.624185915,321134.145998004,120515.144356605,238521.960823484,174994.858967947,13592.864433766,26902.8153702905,19737.6139509801,52369.4256747143,85332.6369913133,68041.409662508,22388.3214438956,37487.7319569573,29630.0732014515,0,0,0,584.630603103523,1588.60053728807,873.512546322678,21.9978038496176,59.7740228259519,32.8675193398723,5.31403289764944e-07,1.71375344091641e-06,9.67720112941872e-07
2021,"west africa","a3_1",7861.42147654134,15655.6995802601,11748.2634002486,776.133586364778,1545.63831726049,1159.86934851439,138396.832096176,224064.949727936,183207.594599531,5220375.9240184,6769672.18772403,5620608.70534482,4641.8265954199,9188.2212744152,6910.58602428455,458.273040510184,907.124386003847,682.260572202521,208931.201064476,416077.948061808,312230.910142687,123364.764070732,244193.255919198,183661.064658802,13914.2721262905,27542.4789230455,20715.0725080752,57395.4797820185,91585.0158835364,75240.3073415791,26746.481858191,42423.6169122694,34919.5447558238,0,0,0,568.159578236829,1458.40695436656,813.333150849058,21.3780511847788,54.8752493365333,30.6031586813817,5.06832537030147e-07,1.6008614806098e-06,9.18468606582319e-07
2022,"americas","a1",1342.97085498034,2640.09166467645,1940.85766127672,132.587317595118,260.648003436979,191.614814415597,17301.1969520819,28048.117691823,22621.3602127206,1153620.07900303,1547926.6913063,1256414.21030206,412.863100461146,841.577260070053,611.931701276051,40.7606842852507,83.0862941276341,60.414105431049,34636.9763690433,68091.4200500983,50057.2597685319,10648.2798202884,21705.3792058632,15782.5196265166,1201.01606169676,2448.14275088748,1780.10532080264,5224.19712174334,8453.57615185866,6834.52568450264,3427.10996388963,5565.10096655227,4476.15442185764,0,0,0,1370.7833299904,3749.24930219568,2053.19353071932,53.1490405240838,145.368709071394,79.6079612149587,4.88388692601263e-07,1.61092171764992e-06,8.95353576128352e-07
2022,"americas","a3_1",1157.47564953694,2249.95504936292,1656.23955307626,114.273955376355,222.131034041678,163.515357628913,11363.7463328404,16596.0832161343,13979.2219240775,203026.398317796,258500.730451609,217299.7322799,626.351865427753,1216.44715197289,895.893596697201,61.8377631947787,120.096027607886,88.4487763797843,29852.8121977306,58029.2860319248,42716.5861780499,16154.4345367382,31373.7644423353,23106.2686304033,1822.05348410218,3538.63681712628,2606.14861924643,10177.4452113237,14865.5702661631,12518.6792692299,7682.95339002825,11222.0189939265,9450.35098034165,0,0,0,166.9011251237,412.708486586963,242.550826438537,6.47121574113163,16.0018433244278,9.40436276214571,4.21343987625857e-07,1.19523822208292e-06,7.15645458622181e-07
2022,"asia","a1",18942.0333644386,37419.048368468,27444.1514732421,1870.08778654761,3694.26576290798,2709.47535012927,2969714.79066868,4185393.59235723,3576593.56770284,43453022.574085,54463867.1146586,46329289.6141509,22765.231137676,44822.18020694,33328.915245509,2247.54016052083,4425.15384482423,3290.45969565866,488539.836581407,965086.240914501,707820.592324801,587145.111919077,1156022.70211553,859596.353475175,66223.9086371468,130387.429365022,96953.5966863509,1206086.28217075,1697411.4038828,1453384.34930317,905524.344472125,1279142.96200803,1092300.93715081,0,0,0,969.453569046984,2392.41441412479,1390.06293102785,37.5883816940322,92.7604880106113,53.8965636916105,1.34117345303566e-07,3.71633280881595e-07,2.29319348742738e-07
2022,"asia","a3_1",12510.5590275161,24692.3810051497,18144.8934203804,1235.12841468032,2437.80164727205,1791.38864982498,2873043.61282266,3860027.2398104,3366442.59840112,43154181.3199044,52070664.5702331,45545216.9413529,29124.3961265145,58006.4915969464,42363.2352004469,2875.36065631797,5726.79972571365,4182.3898851182,322663.694295836,636848.829741209,467980.553926259,751156.30146084,1496063.35181708,1092603.29151043,84722.6780404769,168740.505055542,123234.374407268,1801474.92427278,2419908.73648301,2110435.09186783,1391132.07386375,1869571.43071106,1630204.11893755,0,0,0,743.954342554587,1787.87104611685,1075.11186824731,28.8451563682049,69.3206786243644,41.685044604241,1.20353283111175e-07,3.21994443638246e-07,2.00732234616861e-07
2022,"east africa","a1",13089.9898174938,25463.9086211795,18875.6384070232,1292.33380665905,2513.97215885135,1863.53281979393,411269.529536081,658859.131629562,534028.061580544,8930877.20198007,11824486.9703225,9682369.0537413,7553.89532603505,14782.9666581123,10933.6964326209,745.772490117028,1459.47612193405,1079.44969618997,337607.972874576,656747.536928625,486827.42371519,194824.848902571,381272.061789371,281994.343777867,21974.2321481645,43003.5534202247,31806.0514844437,92023.4467367269,142377.745763814,117156.941513812,40084.2667271796,64026.8649385381,51781.6037097757,0,0,0,604.132946283768,1565.34959249018,885.553125917576,23.423896206992,60.6929097439501,34.3353307163079,5.30553092093898e-07,1.60643479268989e-06,9.33252122438846e-07
2022,"east africa","a3_1",11203.7452031268,21714.926321466,16190.2174340578,1106.110767775,2143.84684675896,1598.40959534066,252153.649648541,367073.003598668,308584.657495146,7185859.30230489,9091341.4594794,7674547.04765107,9420.8341841219,18280.3171876018,13610.1403982241,930.089531987196,1804.75861535173,1343.68664874704,288959.255077181,560056.375805074,417566.901465886,242975.645973256,471473.310159697,351023.33725593,27405.1450882254,53177.3232596922,39591.8094931649,145811.079672451,208578.486212045,176469.325767067,76508.50301521,109480.94710791,92485.7376224491,0,0,0,393.092703401149,965.025100940866,563.884487822952,15.2412854502218,37.4166778035032,21.8633527549639,4.51668547183936e-07,1.25369877437755e-06,7.71246806722036e-07
2022,"west africa","a1",8585.17190338922,16624.9686677027,12442.7560260055,847.587205293452,1641.33122664516,1228.43443613131,151430.000979927,249053.902329007,200761.804513903,5268994.47760704,7111445.33651958,5736068.13560599,4666.05069600548,9168.96837040879,6768.94661925179,460.664610294357,905.223606929856,668.276956169888,221422.821827521,428779.704893694,320914.966129204,120343.555554424,236479.69693207,174579.994215713,13573.5109878663,26672.4690817625,19690.8214887914,52687.6155842508,86770.3212824305,69932.0306747678,22850.1871751648,38060.7160879829,30448.8715821838,0,0,0,574.655104560266,1524.08231282347,847.409273296947,22.2809591942288,59.0928637911441,32.8563886221604,5.37747311182341e-07,1.74025115176204e-06,9.67932227040863e-07
2022,"west africa","a3_1",7195.2985590015,13767.4860914789,10207.714892756,710.369351424226,1359.22089755551,1007.77580644224,123384.836797636,180938.4159547,151810.056925504,4484508.85188937,5425571.68110252,4735789.65866899,6369.51603025956,12074.1997534777,8989.44146896167,628.842421784037,1192.04802657066,887.499476721993,185576.16885885,355081.488658714,263270.329516938,164278.156450068,311409.41740127,231849.463133644,18528.880515193,35123.7681930513,26150.2264984369,93152.4376829501,135712.233566307,114197.309577106,49384.5548830561,71867.7256644336,60515.7375438321,0,0,0,371.412511259615,851.802814425356,526.816896802822,14.4006847619217,33.0267382976848,20.4261402837028,4.69339857054781e-07,1.29617646663987e-06,7.87185048601518e-07
2023,"americas","a1",1391.14472422274,2674.98372907585,1962.8750943558,137.343373229043,264.092787965934,193.788526809622,17488.9679607628,28636.1332330342,22882.3969320048,1133673.80621869,1546580.36050463,1235584.89523416,432.063365439114,845.371799430297,618.902014716721,42.6562664723872,83.4609171460101,61.1022627045061,34819.0457091413,66952.3300574935,49128.9198324752,10814.1401886675,21158.8620601847,15490.5360777193,1219.72339938737,2386.5012575167,1747.17259009166,5288.549894874,8684.65275115943,6913.23373216061,3457.32836041237,5672.25276869129,4527.9647338418,0,0,0,1341.03575134951,3579.52208915657,1996.41440139712,53.5791482072169,143.014639492591,79.7638563981882,4.97502177483644e-07,1.5984945140627e-06,8.95242427342746e-07
2023,"americas","a3_1",1103.95309910766,2142.61466884134,1576.3966823046,108.989841156043,211.533653562261,155.63272039561,12760.053496009,18410.0937660594,15599.7714957485,219991.977732181,277375.724666672,234577.966000648,700.530498718129,1358.86994401648,1000.69866538804,69.1611879544223,134.156984993103,98.7958534414784,27630.9090990188,53627.6325478258,39455.7282079836,17533.6203565322,34011.238277113,25046.5476125719,1977.61140985099,3836.11664404045,2824.99206260874,11297.3803357194,16303.1576477981,13814.2044280384,8867.31382550617,12796.3484377567,10842.7690555673,0,0,0,161.893328129651,395.950961698642,234.414188920383,6.46821429845496,15.8196492810075,9.36568063707526,4.29690072225206e-07,1.2028186213401e-06,7.24398332601007e-07
2023,"asia","a1",19078.2746163984,38258.9437315203,27927.9010048123,1883.53845978907,3777.18600859664,2757.23443033635,2989114.66379154,4254231.16434233,3615067.20271673,42497703.0193838,53707738.4154878,45458948.3533579,23084.8787689075,46467.7069393852,33856.1389096335,2279.0979726978,4587.61155913491,3342.51084117659,477511.292932574,957585.423986398,699009.128752041,577792.831363159,1163043.05637606,847387.354962805,65169.0679163244,131179.252867784,95576.5476645313,1218575.15789941,1718864.95083381,1468574.12856766,912114.332833478,1299711.2730519,1103775.43990186,0,0,0,914.564238661914,2326.53326678178,1342.70917527524,36.5400943554085,92.9532792727415,53.6460074452648,1.34303039675742e-07,3.81328198249885e-07,2.30537487015751e-07
2023,"asia","a3_1",12283.5293313936,24511.3784888332,18232.2133852837,1212.71448193435,2419.93183421738,1800.00947720638,2967003.22467322,4020511.37355612,3497578.67476634,42216988.9085476,51312736.5064852,44616075.7730237,29083.6423125778,58639.28225344,43354.5828448241,2871.33715956702,5789.27317063809,4280.26254146422,307445.200928564,613496.779404886,456335.175044929,727936.248067764,1467686.15341193,1085124.48452702,82103.6956743857,165539.849959533,122390.842169104,1841197.30053121,2495922.35203236,2171009.64344074,1475528.12191876,2000587.5517302,1740047.62526266,0,0,0,719.9438206983,1764.31603562577,1029.09710682063,28.7643164108388,70.4907011330867,41.1160898212251,1.16524627815027e-07,3.18484511336846e-07,1.996977902692e-07
2023,"east africa","a1",13480.161962062,26077.1712918822,19330.4979817182,1330.85428374669,2574.51766673646,1908.43968479969,418570.96944233,679556.091300323,548585.163541103,8923455.44931348,11810573.3646258,9633832.37116968,7776.17836738742,15216.0064171935,11200.4083673116,767.717800464233,1502.22878470085,1105.78133239793,337395.791646272,652687.102475598,483824.206846608,194630.440170614,380842.347834703,280335.700601075,21952.3048497129,42955.0861212618,31618.9736531348,94139.4259894571,146467.778944842,120135.757043712,41067.2879591763,65663.3290098017,53092.6954647218,0,0,0,586.451872104255,1518.81461646485,860.132242971252,23.4308382459257,60.6820462116441,34.3653425179651,5.30913926831366e-07,1.61632666199787e-06,9.32312630554802e-07
2023,"east africa","a3_1",10999.8910215657,21261.8137945017,15885.4118327342,1085.98488119041,2099.11246231856,1568.31709041579,269807.035344406,391741.603428664,330609.022538162,6466952.04513698,8385583.25751504,6955216.91276476,10025.9567755017,19548.8755976578,14571.754165378,989.831395267189,1929.99942469492,1438.62377227184,275316.939788175,532163.227505777,397596.9365959,250940.280450774,489289.993445845,364717.319134535,28303.4736534474,55186.8612464813,41136.349312024,155814.124182255,222456.164106467,188985.285273416,84255.1353578343,120312.408460967,102164.96343291,0,0,0,330.809412174672,836.387333925589,477.308142439714,13.2170126750257,33.4166489431338,19.0701580316211,4.5069359241056e-07,1.25462795495944e-06,7.71052314697214e-07
2023,"west africa","a1",8778.3967015683,17163.1688421339,12743.9506356589,866.663686058776,1694.46604873934,1258.17043912792,155733.983284826,256142.158297014,206107.53144079,5227794.07317462,7092932.86800321,5716230.18216549,4764.3621797664,9581.59989207628,6951.22186562962,470.370595999346,945.961428164171,686.272421888002,219715.023665606,429577.994311028,318969.113688708,119247.510071159,239818.445054528,173982.553834556,13449.8883697563,27049.0454104003,19623.4363800427,54128.7989841904,89203.082581106,71785.6147829967,23381.2287294761,39430.3214945326,31268.1509373985,0,0,0,545.6076367265,1488.74762253087,822.334589898423,21.7989657633964,59.4807628584498,32.8551918349307,5.3410286302993e-07,1.77014825229631e-06,9.68330756328092e-07
2023,"west africa","a3_1",7080.4308194587,13898.7190101515,10392.9413289728,699.028818301176,1372.17711369561,1026.0626339148,126003.873090856,190200.064344556,158146.058235014,3502322.82962333,4480986.44626588,3731506.2118286,6372.89520900645,12531.9554736242,9365.82647864158,629.176037546481,1237.24081897042,924.658793047738,177216.532579591,347871.881398511,260125.55910609,159507.580856436,313663.073915508,234417.839197796,17990.8088258509,35377.9573876281,26439.9128099899,94825.4025465503,142393.797292987,118673.354372664,50784.991423034,76217.3602494671,63540.1330801797,0,0,0,279.471375157262,703.131983079395,398.417184040102,11.1658754915051,28.0926236998037,15.9181836356748,4.47554270632567e-07,1.3215821011118e-06,7.89210562737662e-07
2024,"americas","a1",1390.96173890358,2689.81353806705,1984.17760486647,137.325307660057,265.556888685096,195.891657131607,17596.5249633718,28492.3618472841,23137.4895250202,1112612.05818461,1493035.07828174,1212721.82997759,433.601093700677,848.902006770768,626.08048569334,42.8080815803881,83.8094434897442,61.8109707212845,33785.5427981999,65333.7959397612,48194.3647431217,10531.8844500481,20619.2695881333,15207.0818721322,1187.88786526269,2325.64079586076,1715.20188126252,5320.90527553261,8616.23528268845,6990.30867144528,3478.84468127408,5666.75383352286,4578.43609106482,0,0,0,1310.64840147687,3443.33789737258,1937.00627585379,53.9598191598861,141.763336406043,79.7471757023922,5.03237295030532e-07,1.59540898176541e-06,8.95640686441812e-07
2024,"americas","a3_1",1036.00878413318,1991.73524444729,1477.53110833234,102.281911170148,196.637799280304,145.872031094818,13862.334349596,20256.2906130259,17132.0939206924,233032.415914052,295435.036210169,249589.327659947,772.959363164232,1486.0429942019,1102.47298605764,76.3118635016663,146.712382998908,108.843714217909,25163.9697460211,48377.9348215571,35888.2556579756,18774.6728864299,36095.0037490957,26778.3413537096,2117.58932618793,4071.1438825144,3020.32052258114,12195.8829744171,17848.1837222909,15086.6210280681,9756.70637953371,14278.5469778327,12069.2968224545,0,0,0,156.814046984694,382.212895385287,226.390424814363,6.4560851006946,15.7358286877906,9.32056710918624,4.3307452186234e-07,1.21847921738764e-06,7.30762033464303e-07
2024,"asia","a1",19145.2901156984,38336.6361473298,27974.9342924489,1890.15469070468,3784.85633812871,2761.87787991107,3009662.08810696,4264129.77640241,3635994.75420256,41299328.966632,52180266.8967194,44295143.4342786,23113.3880917016,46506.0534574014,33925.1847279525,2281.91260908526,4591.39739107909,3349.32751914703,465026.463702549,931171.595212665,679492.694428368,561408.945151236,1129601.35100404,824020.351175546,63321.1346514566,127407.373657228,92940.9908106669,1229612.85301859,1730099.6964083,1478009.41708421,920427.640127633,1304937.8742219,1110924.40832053,0,0,0,888.042005208232,2257.57758618927,1305.6713998607,36.5609769587505,92.945200370227,53.7549143914798,1.33595700523416e-07,3.78217040780219e-07,2.29532940289917e-07
2024,"asia","a3_1",10735.6925128228,21117.0843280598,15415.0146323525,1059.90138767531,2084.82377417515,1521.87624415947,3127478.58761489,4245108.1224771,3683048.93947714,43187123.2303071,52682592.0068082,45657707.3087674,32618.3762670769,64574.381553104,46828.9219202067,3220.31040176466,6375.22698555884,4623.27318589672,260762.887084296,512920.044013026,374420.533671003,792278.835971279,1568469.11788486,1137443.61291765,89360.8755031896,176907.128160353,128291.899860262,1942433.80268885,2638697.79713766,2288755.13487572,1556761.88038775,2115209.40176371,1834548.11209947,0,0,0,668.796544257901,1615.12000399551,974.989502994858,27.5345703258389,66.4950136427953,40.1406336017405,1.23615429938433e-07,3.32440577710889e-07,2.04604333625011e-07
2024,"east africa","a1",13791.4446976076,26751.7854133578,19886.9578847687,1361.58625590126,2641.12021171838,1963.37723286419,443763.599819983,697583.446661661,561501.702850085,8871458.35208621,11807852.8677971,9623099.99618163,7900.46855728041,15590.3208194803,11510.1069663438,779.988582678297,1539.18367642644,1136.35690770277,334985.091284618,649783.215262048,483041.084416505,191897.16805455,378678.605278825,279572.903155336,21644.019965414,42711.0382931765,31532.9379741691,98645.7860005854,151044.479045206,123401.19639961,42721.3773239471,67469.7948876066,54502.1818914152,0,0,0,569.036292120508,1494.57627508889,836.056521830779,23.4274084366452,61.5321892840048,34.4207177719039,5.23055765243555e-07,1.58043454784655e-06,9.32738685050561e-07
2024,"east africa","a3_1",10904.5396884734,20814.4845412259,15563.8370442271,1076.57114191458,2054.94904242473,1536.56901602068,291332.519195784,421587.900817779,356836.328744587,6637645.07528515,8555665.38577275,7146515.85828376,11014.1331669152,21102.8763992015,15774.7619941545,1087.39096371386,2083.421069739,1557.39297747974,264864.073565381,505570.094864273,378035.331853505,267526.026840397,512574.9427963,383158.55970634,30174.1746629394,57813.1632067667,43216.3309145127,167319.091962964,238922.531725053,203273.994999182,94533.1988055391,135153.997581536,114950.915191573,0,0,0,314.537456871818,776.789717004032,453.034781819973,12.9496089665916,31.9806842228362,18.6515886889255,4.60991815522446e-07,1.2612354126254e-06,7.7603443540419e-07
2024,"west africa","a1",9069.2327332804,18057.7661113712,13142.105715596,895.377019011396,1782.78684275823,1297.47904648895,161491.535806753,262328.343246855,212208.003683254,5240525.19603393,7051248.47579652,5712548.72665987,4894.17177384567,9886.82856687161,7159.9260176871,483.186291748256,976.095701811395,706.877130910276,220285.678669067,438611.223250841,319213.075884265,118876.202919387,240144.541968354,173909.878422098,13408.0087553371,27085.8257765989,19615.2393436083,56391.3931211902,91355.3317860049,73907.2175817394,24181.0345431396,40265.5147041216,32196.7842598875,0,0,0,530.0511848252,1440.74397091623,797.850244897534,21.822378943447,59.3158958869016,32.8477529769464,5.35729188232824e-07,1.75325134203085e-06,9.68772232531743e-07
2024,"west africa","a3_1",6836.3669369914,13216.3123045428,9846.13464928757,674.933153545545,1304.80523122323,972.078118440249,140511.695339334,206822.510313109,173981.931295592,3707366.4659643,4699931.29472504,3972033.88843927,7169.21965713881,13831.2865581063,10326.9020589594,707.794662903639,1365.51971833786,1019.54278306729,166050.841855638,321015.504963836,239156.113562519,174135.614791881,335952.823786089,250833.63670435,19640.7000762706,37892.0111181438,28291.4453395323,105078.931012092,153790.387537796,129647.436527597,59119.6739742353,86545.9338267715,72952.4170842868,0,0,0,268.042054539856,655.570831902889,384.629762707318,11.0353781944244,26.9900634648585,15.8353318981736,4.66168254851225e-07,1.31627591039298e-06,7.96537311924494e-07
2025,"americas","a1",1415.35215847624,2737.19448816565,2003.88681032511,139.73329759831,270.234661888725,197.837485422668,17969.5154000848,29152.2774400484,23353.0737071219,1086673.05421554,1480624.91769928,1189753.27607634,445.591541782258,861.495104986924,631.91923789016,43.9918610659999,85.0527207406987,62.3874124876922,33361.9474344636,64519.7296554084,47234.5811820113,10503.2528513509,20306.7160603789,14895.2727213943,1184.65851643943,2290.38798382836,1680.03302727479,5434.86122287438,8802.70568165443,7055.30759921574,3546.58225817111,5814.62086948873,4621.22925434523,0,0,0,1261.38041635423,3322.82994371288,1882.76160106894,53.5129880668289,140.968225620584,79.8745547214773,5.06198387060592e-07,1.5851280642844e-06,8.95665042244796e-07
2025,"americas","a3_1",974.597373841253,1884.14590715101,1391.99273624433,96.2189544573171,186.015840076164,137.427094807076,15168.9434640917,22231.693610401,18824.2949752727,249050.82647498,315183.139869545,266467.846010889,858.90118014517,1656.89064901822,1224.78963626036,84.7966306434817,163.579638297493,120.919655022921,22972.7041154641,44412.1106798643,32811.3312419256,20245.5734085651,39055.3675324953,28870.1064385169,2283.4917237636,4405.04236305152,3256.25003481687,13354.8119817193,19564.4118283458,16571.4340231518,10683.8495853754,15651.5294626767,13257.1472185214,0,0,0,150.312168532397,366.960888115526,217.562133220276,6.37686551708318,15.5680026200791,9.22988789730895,4.39012012055867e-07,1.24066939413768e-06,7.3909695114449e-07
2025,"asia","a1",19537.6425467412,38681.3324920527,28301.1187937924,1928.89042066559,3818.88713154628,2794.08105685557,3031398.24860487,4338296.22879442,3669022.99988242,40600439.1175219,51432557.0251632,43354022.0245551,23913.1573711623,46913.0377874541,34330.2796874525,2360.87133187915,4631.5776827249,3389.32127913982,460531.182811392,911776.319106474,667099.302375394,563668.550212737,1105809.80944067,809215.557756502,63575.994780769,124723.933323918,91271.1629148508,1235028.09974507,1755837.92723707,1491153.19790641,927457.333682894,1319767.37836451,1120741.93795626,0,0,0,865.440419813948,2150.8057772073,1262.85082496432,36.715571494214,91.2461002228202,53.5753688976907,1.36192281760261e-07,3.79854011395674e-07,2.3022637604005e-07
2025,"asia","a3_1",9190.62687624904,18217.1305390895,13374.2107507929,907.36188355874,1798.52039491455,1320.39405160834,3242787.34552158,4379968.89941609,3812160.68450824,43400177.7402975,52769816.7848763,45910370.6426128,33792.361392183,66428.6374485442,48835.0054333155,3336.21428609479,6558.29187814353,4821.32754492358,216636.692782728,429404.758251948,315249.963320616,796536.02652935,1565821.40877738,1151113.43454058,89841.0426592222,176608.493900317,129833.714651642,2016152.30195072,2724807.14351491,2371165.43381386,1615964.55023052,2184377.25298782,1900751.57694805,0,0,0,653.335359676998,1561.59009346661,940.111918392302,27.7171952669783,66.2491275062647,39.883446118354,1.24017442748597e-07,3.29482238937364e-07,2.05953598753199e-07
2025,"east africa","a1",14204.5960752242,27473.3003563686,20351.8665186844,1402.37540088961,2712.35312831061,2009.27621009746,447321.989253461,703901.189784287,575042.77254211,8824054.21197016,11676218.77826,9559244.33935087,8160.86332797795,15857.5294740896,11774.3371283477,805.696545017575,1565.56435224042,1162.44352624546,334823.375759435,647586.395266578,479723.648226566,192363.640198887,373785.465042561,277538.571583832,21696.6332087864,42159.1425771481,31303.4863694566,100045.35918922,153265.074099491,126403.599072514,43530.77540587,68626.2102302248,55810.6567880267,0,0,0,556.45832009256,1430.75778983215,811.87112574993,23.6072695094375,60.6986786389975,34.4429398940805,5.3246725491291e-07,1.58503398884277e-06,9.31487490446627e-07
2025,"east africa","a3_1",10545.1520347488,20255.8056476552,15115.7268004212,1041.08992144919,1999.79242035744,1492.32849137133,314124.160664185,452019.430830423,383084.923810527,6798088.69389226,8773654.34267488,7307714.81952399,11841.0849391313,22692.4460004087,16954.4210047384,1169.03332910999,2240.3543112708,1673.8570268001,248564.857703308,477459.351167639,356300.076930875,279111.916381019,534894.574534783,399640.823631346,31480.9434239199,60330.5873035678,45075.3601700494,179845.673958716,255168.199559004,217447.612002737,106410.81908208,150556.186335956,128427.534149993,0,0,0,299.574964010924,740.950207500037,431.021196033862,12.7092122775872,31.4341804407156,18.285706532987,4.64050181785806e-07,1.26177324707948e-06,7.79701411691062e-07
2025,"west africa","a1",9318.1862833489,18100.7186872891,13391.0706456623,919.95542537588,1787.02741641152,1322.05857636506,166429.784811567,269686.468003714,216579.233479219,5200663.40549902,7023744.00947477,5658426.20791187,5087.37048939922,9902.39231398412,7301.14031640471,502.260197457433,977.632261948739,720.818777524281,219643.457006706,426660.758423176,315647.376023182,119916.860147161,233414.058738739,172098.695005894,13525.3841498958,26326.6967343335,19410.9565476776,58127.9620813488,93802.8770391476,75438.7191643773,25106.6050494308,41299.2848664984,32850.8975752321,0,0,0,525.192624226235,1380.62364911509,775.005815899487,22.2808490354051,58.5717804890429,32.8789605738619,5.42346956722454e-07,1.7035505734961e-06,9.6782400301573e-07
2025,"west africa","a3_1",6536.01224911644,12580.7910658581,9364.10419941124,645.280073402535,1242.06220444834,924.488757799056,153839.3221946,231141.563619119,192844.531656932,3996197.99604445,5105144.75110371,4275450.95509796,8024.62902914993,15477.2141851859,11503.3586741874,792.246558237092,1528.01701172356,1135.6906698972,154063.492806475,296547.88577494,220725.810322662,189152.395923706,364820.87018824,271151.207923539,21334.4379981407,41148.0288021204,30583.0576732372,114124.075004153,170808.510319717,142693.445658136,67330.3515053522,100715.196206088,84173.623858765,0,0,0,258.198791347698,636.18451800812,371.669794552413,10.9538634508012,26.9895854407409,15.767773958446,4.69802647077099e-07,1.35617433785314e-06,8.06158868834599e-07
2026,"americas","a1",1351.62540557079,2713.34407005659,2012.07654600536,133.441754341473,267.87998460822,198.64603244484,17687.2024001014,29312.212720394,23473.7646057893,1066199.87645629,1445637.20349499,1161301.98667099,428.002415681828,862.559041562665,635.12700863906,42.2553415876734,85.1577598754988,62.7041056739066,30918.2136599308,62067.3089934177,46025.9272229779,9790.48638807506,19730.8992798025,14528.428123177,1104.2658159206,2225.44179404576,1638.6567428381,5321.43121093856,8843.1254703234,7091.99569342545,3509.88133425347,5789.74189131369,4644.88660946922,0,0,0,1236.08915457508,3377.63795372982,1828.45631011569,54.0370644711414,147.65734266847,79.9330785701714,4.83994507505473e-07,1.62091551571618e-06,8.95554701517723e-07
2026,"americas","a3_1",895.858728760321,1731.19916094796,1291.08224367662,88.4453339772899,170.915885569511,127.464517080883,16445.9042623069,24452.2637131258,20510.7007831213,263231.179081342,336850.621448622,282008.492149224,936.665653552842,1805.25590372566,1346.90413489256,92.4740741971402,178.227276459577,132.975638034819,20492.6242661357,39600.9022362806,29533.2985737119,21426.0761044482,41294.9383107153,30810.2153528744,2416.64024376497,4657.64283198586,3475.07429628536,14481.5044939239,21530.729981527,18053.8416244121,11585.2035951391,17224.5839852216,14443.0732995297,0,0,0,145.813775508552,359.627386966654,209.375325862905,6.37441754000728,15.7215264151279,9.15308409627568,4.35036644998327e-07,1.24659416739684e-06,7.46048493674221e-07
2026,"asia","a1",19811.3003611821,38569.43011783,28548.9724305422,1955.90780188508,3807.83935967864,2818.55087221379,3076867.2593862,4323408.26481521,3697386.90914259,39686357.4524847,49806552.7879575,42394000.0021994,23657.4763106443,46544.5296546969,34639.0356415347,2335.62873942211,4595.19602585345,3419.80379005319,453180.307889685,882269.507668247,653053.150481599,541160.963838469,1064698.62628631,792362.366469911,61037.3713409512,120087.016177013,89370.2968813081,1253612.27151936,1754217.64798311,1502761.29636004,936748.938666872,1319480.08993177,1129549.92402852,0,0,0,852.653528715587,2105.31977857451,1223.87933777712,37.2747334059323,92.0364847358507,53.503298233447,1.34860553579792e-07,3.71283296375886e-07,2.30502580319554e-07
2026,"asia","a3_1",8602.05373471476,16753.5037566494,12208.5833011185,849.253895767967,1654.02109448338,1205.31529446746,3293828.73594836,4413649.56894916,3851658.60304107,42558554.8649216,51454939.2775261,44962499.5162187,35759.826641765,69760.0936890101,50637.372007675,3530.45598459204,6887.19614659495,4999.26956691997,196770.595009496,383233.70259661,279269.378507752,818000.280251662,1595750.91791262,1158321.73652398,92261.988944247,179984.233625116,130646.736717716,2088474.04631726,2799789.68515111,2443004.34416641,1673000.37261871,2243409.73986306,1957298.49293315,0,0,0,610.070207970867,1438.90348778789,887.931141240976,26.6699234743928,62.9033271989781,38.8169349658818,1.2772326018422e-07,3.34024230811115e-07,2.07274997805839e-07
2026,"east africa","a1",14513.8977053885,28012.5250202962,20847.8316033366,1432.91178469808,2765.58909505267,2058.24129370371,461187.457149672,729301.569276756,588030.174633019,8793056.89317897,11727484.0340185,9524876.15979278,8348.43794853608,16369.5178094187,12066.961100023,824.215201395333,1616.11136133561,1191.33337692581,332003.074553097,640782.002292951,476890.793263843,190969.174710436,374450.085841584,276029.793446378,21539.3518941162,42234.1049436558,31133.3117678119,102428.721182585,158728.632927315,129592.299132723,44641.0261801915,70542.6376551905,57182.8344258213,0,0,0,537.160409704898,1404.7518956615,789.33511766891,23.4825874680103,61.410350920774,34.506695965206,5.25956646546499e-07,1.59813747749902e-06,9.3114800653891e-07
2026,"east africa","a3_1",9322.97338722407,17959.669732677,13362.2207115011,920.428041188429,1773.10209370458,1319.21031248127,323386.825222864,459905.086194864,390212.432261085,5446954.23177091,6750288.04741302,5781336.79081764,13650.5772188453,26349.1290017624,19550.9778361038,1347.67884973812,2601.36720194314,1930.20697213012,213261.516056155,410824.555211882,305658.648636362,312254.757341892,602732.086029067,447225.47201749,35219.1138135097,67981.9584419314,50442.4173817751,209149.826933862,297858.846781196,252596.911737408,129884.913589544,185058.962456864,156880.837939818,0,0,0,206.722363817285,494.505685671218,295.705761588125,9.03710679757677,21.6178869615173,12.9271187634669,4.58290138646541e-07,1.25982074133366e-06,7.73999084217957e-07
2026,"west africa","a1",9735.03546748628,18695.4119066229,13787.477895804,961.109643251514,1845.7396203667,1361.19462594993,170674.988437965,277800.901120266,223076.688119362,5176106.53031817,7037503.39085314,5655154.43203786,5243.44257421387,10181.7266893888,7522.61601350422,517.668706882869,1005.21007230081,742.68438129523,222687.369836494,427654.539051283,315386.338298384,119942.905153266,232905.359659618,172078.630831091,13528.3217577711,26269.3207285461,19408.6935158443,59718.9276586864,96571.5684341872,77689.9293276239,25575.2723225808,42721.8254729683,33848.4147320568,0,0,0,508.372173819262,1342.15323067751,751.753701356817,22.2240764999262,58.673778010133,32.8637809629532,5.42959243515573e-07,1.70494131233915e-06,9.68287148490097e-07
2026,"west africa","a3_1",5997.64894149217,11551.3788344257,8487.877155182,592.129145677761,1140.43155032128,837.981598713795,168860.880126889,249737.341749347,209576.569627711,4234003.84071862,5319532.30372977,4511593.55608908,9092.52949603112,17480.4486043312,12814.699365377,897.677035627775,1725.79008860287,1265.15524022155,137195.254444039,264235.932084121,194158.824125045,207990.149126262,399862.449013315,293134.185946429,23459.1421329289,45100.3572257162,33062.5107055584,128062.994839345,189167.327871381,158850.189302258,79203.9671955529,117018.749354248,98277.6459612735,0,0,0,242.213683215746,585.044272449348,352.063940592986,10.5886508002096,25.5758858103444,15.3908816248187,4.80660672133262e-07,1.36498827208129e-06,8.06716027325179e-07
2027,"americas","a1",1421.6001703816,2757.94039813218,2029.61598437917,140.350144297374,272.28284077759,200.377646409123,18423.1730792385,29391.029979407,23646.720969114,1042848.01066104,1413799.78960264,1135298.63462819,445.357623016933,868.202719795896,639.796900494189,43.9687669969704,85.7149425988163,63.1651495098429,31557.7971406919,61222.9271096753,45055.0097298813,9886.39831019189,19273.0458810801,14202.7141088618,1115.0836908182,2173.80065622363,1601.91956375243,5566.85587363009,8889.33975391564,7144.37343954136,3631.92051150155,5851.22902775546,4678.98704501565,0,0,0,1201.1572722396,3174.52697907201,1774.4672313218,54.109143780163,143.004534638782,79.9353296789817,5.01001913916902e-07,1.55959259500237e-06,8.95525557151252e-07
2027,"americas","a3_1",838.497851186024,1580.382211109,1186.61339546642,82.7822737073861,156.026199205232,117.150634017021,18299.8817353777,26429.2165612876,22323.883931504,279000.798352314,353112.558024453,298070.968914281,1046.44225400253,1967.41088875399,1479.29713319222,103.311975060259,194.236331622503,146.04638521286,18613.6338767684,35082.5655919474,26341.3761469269,23229.7470549654,43674.1321598329,32838.5996377279,2620.07571110306,4925.99134225284,3703.85510844628,16103.2840428938,23264.9186839031,19639.367964799,12882.627234315,18611.9349471225,15711.4943718392,0,0,0,141.811148828708,337.441035732105,201.494995309743,6.38823909153507,15.2008783043969,9.0768477402377,4.49794073308564e-07,1.221745131933e-06,7.53230519354626e-07
2027,"asia","a1",19539.6781421135,39472.4284542082,28834.1817832427,1929.09138863829,3896.98956481469,2846.70870072315,3076511.79180927,4357411.88003155,3723020.04761936,38741133.4538486,48674015.8915135,41426749.8775888,23752.9103801543,47487.781847229,34896.432177961,2345.05064700602,4688.32036847023,3445.21574608819,433757.122326251,876239.969409969,640083.8142761,527285.760719016,1054171.0794773,774658.409973599,59472.3916365282,118899.61755289,87373.4733129475,1257121.2781439,1769261.4232257,1513286.74613245,942262.269274755,1333009.25371141,1137545.60747102,0,0,0,815.812656368771,2049.18113664846,1187.13425104106,36.7503284884821,92.310506972805,53.4774415977756,1.34253254314719e-07,3.77750203364175e-07,2.30600263083958e-07
2027,"asia","a3_1",8346.26745933283,16668.4347847825,12124.6446071997,824.000915776058,1645.62250061325,1197.0282894086,3318452.26933118,4472881.98799191,3895746.98346515,41298248.7336868,50229311.0420563,43728529.5765307,35324.7665168468,70719.6161293881,51298.2255221785,3487.503857417,6981.92679995965,5064.5135701583,185277.0004191,370019.007137444,269152.383974663,784166.912052158,1569889.58370747,1138758.30098686,88445.9342091448,177067.342044364,128440.183105433,2103668.39841241,2837934.99069335,2470632.55650623,1687686.17436082,2277059.00678543,1982199.66161921,0,0,0,583.971619106753,1421.92903152244,852.43746993987,26.3064671313739,64.0543617309823,38.4001851302732,1.24473487351507e-07,3.36172831149427e-07,2.07631949911322e-07
2027,"east africa","a1",14873.5564999243,28803.789435848,21352.7367355125,1468.41977404882,2843.70815919871,2108.08900027675,470329.953146725,731327.884944412,602370.547810815,8742528.29153358,11566426.4295734,9474288.41105746,8576.55730516321,16726.1460719655,12358.2280272252,846.736712919243,1651.32015572928,1220.08925084422,330174.889230097,639409.14107776,474004.821001832,190389.155291961,371300.127618149,274337.652194358,21473.9316901545,41878.8221671072,30942.4556993543,104973.291898562,160880.486200073,132799.687094927,45885.2558170169,71783.4141741902,58596.4906571661,0,0,0,522.686353085653,1348.60947324519,766.638096512346,23.5457185205294,60.751498223921,34.5351370301343,5.33101155257407e-07,1.59337158713937e-06,9.30591652553473e-07
2027,"east africa","a3_1",8825.62431274015,17292.610898621,12858.0748142814,871.326320589137,1707.24545864982,1269.4375628039,342308.022608854,493496.904168349,417335.866996774,5076787.25802649,6446347.17062338,5432714.03985555,14260.8089899101,28038.4482594303,20817.3741468628,1407.92512636932,2768.14841547829,2055.23432416327,195918.140349301,383874.958755186,285433.643764978,316572.638736344,622419.496526492,462120.421772486,35706.1262694895,70202.4951501772,52122.4139817735,219824.881746084,316913.844988934,268070.482953927,140477.973194667,203020.427029951,171496.873230747,0,0,0,181.065200579315,452.032361921708,260.970187763775,8.15653636551921,20.3629321736557,11.756057044651,4.49990090852865e-07,1.27549020095992e-06,7.76563458888561e-07
2027,"west africa","a1",9810.12951127315,19278.6766463946,14205.784690063,968.523443630091,1903.32352623282,1402.49274911987,174312.512653862,286127.956803427,229507.442686321,5184747.09910858,7028261.32378722,5648363.05592622,5366.05993857814,10511.4529001759,7741.17725710882,529.774336257738,1037.76291115576,764.262250176242,217772.960000119,427963.206127505,315351.166110946,119120.013147569,233341.48742304,171844.732857905,13435.5080326848,26318.511438939,19382.3122385549,60824.7536724043,99599.4621669495,79920.9714510149,26254.0348821674,43955.6852709975,34832.7498921458,0,0,0,493.247427196463,1309.76198630564,729.651688409442,22.2195682232401,59.0015156821751,32.8689914551919,5.38763947297577e-07,1.72815379685539e-06,9.68603999246123e-07
2027,"west africa","a3_1",5509.23320293203,10605.4522250925,7812.0871825001,543.909385429968,1047.04317088756,771.262965615177,185803.85489517,274021.991867026,230430.272194069,4320546.34991642,5477158.87272981,4632408.68060937,9958.65111324721,19071.933327606,14087.7379576868,983.18651746944,1882.91240415431,1390.83836396432,122298.285721382,235428.158266844,173418.847076082,221069.959173135,423373.755555919,312730.67202895,24934.4097081016,47752.1899410195,35272.7920782436,139457.689005785,205603.390875346,172930.390618106,90045.5874611408,132798.527110249,111691.174558806,0,0,0,226.539505759627,549.990034839556,328.8255853795,10.2050405657366,24.7756813870865,14.8127737217299,4.84362201948555e-07,1.36757847226443e-06,8.14647900078927e-07
2028,"americas","a1",1437.26685507481,2744.39590191525,2056.06800993991,141.896867140523,270.945634973816,202.989172266925,18476.7782652797,29990.5010486063,23968.9247564258,1030078.18491946,1393541.35859044,1121718.52445471,448.309102258774,867.992711238698,648.867531483634,44.2601573232475,85.6942091099491,64.0606645743179,30962.6261627353,59121.7309809332,44293.2813291759,9657.7939507743,18698.9171392699,13978.3664637691,1089.29947852587,2109.04485979142,1576.61546490195,5578.42861134244,9007.17421020358,7241.31857425373,3657.37230399289,5960.46064998598,4743.14380395916,0,0,0,1186.73598474053,3108.43869011175,1728.73270741395,55.0875848717558,144.291891677676,80.2467532498964,4.97724471400717e-07,1.55598067433154e-06,8.96062678129728e-07
2028,"americas","a3_1",754.850725462044,1467.57046501429,1091.80478489795,74.5240542656497,144.88864789319,107.790476040712,19324.8909492112,28401.9307560969,23905.7887286157,289100.326407103,368537.704925722,309919.466872761,1098.05039285386,2140.64806142297,1591.46151420567,108.407085405357,211.339496554759,157.120024192545,16261.5319059412,31615.4481092127,23520.4362210949,23654.9835555828,46115.3650331507,34284.397321725,2668.03799946142,5201.33721413822,3866.92616496905,16996.6490202501,24993.4281855137,21023.2310415666,13597.3192162,19994.742548411,16818.5848332533,0,0,0,135.05271212818,335.629136262027,194.738901384899,6.26906728807804,15.5797066634926,9.03966501042658,4.39335646436169e-07,1.2594530009254e-06,7.57001391013149e-07
2028,"asia","a1",19670.6393330918,39745.1714935282,28900.3035454387,1942.02077795191,3923.91663314389,2853.23669576617,3086856.41463415,4403914.80372578,3743512.24677011,37866106.3245649,47718393.7771719,40453635.1879038,24060.7907386526,48218.0142997577,35002.0914865191,2375.44671310242,4760.41393754705,3455.64715958367,423758.921248356,856218.789421581,622590.920751746,518334.68933779,1038746.8032129,754039.982056457,58462.8031696884,117159.918385867,85047.9274488875,1259505.09030247,1784226.26424523,1521774.35135647,945059.590773025,1347019.70060595,1144008.74021846,0,0,0,785.310363242294,1983.24295720316,1155.74908440784,36.4536441483553,92.0609690201047,53.6491912240204,1.34852799898845e-07,3.82833024423728e-07,2.3000842046864e-07
2028,"asia","a3_1",8260.59786547665,16008.9887123153,11938.5477569601,815.54302437303,1580.51744973086,1178.65552867841,3346280.14179186,4538368.50257657,3943478.22740967,40636873.0466549,49484400.8256961,42966923.6869132,36027.0568755804,69919.5865241889,52040.0376570693,3556.83879085363,6902.94237601876,5137.75036510433,177955.68212427,344877.035877285,257188.697992675,776120.516411781,1506257.5271652,1121083.55228621,87538.3838286179,169890.302819639,126446.653874967,2122262.63458294,2879103.58318309,2501669.4442787,1702550.46449512,2310227.34067201,2007205.08530529,0,0,0,581.194412993224,1373.53436881038,825.651279694577,26.9787020571005,63.7586557490789,38.3262457104925,1.25132895829158e-07,3.29457746580594e-07,2.08021238681571e-07
2028,"east africa","a1",15153.5140382532,29672.8179225125,21894.6950618805,1496.05910732989,2929.50462718109,2161.59485297266,481936.083829035,759525.462346495,618596.547055013,8718636.163633,11499956.4141483,9418608.31540995,8685.8341284904,17198.5871605686,12675.7281665866,857.525272348167,1697.96278868538,1251.43504785678,326447.791209778,639232.975620137,471671.113651895,187116.424540367,370504.212839575,273069.563370712,21104.8014395778,41789.0511948053,30799.4283681271,107674.429659903,165301.845202026,136195.909367285,46899.2363174055,73917.1576667166,60101.5547813596,0,0,0,506.939092277436,1323.9898717876,743.042781576647,23.5318138404221,61.458829402052,34.4916079227164,5.25452944452912e-07,1.59727682931699e-06,9.30698155728262e-07
2028,"east africa","a3_1",8304.44984001813,16110.4665953284,12019.6463847661,819.872392843048,1590.53604414342,1186.66214288121,369845.10822216,527670.233090588,450616.611776718,5343802.82894436,6712806.23846307,5705666.7864832,15424.6910715891,30012.5005749484,22437.1343747653,1522.83156877987,2963.04043441999,2215.14819196495,178900.372589671,347063.144702119,258935.782388451,332289.679984608,646550.661228905,483356.727636187,37478.8463050346,72924.2414682847,54517.6501010211,235910.921473461,336863.768583943,287530.90971714,155607.673040932,222224.445399219,189728.722969366,0,0,0,178.052568982034,435.198747729053,254.295699761922,8.2650952963026,20.2016693349429,11.8042564844111,4.57891067847072e-07,1.27219631831775e-06,7.80338169445431e-07
2028,"west africa","a1",10064.5550069978,19593.1308581089,14468.87541929,993.642078096985,1934.36860832308,1428.46687502364,178243.710875887,290395.3299345,234137.951456983,5120724.30676294,6938428.8573223,5590693.67753114,5499.14452518772,10735.0248355185,7890.84527691438,542.913361789365,1059.83546998062,779.038506267133,216817.81158151,422089.178481474,311698.818504618,118466.487658186,231261.550112444,169990.208536722,13361.7971025886,26083.9159775586,19173.1410358687,62197.826310791,101448.519371742,81537.0038325331,26830.3816562757,44437.7002738215,35531.9718959582,0,0,0,477.010941774464,1261.72876990998,708.50377638089,22.1425667356858,58.5687057536635,32.8883276610807,5.42062571168435e-07,1.72594855355194e-06,9.67762476669022e-07
2028,"west africa","a3_1",4902.08678092113,9526.43646177697,7075.64308220063,483.967715673421,940.515314999758,698.556139956711,200135.659060908,302674.23404752,251899.148820119,4572666.61177332,5878981.4504734,4906379.56384264,10651.9590974687,20709.6413107915,15373.1597214636,1051.63464912793,2044.5981977733,1517.74403954582,105604.244527748,205225.278651332,152428.542299975,229472.08882689,446141.841792491,331179.554941398,25882.0832137689,50320.1950766583,37353.6356578795,148561.893414014,224616.888354682,186954.237114453,100166.045778943,151419.879799277,126036.228334826,0,0,0,220.798928535308,551.915511191781,319.152318244145,10.2493561092621,25.6195926943795,14.814862483618,4.74227880881723e-07,1.39400763108731e-06,8.22295335946422e-07
2029,"americas","a1",1479.10273033827,2779.96496845484,2066.5016842294,146.027192426329,274.45725780938,204.019256338798,18307.2274090742,29810.2309849167,24073.2127403809,1001254.21416871,1354589.73995887,1093024.08814753,454.84542330412,887.525606436302,651.575566388228,44.9054678831372,87.6226308396631,64.3280204016037,30922.1642797212,58118.0276955956,43202.3437273001,9509.01151948567,18554.6358895612,13621.8575567779,1072.51835587586,2092.77142396645,1536.40493975979,5527.32566491774,9019.59059973378,7273.2078021076,3626.61518702405,5919.55782872201,4763.39856808287,0,0,0,1128.14121294941,2978.13206543612,1677.50932436941,53.9624824829902,142.453265219321,80.2404579251874,5.04286107306849e-07,1.60570529084161e-06,8.95857211998559e-07
2029,"americas","a3_1",722.577232088528,1376.56391301722,1029.16060781641,71.3377930746867,135.903855283489,101.605812113425,20486.4419790967,30045.6466278864,25221.1628437079,297064.321841611,378838.014705045,317550.059102127,1180.78905067528,2244.99742527626,1679.00226137069,116.575614648773,221.641583301286,165.762648717001,15106.2204248096,28778.4848116123,21515.6613076081,24685.6099010288,46933.9808304372,35101.2696327415,2784.28201402329,5293.66862705117,3959.06093062546,18009.971350376,26414.8640477965,22175.4123912617,14407.9770803008,21131.8912382372,17740.3299130094,0,0,0,132.322789548436,320.834627055858,189.130215252294,6.32940817261685,15.3465122483871,9.04668299536165,4.47016894934117e-07,1.24653025904419e-06,7.57145901842305e-07
2029,"asia","a1",20220.6194009048,40121.6583754275,29467.385836749,1996.31859212388,3961.08600699565,2909.22295904337,3120123.39223984,4459153.66975073,3785036.97957558,37050545.4625425,46938554.433914,39603287.2294004,24359.1861158788,48769.357425577,35706.7570645393,2404.9063566252,4814.84632217832,3525.21659100121,422732.851564337,838784.545530577,616046.016985914,509253.846501414,1019573.59093323,746486.491572674,57438.5778220927,114997.377929488,84195.9716826978,1274449.08422905,1805182.26342125,1537971.34509629,954985.900065304,1358842.05154542,1156072.52048382,0,0,0,759.709527013606,1926.93443083948,1109.12584858429,36.3392557359492,92.1712320022382,53.0529188089733,1.34940313836856e-07,3.82670112357441e-07,2.32167895574829e-07
2029,"asia","a3_1",8332.54763926867,15969.7251347789,11772.9958072853,822.64640079649,1576.64107936479,1162.31110180673,3404169.64982498,4582044.67059268,3987274.99521294,39887877.07013,48492219.359216,42175442.2996953,37391.2724519652,71585.2752389724,52702.1108512681,3691.52353343278,7067.39061986752,5203.11478350918,174200.48093018,333863.533607763,246126.589418226,781703.018777508,1496563.82585564,1101791.84731698,88168.0324778696,168796.953361645,124270.748666182,2159624.35117609,2908212.14871942,2530441.4269732,1732637.26759935,2333596.6515146,2030370.04880923,0,0,0,557.207846683173,1296.88604263232,800.26096902873,26.6529742206783,62.0340694539623,38.2789565945679,1.28571337095988e-07,3.31470957900564e-07,2.0827239978563e-07
2029,"east africa","a1",15633.6702019153,30377.3778870194,22435.6561736587,1543.46342554769,2999.06363170636,2215.00225378702,488210.178650919,775813.155474321,628628.241250639,8668494.35371676,11475639.1552645,9391639.60060223,8951.85638555908,17620.0582397266,12976.8351450081,883.788818838795,1739.57331181941,1281.16239929559,326837.959502683,635070.336997321,469040.474130253,187147.767416684,368365.445030632,271294.089284135,21108.3365925332,41547.8202604072,30599.1732160187,109648.845421111,169546.279505667,139496.483340156,47628.6531618542,75957.5588685331,61481.8739717124,0,0,0,491.967406451166,1281.92842478759,723.723426833776,23.5323222377602,61.3186003427657,34.6179292935721,5.27988960398266e-07,1.60695337666858e-06,9.30262529512279e-07
2029,"east africa","a3_1",7816.41025072871,15083.0222195734,11221.2982216261,771.689768637809,1489.09967026058,1107.84372246265,400697.345003526,573992.686688145,486530.437419931,5581024.42242094,7060996.11764258,5974369.2443787,16873.7575999212,32431.3396621064,24191.6395987004,1665.89338080351,3201.84486198531,2388.36501233414,163410.097820219,315326.096924767,234592.783803131,352763.262360841,678010.521022931,505751.114187816,39788.0550870463,76472.5889524824,57043.5057691926,253649.28203729,363716.378667557,308258.593426388,172521.215481862,247407.456910367,209527.217311437,0,0,0,172.087384627591,418.460208156337,246.960079741749,8.23147170931907,20.0162456554784,11.8128642266521,4.63926251045848e-07,1.2785898466426e-06,7.84783948106782e-07
2029,"west africa","a1",10282.1600327024,20136.1943112109,14929.7097642404,1015.12554257157,1987.98356672945,1473.96361043386,185855.171104941,299478.328895467,241349.126126738,5141222.92762533,6918538.16185224,5593486.64739543,5606.37746844847,11001.2938467108,8142.94886463391,553.500135323614,1086.12337773511,803.927906009414,214959.133777605,420967.858207691,312120.942318062,117207.088823265,229993.366004859,170236.723487078,13219.7499123992,25940.8778992864,19200.9453779619,64750.2577894607,104155.516951577,84052.9922337832,27817.085613612,45906.0749255492,36621.5708295858,0,0,0,467.328934147367,1234.0478679483,686.911675411447,22.3537879241122,59.0283252601267,32.8571093993124,5.38269851903758e-07,1.69903475635296e-06,9.68787505147382e-07
2029,"west africa","a3_1",4503.91865535347,8769.71120310204,6521.8208088483,444.657820358035,865.806193925311,643.878996833385,216400.506714705,325644.816775281,270532.706708132,4713626.03190642,6103624.65074039,5075182.13256065,11325.1284323042,22078.0511615393,16458.8100900337,1118.09455483782,2179.69702795904,1624.92690928648,94159.053125059,183339.834986319,136345.373663119,236763.461177954,461564.373447593,344088.357768334,26704.4747599372,52059.6974697596,38809.6153836271,158815.288907123,238954.751481192,198547.769553398,111352.284611372,167595.851804123,139245.372026371,0,0,0,213.498283766898,538.945292075469,308.356564344456,10.2122830596708,25.7794197650829,14.7496479261226,4.73944475349576e-07,1.39017164616002e-06,8.28959707130189e-07
2030,"americas","a1",1460.81635067858,2824.71441405897,2085.2863071635,144.221835282045,278.875230794063,205.873803485247,18532.3716466227,30243.6732916323,24303.2643487628,977469.558817535,1331503.0906988,1071377.94779059,455.220889829359,896.427245222802,657.975806483721,44.942536520363,88.501461831807,64.9598961143782,29637.2791749702,57308.2644099239,42306.6269873272,9235.59528333865,18186.8614178479,13349.1199342585,1041.67982639661,2051.29025939674,1505.6429508937,5603.78671857853,9165.10132516336,7342.58627547148,3657.92909644341,5983.49711417797,4809.0458989099,0,0,0,1090.40590190294,2924.96043228138,1628.29383274155,53.7459178007637,144.170792444844,80.2583206283929,4.96689424021447e-07,1.59968123385358e-06,8.96109057215636e-07
2030,"americas","a3_1",666.2283088636,1292.38213005819,961.348401715852,65.7746398967453,127.592850802996,94.9109248239971,21315.8326897576,31422.1892316974,26460.2848929183,302144.425259869,384430.542498968,323206.77977043,1219.36903465759,2369.46786688973,1760.91253036891,120.384495958525,233.930161204677,173.849393719466,13516.5480417075,26220.0583745416,19503.9923757898,24738.7568469326,48072.1485863101,35725.6791663127,2790.27644098594,5422.04220276284,4029.48788141489,18724.6487862292,27611.667141134,23262.4217206783,14979.7190289833,22089.3337129072,18609.9373765426,0,0,0,127.515730211812,315.270054899271,183.54505075997,6.28522822767927,15.5396063301634,9.04690372059309,4.41613694828681e-07,1.26542713507787e-06,7.56977305077232e-07
2030,"asia","a1",19935.9227061801,40808.0815522225,29559.7981876697,1968.21137673513,4028.85442312237,2918.34654178963,3132556.51727445,4458313.13813529,3803286.73597333,36147709.3790285,45572163.9108168,38643744.2930965,24077.9247322889,48953.9831175977,35813.8814759549,2377.13829877422,4833.07384005288,3535.7926495254,404463.234943411,827920.980619063,599713.982415923,488496.844188034,993186.353444816,726597.839043296,55097.4021963782,112021.169886288,81952.736950288,1277661.83883734,1807450.66452178,1545708.54476522,957987.626058976,1366072.09787642,1162053.14084079,0,0,0,738.40180261112,1892.69484050275,1079.01580896898,36.3956967931064,93.2906004471034,53.1845020953796,1.33214837920124e-07,3.83152894056423e-07,2.31698799862652e-07
2030,"asia","a3_1",7792.73231476393,15902.9087032362,11648.9115336657,769.352119980642,1570.04450178705,1150.06064906313,3402517.31414551,4647402.38007279,4026508.77537371,39052665.1367571,47773914.8969611,41341910.0706206,35737.1058533226,72436.3794644896,53255.5641120097,3528.21283212001,7151.41748153523,5257.75549517009,158100.217759191,322640.792398674,236335.007509608,725040.202752652,1469601.02111119,1080457.52669388,81777.0516532336,165755.827272455,121864.457493695,2159295.16652194,2950188.6154505,2555926.18484463,1732523.16451222,2367482.51304704,2050929.95175171,0,0,0,539.13055049779,1336.8154403169,776.292782922519,26.5736513351282,65.8914012155258,38.2633366413984,1.21134986645135e-07,3.35463074189924e-07,2.08361119455596e-07
2030,"east africa","a1",15829.0699196879,30819.2821108807,22988.2205200315,1562.75462933088,3042.69145539177,2269.55520570894,506668.833952671,795532.554362307,646914.764423135,8620097.14278843,11350062.8174276,9337262.83620581,9174.02942537758,17932.865712644,13297.1982791871,905.723269078163,1770.45581653202,1312.79085084362,321142.739175936,625266.596631427,466388.748299176,186124.197687825,363824.889614632,269775.716476707,20992.8884914903,41035.6924730391,30427.9164346284,113780.484038463,173152.246020543,143006.77420747,49607.790134734,77664.8871078648,63048.8990226293,0,0,0,480.687096023398,1237.1949435905,702.197759269378,23.6929835996623,60.9811242086016,34.611205775491,5.29824454271829e-07,1.57609328736745e-06,9.29829957558231e-07
2030,"east africa","a3_1",7182.09984401244,13826.0934809367,10330.9219150594,709.066283520993,1365.00702205006,1019.93965090359,430419.613818946,613975.270902333,522421.459906793,5832815.15893112,7365325.87429246,6241847.12862954,17998.8733425823,34708.1185426799,25920.8890939908,1776.97254365374,3426.62412909523,2559.08841350327,145711.607102857,280506.028155703,209595.420251976,365164.063122136,704163.941216523,525887.204223303,41186.737422933,79422.4248180802,59314.6488984626,270896.682302234,386627.953575996,328856.899159381,189234.963524643,270510.918683028,229954.105025455,0,0,0,168.053337485252,409.210384122618,240.803743498003,8.28331985993812,20.1699088659471,11.8691747555415,4.65534713051844e-07,1.28123084593398e-06,7.88211807635765e-07
2030,"west africa","a1",10663.0454145726,20524.9462810068,15296.4172463543,1052.72916658626,2026.36383439788,1510.16749469183,188907.491881862,306431.239786534,247196.327801132,5097716.63616267,6890213.91451037,5558248.87444599,5776.91245748451,11193.0662853646,8337.18163393144,570.336522106358,1105.0564715811,823.103900614753,216333.595705082,416413.440812662,310336.195303704,117202.937379706,227086.745140277,169146.09389639,13219.2816724132,25613.0410653056,19077.9336166365,65992.5334783689,106752.40391711,86081.0316141883,28241.1655581572,46852.2902389765,37517.1322863777,0,0,0,455.435222681399,1192.71565307926,666.681993807657,22.4483231419503,58.7887476931397,32.860639855217,5.41150573243304e-07,1.69611101368512e-06,9.68527151405242e-07
2030,"west africa","a3_1",4215.2863325171,8041.22488642644,5971.05366149688,416.162052699189,793.885015387018,589.503476757107,233453.612716718,349227.324070716,290246.167069319,4904720.58839903,6315122.48194208,5257089.09892629,12482.103808612,23776.8122303827,17635.2626032258,1232.31911980092,2347.41040201902,1741.07439113518,85520.413145166,163141.675376945,121141.705630764,253238.947589099,482387.824886654,357787.069437529,28562.7395818618,54408.3678710223,40354.688674048,169627.088958223,253585.215701058,210782.981061082,123535.668011438,184607.236294055,153467.260860453,0,0,0,206.281672281183,505.934142094299,298.100981947651,10.167587852267,24.9374061220191,14.6933457019307,4.92225218024012e-07,1.40171079845853e-06,8.36654957361824e-07
2031,"americas","a1",1466.20545489405,2835.23434220879,2097.73257609597,144.753884707779,279.913830440143,207.102584739661,18742.8264840609,30218.5696032664,24426.6342843651,960121.601475087,1293579.76405102,1047593.33035022,454.738097506626,898.06562045094,661.47026092776,44.8948719423945,88.6632135004359,65.3048926863256,28867.4688845095,55821.6714313882,41301.3262679807,8953.1367084718,17681.6156754024,13023.3945806321,1009.82141443671,1994.30375434408,1468.90449285076,5656.20706254088,9135.08093505435,7379.9024441225,3684.14425479161,6003.71029416688,4833.41469806007,0,0,0,1069.09960654433,2844.66986853277,1583.73458676871,54.3005582239156,144.483414715089,80.439345046656,4.97793178560295e-07,1.58775237632038e-06,8.96313014888927e-07
2031,"americas","a3_1",620.238621783129,1206.06605385456,897.941289321555,61.2342217451335,119.071134217165,88.6509386763937,22431.9622889658,33103.0921446544,27850.2408065874,307981.69113349,393430.07079392,330424.082918379,1281.03912673626,2496.74479114266,1854.25039884355,126.47299151614,246.495814372705,183.064349922875,12211.6031252859,23745.6995989866,17679.1677749414,25221.8111775953,49157.3007932096,36507.5136735004,2844.75998382943,5544.43617172944,4117.67074442832,19708.9099646142,29091.6897957318,24471.0508504899,15767.1279716913,23273.3518365855,19576.8406803919,0,0,0,123.353292745847,307.117919025841,178.198199727748,6.2652278738631,15.5988032748182,9.05085144590997,4.40345382386211e-07,1.26681018667464e-06,7.57732232331344e-07
2031,"asia","a1",20376.1422190945,40745.2331294041,29770.497525882,2011.67287417113,4022.64959465147,2939.14822930878,3179777.94428354,4501988.11343338,3828890.7479695,35284763.9075785,44633148.3898958,37737177.4049224,25047.6090531965,49344.7236291148,36103.3845500683,2472.87220286185,4871.65043023403,3564.37438373794,401176.826571385,802214.823051623,586138.121459153,493151.265097943,971526.377305097,710823.525206354,55622.3728362413,109578.148132652,80173.5571578565,1292630.05633186,1824433.64721973,1555956.98401724,969618.189595833,1374088.96933198,1169725.12038372,0,0,0,715.066603124299,1781.93249084586,1045.25317709724,36.3188944035203,90.5059999816312,53.0893760078738,1.37289778070947e-07,3.81738946788394e-07,2.32033307610182e-07
2031,"asia","a3_1",8163.56739237224,15904.665179717,11615.0792563351,805.963508848781,1570.21791322345,1146.72049400112,3457011.49237466,4689785.44205245,4072217.50060751,38409467.9520527,46794499.557046,40602168.9810493,38173.2632034618,74012.2006753694,54097.7820766847,3768.72703769398,7306.99338743462,5340.90504406206,160728.857541272,313139.898410212,228684.143756369,751576.447944502,1457193.39192111,1065107.2369203,84770.0662274573,164356.374760279,120133.103239213,2194581.91967199,2977877.0993743,2585499.64306985,1760841.53164841,2389917.53755618,2074780.98052577,0,0,0,518.96130099581,1225.84488802106,750.532968680581,26.358524657743,62.2617961020799,38.1202639261455,1.28189518672489e-07,3.37249660228822e-07,2.09235310558591e-07
2031,"east africa","a1",16410.2588921679,31745.2736459757,23482.9205454755,1620.13360117619,3134.11170721535,2318.39539397112,506394.195003304,815295.924706654,658763.259723968,8550927.91491408,11355842.4168833,9266265.03044783,9372.93892367991,18339.10243338,13571.7115521923,925.360982529869,1810.56229904523,1339.89268881504,323094.308764956,625018.612600689,462344.807067238,184539.63721973,361070.453733706,267207.409189974,20814.1664251067,40725.0205344972,30138.2378804585,114932.391095964,178025.954341783,146136.819877978,49707.3205680839,79516.9485301991,64394.9258985975,0,0,0,466.267525685993,1211.5562161825,682.763186854722,23.6821590537023,61.5360612384968,34.6781740017541,5.26492834055267e-07,1.59564264334044e-06,9.2869897973176e-07
2031,"east africa","a3_1",6522.67418140057,12617.6551123388,9354.35006135872,643.963247639868,1245.70167660847,923.525762217253,459287.915289364,662509.926555886,559836.941439475,6085504.47224539,7715315.01085143,6497910.73443039,19253.0244485303,37386.5863877539,27678.9385124462,1900.79096486514,3691.06089295064,2732.65514112677,128422.038907897,248423.415105376,184173.649354343,379064.258931439,736087.917040587,544958.343728184,42754.5360448188,83023.1198002752,61465.6765993482,287070.527472616,414373.341199932,350127.146132596,206398.264918206,298262.930720044,251811.824650293,0,0,0,162.772402089074,400.732624189879,234.760113055221,8.26736091078892,20.35358076913,11.9236833589457,4.64629900967515e-07,1.30234847571805e-06,7.90539631621822e-07
2031,"west africa","a1",10813.779363053,21435.2937262311,15714.5635177901,1067.61065848567,2116.23959409456,1551.44976994485,194733.435631559,317338.622372829,254636.469443383,5099128.88506263,6910645.89763344,5562617.46142082,5841.28629305172,11823.882593313,8592.72373014661,576.691949813156,1167.33499524078,848.332773560249,212907.705563978,422029.990822131,309397.071105723,115006.494995182,232795.180046047,169178.326328841,12971.5456411551,26256.8936053109,19081.5691023427,68059.0373354086,110095.701802282,88683.8533178335,29225.9302211969,48584.6540586634,38634.3814038578,0,0,0,431.256725091843,1183.06919930525,647.363704002841,21.9039280970251,60.0891792930731,32.8802015135701,5.30564426896695e-07,1.73729794840361e-06,9.68916370757053e-07
2031,"west africa","a3_1",3831.95437483706,7268.14933096154,5419.9238187122,378.316885896946,717.561680582446,535.092148893622,250113.550607758,375387.163748916,311583.394108651,5095569.64572471,6546767.87036338,5450954.92046029,13353.6550858495,25220.500699498,18879.414092186,1318.36465501636,2489.94125505514,1863.90558139628,75445.6500712324,143099.368481521,106710.476127912,262914.192140342,496555.252038069,371708.410335528,29654.007308011,56006.3074301752,41924.872243698,179809.669388804,269814.822384899,223965.918132392,135631.656188921,203483.097456577,168913.303005049,0,0,0,202.040780491964,490.260369035651,288.724792720998,10.261838183788,24.9007777673286,14.6645993711574,4.94919254910322e-07,1.40262204948297e-06,8.4295924351427e-07
2032,"americas","a1",1492.45991623053,2885.6000566867,2121.89723334232,147.345905666833,284.886280107701,209.488285868629,18888.7498794085,30976.1883727969,24724.726768097,943871.966790334,1288138.39964464,1029842.63428865,471.593270808831,927.426815741391,669.85908113197,46.5589305535346,91.5619525985412,66.1330947016852,28515.9416167451,55134.2128863207,40542.3937786859,9010.57779240037,17720.0396766973,12798.7775358486,1016.3001758483,1998.63758511193,1443.57000849566,5729.72224026783,9332.37356791087,7469.72433213982,3698.78257503278,6174.34350446265,4892.63905190869,0,0,0,1017.73202021962,2731.4605177367,1537.40191526307,53.2657930801119,142.958468293905,80.4641405324942,5.05330468585605e-07,1.61862438849748e-06,8.96765464623349e-07
2032,"americas","a3_1",572.624187353694,1116.61692644733,828.469997324474,56.5333973628353,110.240101272431,81.7922550187392,23690.1498413566,34490.7310794151,29142.1312142042,313100.737306077,398066.317868166,335693.092652815,1345.70299995822,2611.79991486322,1938.73206705907,132.857053734629,257.85484735031,191.404961138015,10940.9423444722,21334.8330072828,15829.3042365907,25711.9054005871,49902.8034702377,37042.7170830822,2900.03755386815,5628.52117928556,4178.03616513767,20812.8199900809,30286.9775741482,25592.0367910608,16650.2559920647,24229.5820593185,20473.6294328486,0,0,0,119.879296849764,295.805477048446,173.150843459272,6.27421137757945,15.4817899205198,9.06232369239809,4.44317362689522e-07,1.25489958405828e-06,7.57552860246068e-07
2032,"asia","a1",20926.632071719,41002.0854098164,30060.7038029449,2066.02101780518,4048.00781799025,2967.799388552,3187114.20204818,4537479.14844358,3850562.96690745,34445166.6371452,43424251.4974483,36779687.212198,25079.8947065011,49853.1220151502,36324.2393232921,2476.05966456483,4921.84301484906,3586.17868563416,399838.288387284,783413.384169256,574359.998068208,479193.313955798,952527.234625516,694035.314818922,54048.0600089098,107435.240930573,78280.0202990642,1299219.60487065,1835795.89006554,1565131.25401087,973755.191690425,1388179.84645765,1176718.556203,0,0,0,690.932989646615,1731.43675464444,1012.53840128219,36.1618706374178,90.6194853575397,52.9939708065057,1.36615921422537e-07,3.83715900131553e-07,2.3208430111025e-07
2032,"asia","a3_1",7936.74832574104,15654.7131931324,11550.1392865359,783.57037089457,1545.54093434045,1140.30917362998,3486237.70468614,4723139.47665688,4114698.68711276,37644113.3844642,45741615.1542896,39836178.2144279,37659.6046639112,74314.0859585676,54826.7870700771,3718.01513455305,7336.79757847291,5412.87742993247,151644.844476126,299109.465244291,220684.719219794,719549.701956563,1419894.84169769,1047557.41988219,81157.7798314792,160149.483257392,118153.665010847,2213176.3610585,3000224.92454722,2613059.91318165,1775788.89897833,2407837.286729,2096952.89364271,0,0,0,506.554213765772,1214.60688614512,726.582394177341,26.5119023458493,63.5697784738306,38.027679875446,1.25522604508042e-07,3.35780226402858e-07,2.09818331349779e-07
2032,"east africa","a1",16629.6168277206,32419.5723805206,24043.5322936335,1641.79012496468,3200.68311503075,2373.74284073433,522491.048099811,835664.211165397,672484.459378351,8505401.78154686,11334785.2439573,9228178.08480781,9593.83555268401,18888.8632774947,13917.2033957157,947.169416716541,1864.83846994624,1374.00201934435,317736.628911161,619430.125519011,459391.877590417,183306.266068411,360903.309073877,265911.436002208,20675.0548889931,40706.1683419864,29992.0654807559,118272.273364419,183332.767956976,149806.970586982,51258.7141433796,81906.3403695578,65959.2050018168,0,0,0,450.286587212514,1181.46545057114,663.077043743476,23.5669819802228,61.8352306610571,34.7039534047388,5.23301734850558e-07,1.59706605277592e-06,9.29009066880167e-07
2032,"east africa","a3_1",5938.74698553643,11598.6628348305,8592.915414429,586.313939552985,1145.09975198447,848.351697950701,491110.767445534,699145.273259829,595841.358693657,6289467.90298234,7895011.53568583,6715554.82070888,20252.5527819939,39665.5433524462,29379.0429776101,1999.47127509138,3916.05519550212,2900.50114450922,113469.68885027,221611.842725866,164182.013607686,386958.876711421,757876.513890988,561335.728480612,43644.9674492086,85480.6486425683,63312.8765666873,305338.546561516,434856.803112738,370469.011782024,224872.207734403,320678.419306238,273103.674354864,0,0,0,158.562504668034,389.827969869809,228.583171542614,8.29880302094572,20.4027146315437,11.9635264245269,4.65729238614288e-07,1.29906766764722e-06,7.93022953155828e-07
2032,"west africa","a1",11078.009028055,21628.0090343242,16027.0605922702,1093.69722796092,2135.26577449515,1582.3016299893,197961.703669441,321962.067365098,259098.348451709,5032115.92677647,6806036.56102671,5487397.39273023,6054.14212567241,11999.5228344091,8737.64202876403,597.706541289206,1184.67540761259,862.640104514511,211663.881380246,413239.267736529,306223.78475096,115674.505906452,229270.943127934,166947.257511315,13046.8903773345,25859.3960549729,18829.9275668249,69024.3780487086,112033.041527151,90222.1944199953,29950.360381589,49362.0796187538,39326.9798058594,0,0,0,419.359669231735,1124.19504196407,628.01810541859,21.9483370117622,58.8378269497935,32.8690478330159,5.40388981959863e-07,1.73844707821075e-06,9.68458158764045e-07
2032,"west africa","a3_1",3355.2239955965,6538.60639090228,4847.78385286227,331.25078467427,645.536184917964,478.606557207334,264838.29487597,398611.825009869,330867.909139217,5215098.19641569,6718634.02320698,5593289.37847675,13828.7788286914,27135.5884881422,19987.0396629824,1365.2721380459,2679.01189044076,1973.25799421079,64107.1633006951,124931.005563466,92625.0144579879,264221.936831524,518470.780118669,381885.804719422,29801.5074118039,58478.1528051641,43072.7772882283,188611.796077374,283889.937398766,235619.365357261,146800.891706938,220891.213730804,183338.783876766,0,0,0,192.186662865064,485.844347243984,279.84581372678,10.0586154444847,25.4279947523471,14.6464972233944,4.87117611684375e-07,1.4387004976619e-06,8.48276610569627e-07
2033,"americas","a1",1492.53569333957,2883.87823877252,2136.36480148211,147.353386904111,284.716290403322,210.916623680032,18925.3320207533,30876.8569716503,24860.7347918514,923786.657425763,1242417.99657123,1002739.46123366,459.489141442472,923.598939782195,673.963804921699,45.3639276697726,91.1840383618811,66.5383412598892,27674.5732348585,53472.824720693,39612.4423816639,8519.84039793335,17125.3569430213,12496.6262181751,960.950062705407,1931.5635105372,1409.49045839806,5723.47089578968,9340.36266968108,7511.05513613625,3729.99812498179,6135.29597003519,4919.31225978946,0,0,0,1000.20324584133,2703.91154983753,1487.82390673066,53.9426220720153,145.82644023151,80.2408140987107,4.91939293678583e-07,1.61370426546873e-06,8.97295776300735e-07
2033,"americas","a3_1",527.608061233206,1020.62057655428,762.575958264475,52.0890958437778,100.762681502641,75.2867423696199,24516.5607270236,36291.891903254,30571.162030556,319343.682505751,406660.199422222,341941.079168203,1409.24301822598,2721.22174615836,2035.75257394784,139.130161263972,268.65772296296,200.983492728926,9782.90033200436,18924.3305985237,14139.6713648517,26130.1617694276,50456.8506055924,37746.8920490021,2947.21255540477,5691.01197777398,4257.45983342851,21536.3402226456,31873.7721479922,26843.7046525136,17229.0721781165,25499.0177183937,21474.9637220109,0,0,0,117.353053993699,288.56641059265,167.967897250446,6.3290450884851,15.5628657415361,9.05878764069644,4.42132488016405e-07,1.26354882864312e-06,7.58372437895682e-07
2033,"asia","a1",20758.6572159412,41022.6922127065,30330.303264621,2049.43738498217,4050.04226327197,2994.41610127972,3207322.13427239,4543004.34321943,3875297.91512727,33669366.8028846,42317462.0708193,35954310.2702864,25160.1429530574,50741.5263803283,36657.3793528849,2483.98232328312,5009.5524027944,3619.06856015636,384906.693986303,760642.110602653,562384.003731327,466518.972953955,940848.580122642,679700.548554048,52618.5251571273,106118.009239287,76663.206615038,1308446.47780618,1839937.75977312,1574792.27534694,978385.845237116,1389914.1394072,1184000.86860466,0,0,0,663.546590035922,1681.92454827356,980.820530681412,35.7861695433453,90.7089840373888,52.897280054832,1.36744532902895e-07,3.87799785784165e-07,2.32775966244875e-07
2033,"asia","a3_1",7706.78368316037,15840.514810024,11400.9617633047,760.866680052421,1563.88454760439,1125.58134273376,3533622.3074201,4788170.26560993,4147868.01008123,36749330.2253419,45055880.3840109,38977469.4366918,37258.2280129741,76247.595590511,55136.4032337545,3678.38847155012,7527.68694490481,5443.44486665221,142899.061239609,293714.575232026,211396.452811406,690841.474912397,1413781.7122685,1022338.31727338,77919.7881215706,159459.98535204,115309.210525621,2243664.77200657,3041874.32298128,2634716.55981608,1800429.06978863,2441296.54603478,2114449.06716174,0,0,0,481.973627374492,1209.28672099815,706.928039383421,25.9936381312893,65.218841109278,38.125803149633,1.22484442343621e-07,3.39835061555656e-07,2.09268822592451e-07
2033,"east africa","a1",17173.6534210609,33140.0610804618,24608.9202385363,1695.50115846707,3271.81471385029,2429.56182648318,543342.067970915,844162.366338946,689128.199480694,8454055.28862051,11186383.9656689,9160590.03889535,9890.7792871315,19252.1718084604,14233.3643927062,976.485744082146,1900.70678637435,1405.2156070136,318433.610286261,614482.488741569,456298.210093939,183394.673208171,356973.465372326,263914.817596765,20685.0263018986,40262.9225327874,29766.8675319335,122093.329714628,186026.473120101,153282.290893707,53142.5018411737,82768.8570578392,67497.7631838754,0,0,0,439.12216100759,1130.99116267037,643.599769256919,23.6825873872807,60.9962316243027,34.7104043733224,5.31686653046736e-07,1.57684059018285e-06,9.28572003309652e-07
2033,"east africa","a3_1",5732.90596038749,11028.787025928,8226.5632981432,565.9918981071,1088.83769344125,812.182897850912,513608.155193026,732947.234755216,621691.619066461,6362901.80539208,8058042.32364351,6802533.72128186,21303.6262323505,40816.8458220967,30475.1760497144,2103.24047370163,4029.71969211089,3008.71893882593,106299.451703098,204495.594713566,152536.806644976,395011.500874775,756825.310081578,565070.232622669,44553.2203428421,85362.0837024535,63734.0900896957,317753.018990222,454283.567092305,385105.040339466,238035.383018708,340618.387257153,288604.421856267,0,0,0,155.889110910854,378.247451197158,223.215567653648,8.40735863432769,20.3995131934096,12.0383862545885,4.6894996375737e-07,1.28454627911349e-06,7.91347109423728e-07
2033,"west africa","a1",11517.1399825508,22050.0010462355,16394.8489788922,1137.05125542448,2176.92772769272,1618.61222857304,203283.116918017,330755.151793935,265167.398733214,5002940.62501616,6776426.73423455,5448960.40843761,6253.03540647896,12217.9323960511,8937.78073352638,617.34265363821,1206.23830140723,882.399173680452,213550.627516351,408850.770876617,303993.030629365,115943.683671352,226544.709370738,165724.189090336,13077.2508510027,25551.9050249106,18691.9780723581,71029.3464261655,114770.857833799,92317.029767602,30571.2415077318,50927.3947635707,40266.6695990051,0,0,0,409.475225663642,1083.70196132478,609.654742143997,22.0836789299232,58.4458464632077,32.8796926890823,5.44827800758801e-07,1.72012456974408e-06,9.68161644284511e-07
2033,"west africa","a3_1",3280.81522829094,6393.66044309879,4713.27777635125,323.904639502156,631.226124245927,465.327192417917,274763.40292674,412027.793310199,343312.187565385,5235860.97774731,6711121.35460871,5617855.68663856,14394.3718870475,28138.1659287041,20693.7938398402,1421.11137400531,2777.99322948659,2043.0336264676,60832.8241063509,118551.150877635,87393.5220309584,266900.216011956,521737.427897715,383703.998291869,30103.5896605515,58846.5969592204,43277.8507574305,194874.9977768,292134.682963993,243418.478114226,153527.638043032,230121.133791139,191746.873835216,0,0,0,186.07683923017,466.232316857644,271.475386781081,10.0354329549341,25.1446831137375,14.6411184445497,4.92730672750066e-07,1.44390846695132e-06,8.50132413946382e-07
2034,"americas","a1",1474.58566859949,2918.07410742982,2144.43550456413,145.581237030398,288.092341701302,211.713418985591,19294.4209710108,30957.3028436875,24978.2407918189,898954.631912884,1211483.31579409,979304.657357084,464.667892388208,923.088182632803,676.875527111122,45.8752095742473,91.1336129039278,66.8258064965666,26533.6734993489,52507.783889548,38586.9418984368,8361.22743141079,16610.0355989141,12179.6885854207,943.060157143007,1873.44058160847,1373.74316457048,5808.32126882601,9340.94002826261,7546.62111929281,3797.44752256973,6140.09281666581,4942.49927661665,0,0,0,973.855638958473,2607.20255399518,1446.80169120121,54.1211743081185,144.892998753136,80.4047369921534,4.97453030404088e-07,1.58925124818273e-06,8.96925281409319e-07
2034,"americas","a3_1",487.691649363244,932.910082268822,690.757929555236,48.1482731831568,92.1032983752087,68.1963727266639,26094.1620892361,37912.5817159735,31879.8209767423,322966.394198401,412399.714220526,346175.33046278,1499.41331737903,2859.28294680213,2121.32456516048,148.032393242512,282.288074053183,209.431748127828,8775.51658619701,16786.7707209454,12429.488337095,26980.4218575493,51449.8965833296,38171.0839842729,3043.11311771984,5803.01731472929,4305.30430559684,22928.7149765203,33257.2286996676,27984.8894262029,18342.9719812163,26605.7829597341,22387.9115409624,0,0,0,112.953632154388,275.040717219585,163.188291008449,6.27729919097731,15.2851470002176,9.06904636518602,4.50853356098795e-07,1.24703148420228e-06,7.58024994436544e-07
2034,"asia","a1",20789.0578645629,41898.6886144387,30402.649791007,2052.43874606082,4136.52665174394,3001.55864784749,3225365.93994192,4558696.12946909,3888293.31679966,32755875.5982617,41208489.4785754,35008212.050027,25002.2624167563,49984.9732743479,36708.6624455206,2468.39527109132,4934.86027781775,3624.1315797039,374078.010849843,753924.405627976,547064.846924625,449890.353499318,899428.89652175,660535.14873255,50742.9885083992,101446.296426079,74501.5473233088,1317144.32866102,1843756.03175114,1580736.01557248,985543.256578698,1396329.30042772,1188569.75872375,0,0,0,655.31445657633,1648.19042339776,953.677135525784,36.4185270508147,91.5967394233936,52.9997716506102,1.35605047447682e-07,3.79495034725327e-07,2.32225128572314e-07
2034,"asia","a3_1",7807.27110455899,15174.8077825243,11292.0723265558,770.7874892836,1498.16137218843,1114.83102877166,3560074.16526736,4797718.96114833,4186311.03301008,36075815.0232819,43789375.2447531,38192267.0447154,38677.1436418838,74761.9053256673,55709.9330826329,3818.47357945344,7381.00938577364,5500.06767714845,140483.92495637,273055.274909388,203189.388466275,695955.971317593,1345264.65863766,1002443.74169802,78496.6505288138,151731.968874301,113065.307734758,2261919.65929731,3049345.71850068,2659678.83848506,1815242.87288201,2447541.01921556,2134614.73353959,0,0,0,482.542745080313,1132.17707207657,685.555787476283,26.8168904844461,62.9197493080639,38.0991625325748,1.26837516019341e-07,3.30524141378624e-07,2.09461128451002e-07
2034,"east africa","a1",17599.1367146855,33985.4020328588,25198.4774266075,1737.50779500279,3355.27258556505,2487.76696611477,544935.356686223,858438.960427098,699609.695360561,8398781.35022668,11103631.2858919,9116077.71360658,10118.7847170295,19687.4987152584,14553.8617523833,998.996007975953,1943.68525209108,1436.85731022579,316678.615153896,611532.839689429,453421.043589373,182077.267946638,354256.571220889,261881.980895128,20536.4365854779,39956.4849138596,29537.5845331132,124162.817432397,190112.87540134,156737.583954945,53788.240970217,84156.9962903613,68923.6278555469,0,0,0,426.604794834468,1097.3285425477,626.368304763767,23.7081878856379,60.9830727971274,34.8098700126191,5.3225141620041e-07,1.585619521398e-06,9.28549578546963e-07
2034,"east africa","a3_1",5587.52863231038,10752.6037704678,7991.67385982909,551.639248608112,1061.57098331843,788.99299730914,532573.868820384,765085.73353269,646488.69745887,6463427.34557022,8160102.53406637,6888537.39823838,22134.6811746289,42593.0391374468,31615.0427774644,2185.28793226131,4205.07771000034,3121.25442035766,100541.910554981,193482.198958595,143802.065505887,398291.137508204,766418.539040446,568880.629039282,44923.1295056134,86444.1009162745,64163.8634779818,328702.598484353,472714.120319333,399387.70009204,249057.276710387,358711.892915079,302869.526476648,0,0,0,151.748442385454,368.656881465255,217.887967026526,8.4332867960924,20.4877833464178,12.1089329581703,4.6824666797929e-07,1.29579258983176e-06,7.91587792267481e-07
2034,"west africa","a1",11710.3005808041,23017.063617736,16878.0936280625,1156.12139793167,2272.40279465071,1666.32146331784,207198.219889291,340291.969310702,272920.188061644,4984954.03810999,6792100.46332122,5448162.96759485,6318.46357564333,12622.3241049891,9209.6011963989,623.80217240773,1246.16263166872,909.235158918761,210714.981711032,414168.714610386,303704.176132263,113694.343505236,227125.920003572,165717.432637569,12823.5484959446,25617.4595855573,18691.2160142201,72306.7601402244,118739.390759868,95040.0405458144,31192.2306464449,52099.1823468784,41420.0534850074,0,0,0,394.931551166527,1074.96076886534,591.574255107286,21.9479751057545,59.7400033626865,32.8762211728817,5.32128684104623e-07,1.74566307223704e-06,9.69023281504112e-07
2034,"west africa","a3_1",3258.79401715357,6298.16918772919,4684.29553623201,321.730554112237,621.798570880719,462.465866380157,283023.580182559,427674.391653758,354683.812644719,5213294.38984661,6754452.43438223,5612641.72688502,14849.2765151255,28644.9004894363,21336.7783262749,1466.02268699084,2828.02154982658,2106.51347638057,58638.6930878749,113329.166578422,84289.1471004767,267197.66992453,515435.931050323,383933.685029683,30137.1393918363,58135.8531532555,43303.7570508346,200232.958302024,302447.50669678,250790.296078249,158687.44505257,239602.633457282,198699.207466234,0,0,0,181.997294484202,454.867442700129,263.050102553364,10.1143402618892,25.2788597905439,14.6187790905898,4.9097037291872e-07,1.43057869854919e-06,8.50781655428074e-07
2035,"americas","a1",1499.36960186216,2880.35252392589,2154.78924047606,148.028077346082,284.368207589472,212.735610991144,19116.1627593849,31415.6634340678,25100.4819511377,881947.209423936,1194968.30617202,957974.811789372,465.045138972378,927.479842722296,680.07400559946,45.9124539511312,91.5671877867304,67.1415822869211,26182.2665165536,50297.243154319,37627.3242508573,8120.70336472104,16195.8228316268,11875.5768047258,915.931524894951,1826.72165659261,1339.44249447822,5786.86186290341,9489.2533776366,7583.1038567516,3756.72357810207,6222.25981779988,4967.13711881724,0,0,0,950.907145146448,2569.57487785503,1408.63318389144,54.4552270417339,147.150838111308,80.6676448261573,4.90075583889828e-07,1.60273368311743e-06,8.96828025102093e-07
2035,"americas","a3_1",428.231342337588,830.468332728466,620.678458868702,42.277942801319,81.9895444311549,61.2776454867126,26550.1381838885,39697.3732114271,33285.2176287396,326730.098304915,419166.955549291,350862.843835631,1526.98884330696,2960.36548480302,2216.67794299266,150.75483878219,292.267637287593,218.845689274442,7477.85410741906,14501.7900816783,10838.400892616,26664.5587676401,51694.4441272224,38708.0361057868,3007.48702123472,5830.59975367911,4365.8669629635,23339.067253192,34822.037681568,29222.9871231016,18671.2538025536,27857.6301452544,23378.3896984813,0,0,0,110.368162303667,274.505578339074,158.283184503538,6.32041032302847,15.7200034398465,9.06434113259435,4.38512202321585e-07,1.26841636501053e-06,7.58539136897581e-07
2035,"asia","a1",21030.7826251546,41524.3264450491,30564.0308622677,2076.30347662018,4099.56704412149,3017.49129692154,3215746.44188807,4595113.42888507,3907362.48205622,31958062.5622702,40356567.0654696,34134856.5145776,25557.3508247874,49908.9774856618,36859.9722441964,2523.19741573657,4927.35745098197,3639.06992349437,367243.376856271,725105.391328721,533714.703074012,446287.139555574,871519.702997419,643655.584248025,50336.5831647004,98298.4274502978,72597.7066652398,1312920.83882897,1864876.71796707,1588492.4285816,987540.469137634,1401072.4074629,1194436.50988896,0,0,0,640.326934597114,1579.0590872325,926.068426976424,36.6693517683614,90.4273582825126,53.0327978968083,1.37045792778451e-07,3.80136989296148e-07,2.32043738962668e-07
2035,"asia","a3_1",7699.77515765771,15224.3027654183,11271.6771221748,760.174750221443,1503.04785724653,1112.81747394979,3578251.94953846,4853368.47434438,4222225.27599307,35346512.8109215,43021077.6056112,37399999.1118958,38439.4850256148,75982.3040970398,56372.3403429005,3795.01028662201,7501.49554442154,5565.46507685278,134454.883602386,265849.562401313,196828.089708365,671237.3256399,1326816.90621163,984384.128627528,75708.6424201485,149651.252801865,111028.369775599,2273488.31636293,3084624.63577483,2683023.26628395,1824524.31751773,2475846.48964424,2153405.19429795,0,0,0,465.194011039455,1119.18974921083,663.445918413177,26.6400832288488,64.0922010178718,37.9932975596026,1.24616410631627e-07,3.34210224658619e-07,2.10107534479108e-07
2035,"east africa","a1",18029.293101967,34693.6433134509,25692.0751050695,1779.97579147833,3425.19503492842,2536.49832310272,559544.77237147,878221.224338244,715755.967616445,8358139.3678067,11015609.1315257,9045109.16844744,10321.5974082427,20183.0530700962,14858.2551167381,1019.0190714717,1992.60978562571,1466.9091162824,314830.817241124,605826.75181281,448639.71960536,180237.623787723,352440.168149804,259457.571338135,20328.9437115158,39751.6133947311,29264.1361576741,126787.636469885,194314.268421249,160232.592305516,54985.5062918377,86529.1730859678,70464.8109746219,0,0,0,414.116701709037,1067.23879026019,608.759850829184,23.7150589607428,61.1171457991449,34.8616119460222,5.3118062261217e-07,1.59187864306392e-06,9.27292937282561e-07
2035,"east africa","a3_1",5370.68613231163,10349.2467019114,7734.70408593559,530.23106591462,1021.74879987,763.623174205971,548716.966952765,792800.871869465,672006.898059932,6537621.36239331,8249105.08743305,6961326.96089423,22772.4447900632,43813.9973503149,32757.1467912488,2248.25234188837,4325.61910055962,3234.01078215117,93783.9045945047,180720.440816246,135064.818943327,397656.600471582,765088.043906453,572011.294977015,44851.5602770068,86294.0347973424,64516.970283821,337627.621905029,488572.414599243,413911.737973056,258971.88303172,375295.157282242,317781.202069918,0,0,0,149.213077047541,362.240644932097,212.513226663379,8.54492684137757,20.7442931354601,12.1699117168201,4.6610173046185e-07,1.29770180245025e-06,7.9140415180449e-07
2035,"west africa","a1",12005.8011908205,23249.5036418344,17316.1773099927,1185.29525012996,2295.35087217798,1709.57209683227,213266.686416304,349778.475180993,280188.345545234,4967398.62594999,6743979.72537138,5429074.5999227,6485.48589235858,12870.4856799058,9452.03686128876,640.291764024461,1270.66284880029,933.170074838888,209647.498610364,405987.089488861,302378.258712896,113250.742120015,224746.777479192,165053.198303604,12773.5148381489,25349.116864191,18616.2972369822,74165.7289649845,121391.382543055,97554.1286640403,32137.3468688469,53696.5880860603,42540.0441085765,0,0,0,385.952694365326,1039.85728090433,574.3814459884,22.1022017831152,59.5490996273085,32.8928773009069,5.34262462169284e-07,1.73536832436209e-06,9.68901776965274e-07
2035,"west africa","a3_1",3244.12231994914,6370.54231968408,4668.9512594546,320.282063275902,628.943744133191,460.950973863459,289447.025431602,439958.404259426,364837.019433796,5186982.75141741,6716715.19540995,5578473.27909766,15238.2308474029,29909.3206595454,21916.2864411317,1504.42293327497,2952.85380366605,2163.72650240309,56649.4579373346,111243.576408244,81530.0817597054,266092.777119106,522282.033639141,382706.206623223,30012.518887101,58908.0228659193,43165.3101555216,204244.733894681,310507.288241692,257504.841319246,162385.635468391,246850.597000652,204719.401889325,0,0,0,173.423623039128,440.780512033962,254.535516045646,9.9313826961952,25.2420049432739,14.5763857041119,4.90752759257031e-07,1.46438638045709e-06,8.511019182727e-07
